uid,gloss,max_abs_motion,signed_motion,sequence_index,frame_number,previous_frame_number,track,landmark_index,landmark_name,coordinate,previous_state,current_state,previous_scale,current_scale
r7VLa40tjvM,area,11.130908012390137,-11.130908012390137,43,43,42,0,4,THUMB_TIP,X,ORIGINAL,ORIGINAL,16.295637130737305,2.3451688289642334
xnQ61pjVinc_1,applicant,6.761682510375977,6.761682510375977,18,18,17,0,4,THUMB_TIP,Y,ORIGINAL,ORIGINAL,11.342896461486816,3.1470108032226562
YhVonZ8wM4s,reservation,4.837480545043945,-4.837480545043945,68,68,67,1,4,THUMB_TIP,X,ORIGINAL,ORIGINAL,14.875143051147461,10.148305892944336
aW8jBRmN24M_1,tour,4.479213237762451,4.479213237762451,18,18,17,0,8,INDEX_TIP,Y,ORIGINAL,ORIGINAL,19.063446044921875,21.68097496032715
QVZZq9BDyhA_2,interference,3.974729537963867,3.974729537963867,69,69,68,1,4,THUMB_TIP,Y,ORIGINAL,ORIGINAL,5.802546977996826,15.978723526000977
xEKHtFeWzSM_2,lubrication oil,3.9064958095550537,3.9064958095550537,30,30,29,0,8,INDEX_TIP,X,INTERPOLATED,INTERPOLATED,6.900819301605225,2.3883280754089355
mUes7TvTZ0Y,catch,3.901904582977295,-3.901904582977295,15,15,14,1,4,THUMB_TIP,Y,ORIGINAL,ORIGINAL,30.533823013305664,10.36016845703125
FLG6F5h_LiY_1,tuesday,3.685185432434082,3.685185432434082,23,23,22,0,8,INDEX_TIP,X,ORIGINAL,INTERPOLATED,23.977046966552734,5.291546821594238
5NwQvEmIQdY,manner,3.6802687644958496,-3.6802687644958496,35,35,34,0,16,RING_TIP,X,ORIGINAL,ORIGINAL,8.967735290527344,27.610374450683594
6nV_USsOh4w_2,mathematical,3.615377902984619,3.615377902984619,3,3,2,0,4,THUMB_TIP,Y,ORIGINAL,ORIGINAL,18.381906509399414,10.380067825317383
L42e09-GlGE_1,australia,3.6144843101501465,-3.6144843101501465,65,65,64,0,4,THUMB_TIP,X,ORIGINAL,ORIGINAL,31.350706100463867,13.84368896484375
aSHLJIU6ZeE_1,sandwitch,3.5864038467407227,-3.5864038467407227,22,22,21,1,12,MIDDLE_TIP,X,ORIGINAL,ORIGINAL,20.61985206604004,23.297420501708984
6sQeR9LXn-U_2,yellow,3.557799816131592,-3.557799816131592,85,85,84,0,8,INDEX_TIP,X,ORIGINAL,ORIGINAL,18.525569915771484,7.064398765563965
zZRHcEnMUnw_1,lizard,3.3449907302856445,3.3449907302856445,38,38,37,0,8,INDEX_TIP,Y,ORIGINAL,ORIGINAL,31.176254272460938,25.518917083740234
5anbkZmuIaQ,age,2.996469497680664,2.996469497680664,38,38,37,0,8,INDEX_TIP,Y,ORIGINAL,ORIGINAL,30.05710792541504,12.385791778564453
CX_0sOJ8AiI_1,bus,2.9243252277374268,-2.9243252277374268,18,18,17,1,8,INDEX_TIP,Y,INTERPOLATED,ORIGINAL,7.724964141845703,29.403379440307617
m40rLzSro7M_1,annual,2.872918128967285,2.872918128967285,34,34,33,0,8,INDEX_TIP,Y,ORIGINAL,ORIGINAL,8.985984802246094,19.701366424560547
o4AfySvjYxo_1,kurta,2.8402576446533203,2.8402576446533203,9,9,8,0,8,INDEX_TIP,X,ORIGINAL,ORIGINAL,26.031402587890625,28.06807518005371
6RFwCF9xelU_1,thursday,2.7367324829101562,-2.7367324829101562,63,63,62,0,8,INDEX_TIP,X,ORIGINAL,ORIGINAL,24.855270385742188,26.229394912719727
ZRmC8bZ5OgY_1,notification,2.666097402572632,2.666097402572632,85,85,84,0,4,THUMB_TIP,Y,ORIGINAL,ORIGINAL,11.94509220123291,28.285839080810547
3wKsYea6rfs_1,wood,2.5831570625305176,2.5831570625305176,33,33,32,0,8,INDEX_TIP,X,ORIGINAL,ORIGINAL,20.57693099975586,23.547883987426758
4RBAWNsG8Hk_1,geometry,2.3680930137634277,2.3680930137634277,52,52,51,0,16,RING_TIP,X,ORIGINAL,ORIGINAL,18.667802810668945,15.664682388305664
UXoDCHd7VuQ_1,monday,2.3569862842559814,2.3569862842559814,27,27,26,0,20,PINKY_TIP,X,ORIGINAL,INTERPOLATED,16.549663543701172,4.153774261474609
VIDtd_VYM2Y,copy,2.34623122215271,-2.34623122215271,41,41,40,0,12,MIDDLE_TIP,Y,ORIGINAL,ORIGINAL,11.660887718200684,25.106334686279297
s-570A5kLxo,goat,2.3456737995147705,-2.3456737995147705,47,47,46,0,4,THUMB_TIP,X,ORIGINAL,ORIGINAL,27.980880737304688,26.241146087646484
W2nI_GK8rY4_1,district,2.3239359855651855,2.3239359855651855,15,15,14,0,4,THUMB_TIP,X,ORIGINAL,ORIGINAL,25.23482322692871,23.462753295898438
8Dx2cvy46lU,yardstick,2.158808708190918,-2.158808708190918,90,90,89,0,12,MIDDLE_TIP,X,ORIGINAL,ORIGINAL,23.28162384033203,19.626848220825195
R_GaklgD4bY=-,nan,2.1393239498138428,2.1393239498138428,52,52,51,0,8,INDEX_TIP,Y,INTERPOLATED,ORIGINAL,12.657647132873535,15.122615814208984
F_ssKRakSBs,goal,2.0991005897521973,-2.0991005897521973,53,53,52,1,8,INDEX_TIP,Y,INTERPOLATED,INTERPOLATED,18.424453735351562,6.810746192932129
oj-FbF4iU5M_2,negative,2.055026054382324,2.055026054382324,50,50,49,0,18,PINKY_PIP,Y,ORIGINAL,ORIGINAL,21.202831268310547,15.52246379852295
eEoggrLYiEs_2,direct current,2.04286527633667,2.04286527633667,19,19,18,1,8,INDEX_TIP,Y,ORIGINAL,ORIGINAL,12.93029499053955,13.994046211242676
SKzJwTW4NQ8,dairy science,2.0367918014526367,2.0367918014526367,149,149,148,0,4,THUMB_TIP,Y,ORIGINAL,ORIGINAL,19.62553596496582,25.311853408813477
N0lQZi87koY,meeting,2.018054485321045,2.018054485321045,13,13,12,0,4,THUMB_TIP,X,ORIGINAL,ORIGINAL,24.256019592285156,32.28318786621094
m7cfsP8_omM_1,mother,1.8811365365982056,1.8811365365982056,76,76,75,0,20,PINKY_TIP,Y,ORIGINAL,ORIGINAL,21.454605102539062,13.210859298706055
nHdz1IK9ydw,weak,1.8721271753311157,1.8721271753311157,65,65,64,0,4,THUMB_TIP,X,ORIGINAL,ORIGINAL,26.179555892944336,15.453605651855469
SjfLsGRnuGo,name,1.5597379207611084,1.5597379207611084,51,51,50,0,9,MIDDLE_MCP,Y,ORIGINAL,ORIGINAL,19.038795471191406,15.110132217407227
FPuKLNX3uKI,star,1.4647116661071777,-1.4647116661071777,25,25,24,0,4,THUMB_TIP,Y,ORIGINAL,INTERPOLATED,7.955981731414795,14.107248306274414
T4-Q9pABqYs,waterfall,1.445928931236267,-1.445928931236267,68,68,67,1,20,PINKY_TIP,X,ORIGINAL,ORIGINAL,32.19498062133789,25.911893844604492
tx2Z3baCxLA_1,interest,1.4304683208465576,-1.4304683208465576,80,80,79,0,4,THUMB_TIP,X,ORIGINAL,ORIGINAL,20.791301727294922,21.22454071044922
z1VPeFV_ew4,pencil,1.4274119138717651,1.4274119138717651,9,9,8,0,8,INDEX_TIP,X,ORIGINAL,ORIGINAL,21.66160774230957,30.250316619873047
SdsEu8iuUpE,christmas,1.2856183052062988,-1.2856183052062988,67,67,66,0,20,PINKY_TIP,X,ORIGINAL,ORIGINAL,25.561140060424805,28.04174041748047
SWi723tppLE_1,weak,1.2726988792419434,-1.2726988792419434,22,22,21,0,12,MIDDLE_TIP,Y,ORIGINAL,ORIGINAL,22.844470977783203,27.924962997436523
mWBceiU6iR4_1,quran,1.2323133945465088,-1.2323133945465088,20,20,19,0,16,RING_TIP,Y,ORIGINAL,ORIGINAL,29.65325927734375,25.675622940063477
rBD74wqvKeI_1,chalk,1.1235994100570679,1.1235994100570679,28,28,27,0,8,INDEX_TIP,Y,ORIGINAL,ORIGINAL,31.333229064941406,32.84626007080078
5pYCIsZH-H4,pencil,1.082600474357605,-1.082600474357605,38,38,37,0,8,INDEX_TIP,X,ORIGINAL,ORIGINAL,27.388336181640625,32.358795166015625
YVKW4zFBxRs_1,wednesday,1.001562237739563,1.001562237739563,44,44,43,0,16,RING_TIP,X,ORIGINAL,ORIGINAL,26.362712860107422,20.593618392944336
7kqD46WoJWQ_1,brave,0.9219461679458618,-0.9219461679458618,26,26,25,0,16,RING_TIP,X,ORIGINAL,ORIGINAL,14.36590576171875,23.245101928710938
D19X5MhzZcE,english,0.9006997346878052,-0.9006997346878052,22,22,21,0,8,INDEX_TIP,X,ORIGINAL,ORIGINAL,27.448646545410156,27.805112838745117
rztToJBqL3k_1,wednesday,0.871349573135376,0.871349573135376,45,45,44,0,12,MIDDLE_TIP,Y,ORIGINAL,ORIGINAL,27.896160125732422,28.51971435546875
mmXQw0IktO0_1,good,0.6030253171920776,-0.6030253171920776,34,34,33,0,12,MIDDLE_TIP,Y,ORIGINAL,ORIGINAL,33.41798400878906,35.156349182128906
