uid,gloss,status,trainable,finite,correct_shape
3wKsYea6rfs_1,,FAILED,False,False,False
4RBAWNsG8Hk_1,,FAILED,False,False,False
5NwQvEmIQdY,,FAILED,False,False,False
5anbkZmuIaQ,,FAILED,False,False,False
5pYCIsZH-H4,,FAILED,False,False,False
6RFwCF9xelU_1,,FAILED,False,False,False
6nV_USsOh4w_2,,FAILED,False,False,False
6sQeR9LXn-U_2,,FAILED,False,False,False
7kqD46WoJWQ_1,,FAILED,False,False,False
8Dx2cvy46lU,,FAILED,False,False,False
CX_0sOJ8AiI_1,,FAILED,False,False,False
D19X5MhzZcE,,FAILED,False,False,False
FLG6F5h_LiY_1,,FAILED,False,False,False
FPuKLNX3uKI,,FAILED,False,False,False
F_ssKRakSBs,,FAILED,False,False,False
L42e09-GlGE_1,,FAILED,False,False,False
N0lQZi87koY,,FAILED,False,False,False
QVZZq9BDyhA_2,,FAILED,False,False,False
R_GaklgD4bY=-,,FAILED,False,False,False
SKzJwTW4NQ8,,FAILED,False,False,False
SWi723tppLE_1,,FAILED,False,False,False
SdsEu8iuUpE,,FAILED,False,False,False
SjfLsGRnuGo,,FAILED,False,False,False
T4-Q9pABqYs,,FAILED,False,False,False
UXoDCHd7VuQ_1,,FAILED,False,False,False
VIDtd_VYM2Y,,FAILED,False,False,False
W2nI_GK8rY4_1,,FAILED,False,False,False
YVKW4zFBxRs_1,,FAILED,False,False,False
YhVonZ8wM4s,,FAILED,False,False,False
ZRmC8bZ5OgY_1,,FAILED,False,False,False
aSHLJIU6ZeE_1,,FAILED,False,False,False
aW8jBRmN24M_1,,FAILED,False,False,False
eEoggrLYiEs_2,,FAILED,False,False,False
m40rLzSro7M_1,,FAILED,False,False,False
m7cfsP8_omM_1,,FAILED,False,False,False
mUes7TvTZ0Y,,FAILED,False,False,False
mWBceiU6iR4_1,,FAILED,False,False,False
mmXQw0IktO0_1,,FAILED,False,False,False
nHdz1IK9ydw,,FAILED,False,False,False
o4AfySvjYxo_1,,FAILED,False,False,False
oj-FbF4iU5M_2,,FAILED,False,False,False
r7VLa40tjvM,,FAILED,False,False,False
rBD74wqvKeI_1,,FAILED,False,False,False
rztToJBqL3k_1,,FAILED,False,False,False
s-570A5kLxo,,FAILED,False,False,False
tx2Z3baCxLA_1,,FAILED,False,False,False
xEKHtFeWzSM_2,,FAILED,False,False,False
xnQ61pjVinc_1,,FAILED,False,False,False
z1VPeFV_ew4,,FAILED,False,False,False
zZRHcEnMUnw_1,,FAILED,False,False,False
