epoch,train_loss,train_top1,train_top5,val_loss,val_top1,val_top5,learning_rate,seconds,best
1,5.344260637984316,0.6837606837606838,4.273504273504273,5.2994222302007445,2.843601895734597,9.47867298578199,0.0003,0.2639460563659668,True
2,5.082418101058047,12.478632478632479,24.957264957264957,5.216681206960813,11.374407582938389,19.90521327014218,0.0003,0.13208627700805664,True
3,4.865152766561915,28.54700854700855,47.863247863247864,5.131288413187904,16.113744075829384,24.644549763033176,0.0003,0.13484978675842285,True
4,4.5918767757904835,46.666666666666664,69.91452991452991,5.040299826888677,19.43127962085308,28.436018957345972,0.0003,0.11572790145874023,True
5,4.314816895509377,62.05128205128205,82.05128205128206,4.9446678568401605,20.85308056872038,31.753554502369667,0.0003,0.12618803977966309,True
6,3.967975037322085,69.91452991452991,90.42735042735043,4.836693616839947,22.748815165876778,33.649289099526065,0.0003,0.12274003028869629,True
7,3.649253495534261,74.1880341880342,92.64957264957265,4.7295943865843855,21.80094786729858,32.22748815165877,0.0003,0.11627531051635742,False
8,3.3257833660158336,76.58119658119658,93.5042735042735,4.623208934096929,21.327014218009477,31.753554502369667,0.0003,0.11149716377258301,False
9,2.9241434284764476,81.53846153846153,96.23931623931624,4.531330560620927,21.80094786729858,33.175355450236964,0.0003,0.11410689353942871,False
10,2.6021942199804844,80.85470085470085,95.38461538461539,4.447231218148182,23.696682464454977,34.12322274881517,0.0003,0.10637497901916504,True
11,2.2968325511003154,83.58974358974359,96.06837606837607,4.362080361605821,24.644549763033176,36.492890995260666,0.0003,0.10931634902954102,True
12,1.9398405790328979,88.71794871794872,98.46153846153847,4.284474447440197,26.066350710900473,36.492890995260666,0.0003,0.12201738357543945,True
13,1.6645227287569617,93.67521367521367,97.94871794871794,4.200459934523885,27.488151658767773,38.86255924170616,0.0003,0.1096949577331543,True
14,1.422675909751501,94.35897435897436,98.11965811965813,4.1195222506590925,28.90995260663507,41.70616113744076,0.0003,0.10498833656311035,True
15,1.2074047883351644,96.75213675213675,98.97435897435898,4.0623451748165476,32.22748815165877,41.23222748815166,0.0003,0.10376811027526855,True
16,1.1058104382620917,96.23931623931624,98.11965811965813,4.018729630239767,33.649289099526065,41.23222748815166,0.0003,0.1119234561920166,True
17,0.9901681023785192,96.41025641025641,99.31623931623932,3.993193581205974,34.59715639810427,41.70616113744076,0.0003,0.10554671287536621,True
18,0.8904154578844706,97.09401709401709,98.97435897435898,3.987888074034198,34.59715639810427,42.654028436018955,0.0003,0.10630178451538086,True
19,0.8221917555882381,97.6068376068376,98.97435897435898,3.9854206677296715,34.59715639810427,44.07582938388626,0.0003,0.11833047866821289,True
20,0.7283964919228839,98.2905982905983,99.65811965811966,3.9918049681243173,34.59715639810427,45.023696682464454,0.0003,0.10244274139404297,False
21,0.7131161228204385,99.14529914529915,99.65811965811966,3.9871832928951316,35.07109004739336,44.54976303317535,0.0003,0.10393047332763672,True
22,0.729003819441184,97.94871794871794,98.80341880341881,3.9967162417009545,35.54502369668246,43.60189573459716,0.0003,0.11051058769226074,True
23,0.6999954810509315,98.2905982905983,99.31623931623932,4.016046408793373,35.54502369668246,43.60189573459716,0.0003,0.12491583824157715,False
24,0.6968290123165163,98.46153846153847,99.65811965811966,4.023369226410491,35.54502369668246,44.54976303317535,0.0003,0.09675097465515137,False
25,0.6774463047329177,98.80341880341881,99.82905982905983,4.033157601740688,35.54502369668246,43.60189573459716,0.0003,0.10233640670776367,False
26,0.6777863327254597,99.14529914529915,99.82905982905983,4.03571697659967,36.018957345971565,44.07582938388626,0.00015,0.12296009063720703,True
27,0.6576965057951772,98.2905982905983,99.31623931623932,4.034451588635196,35.54502369668246,44.54976303317535,0.00015,0.10279035568237305,False
28,0.6707143088691255,99.31623931623932,99.82905982905983,4.03300323531526,35.54502369668246,45.023696682464454,0.00015,0.10304474830627441,False
29,0.6650965315663916,99.14529914529915,99.48717948717949,4.034952852963271,35.54502369668246,44.54976303317535,0.00015,0.10055136680603027,False
30,0.6713004542212201,98.97435897435898,100.0,4.035824816373852,35.07109004739336,44.07582938388626,0.00015,0.09957647323608398,False
31,0.6388876697955987,99.31623931623932,99.82905982905983,4.0355983187237054,35.07109004739336,44.54976303317535,0.00015,0.10871434211730957,False
32,0.6260254107988797,99.14529914529915,100.0,4.035154485024547,36.018957345971565,45.023696682464454,0.00015,0.10626459121704102,True
33,0.6592719577316545,98.2905982905983,99.31623931623932,4.0427106206450985,36.018957345971565,44.07582938388626,7.5e-05,0.10532689094543457,False
34,0.6242175439484099,99.31623931623932,99.82905982905983,4.040479065682651,36.018957345971565,44.07582938388626,7.5e-05,0.10093307495117188,False
35,0.6349067388436733,99.14529914529915,99.82905982905983,4.03901433718713,36.018957345971565,43.60189573459716,7.5e-05,0.10196590423583984,False
36,0.6271628447068043,99.31623931623932,99.82905982905983,4.0422046037646835,36.018957345971565,44.07582938388626,7.5e-05,0.10145950317382812,False
37,0.6403195220181066,98.80341880341881,99.82905982905983,4.040863310556277,36.018957345971565,44.54976303317535,7.5e-05,0.09951639175415039,False
38,0.6206218067397419,99.14529914529915,99.82905982905983,4.039356109655299,35.54502369668246,44.07582938388626,7.5e-05,0.10716509819030762,False
39,0.6730797471144261,97.77777777777777,99.31623931623932,4.036237440968012,35.54502369668246,44.07582938388626,7.5e-05,0.10010361671447754,False
40,0.639650444393484,98.80341880341881,99.65811965811966,4.039364315322225,35.54502369668246,43.60189573459716,3.75e-05,0.10390019416809082,False
41,0.6397573183744382,98.63247863247864,99.31623931623932,4.040163935078263,36.492890995260666,43.60189573459716,3.75e-05,0.10810971260070801,True
42,0.6656504337604229,97.77777777777777,99.48717948717949,4.038954215027145,35.54502369668246,43.60189573459716,3.75e-05,0.10831618309020996,False
43,0.6422025810958992,98.97435897435898,99.48717948717949,4.037778533465489,36.018957345971565,43.60189573459716,3.75e-05,0.10276651382446289,False
44,0.6368275390730964,98.63247863247864,99.65811965811966,4.035564289273809,36.018957345971565,43.60189573459716,3.75e-05,0.1049802303314209,False
45,0.632014822654235,99.14529914529915,99.48717948717949,4.033928746860739,36.492890995260666,43.60189573459716,3.75e-05,0.11028242111206055,True
46,0.619666613269056,98.97435897435898,99.82905982905983,4.032898835096314,36.492890995260666,44.07582938388626,3.75e-05,0.11293768882751465,True
47,0.6629067688925654,98.2905982905983,99.31623931623932,4.032160716034225,36.018957345971565,44.07582938388626,1.875e-05,0.10349702835083008,False
48,0.6293868273751348,98.63247863247864,99.65811965811966,4.032061127124805,36.018957345971565,43.60189573459716,1.875e-05,0.10467147827148438,False
49,0.6353782611015516,99.31623931623932,99.82905982905983,4.0317861593165105,36.018957345971565,43.60189573459716,1.875e-05,0.10492682456970215,False
50,0.6529610428035769,97.6068376068376,99.65811965811966,4.031036659439593,36.018957345971565,43.60189573459716,1.875e-05,0.10242652893066406,False
51,0.6324658635335091,98.63247863247864,99.48717948717949,4.030616846129792,36.018957345971565,43.60189573459716,1.875e-05,0.10737800598144531,False
52,0.6106983163417914,99.48717948717949,99.82905982905983,4.030281541471798,36.018957345971565,44.07582938388626,1.875e-05,0.10219979286193848,False
53,0.6273524186550042,99.14529914529915,99.65811965811966,4.031035143052232,36.018957345971565,43.60189573459716,1.875e-05,0.10049581527709961,False
54,0.6377711550802247,98.80341880341881,99.82905982905983,4.0311321421257125,36.018957345971565,43.60189573459716,9.375e-06,0.10345268249511719,False
55,0.6621007461833138,97.94871794871794,99.14529914529915,4.030564197431809,36.018957345971565,43.60189573459716,9.375e-06,0.1042635440826416,False
56,0.6321163224358844,98.97435897435898,99.82905982905983,4.030372086294454,36.018957345971565,43.60189573459716,9.375e-06,0.10457563400268555,False
57,0.6352441786700844,99.31623931623932,99.48717948717949,4.030654421349837,36.018957345971565,43.60189573459716,9.375e-06,0.10552048683166504,False
58,0.6250965539206806,98.97435897435898,100.0,4.030609438204652,36.018957345971565,43.60189573459716,9.375e-06,0.10463213920593262,False
59,0.6536246889676803,98.2905982905983,99.48717948717949,4.030673210089805,36.018957345971565,43.60189573459716,9.375e-06,0.1042323112487793,False
60,0.6293706863354414,98.97435897435898,99.65811965811966,4.030289986687249,36.018957345971565,43.60189573459716,9.375e-06,0.1076817512512207,False
61,0.6354350201085083,98.46153846153847,99.48717948717949,4.02967718992188,36.018957345971565,43.60189573459716,4.6875e-06,0.1089017391204834,False
62,0.597764665652544,99.14529914529915,100.0,4.029770552829544,36.018957345971565,43.60189573459716,4.6875e-06,0.10438776016235352,False
63,0.6031176860515888,99.65811965811966,100.0,4.029686017059037,36.018957345971565,43.60189573459716,4.6875e-06,0.10564446449279785,False
64,0.5985401169866578,99.48717948717949,100.0,4.029832720191558,36.018957345971565,43.60189573459716,4.6875e-06,0.11204028129577637,False
65,0.6335609634717305,99.14529914529915,100.0,4.029494690104118,36.018957345971565,43.60189573459716,4.6875e-06,0.10574841499328613,False
66,0.6358036204281017,98.80341880341881,99.82905982905983,4.02938031472301,36.018957345971565,43.60189573459716,4.6875e-06,0.1020364761352539,False
