epoch,train_loss,train_accuracy,val_loss,val_accuracy
1,2.4471898010798863,0.17142857142857143,2.3722987174987793,0.1
2,1.959258348601205,0.2714285714285714,2.3897547721862793,0.2
3,1.7611211470195225,0.38571428571428573,2.2458529472351074,0.1
4,1.5957773787634713,0.42857142857142855,2.1894092559814453,0.1
5,1.51563697883061,0.45714285714285713,2.230323314666748,0.3
6,1.410389188357762,0.5142857142857142,2.245457172393799,0.3
7,1.3052089793341501,0.5714285714285714,2.2037806510925293,0.3
8,1.2165082948548454,0.6,2.0420584678649902,0.4
9,1.1416864923068455,0.6571428571428571,1.9487559795379639,0.3
10,1.028266658101763,0.7,2.072288990020752,0.3
11,0.9613314747810364,0.6714285714285714,1.8844821453094482,0.4
12,0.8989931889942714,0.6857142857142857,1.6614784002304077,0.4
13,0.8423230920519148,0.7571428571428571,1.750674843788147,0.4
14,0.7417194383484976,0.8,1.7081706523895264,0.3
15,0.6975903953824725,0.8,1.765075445175171,0.5
16,0.6333794287272863,0.8142857142857143,1.6677894592285156,0.4
17,0.5757305979728699,0.8571428571428571,1.3346797227859497,0.5
18,0.504611781665257,0.9,1.7616376876831055,0.5
19,0.4798746815749577,0.9142857142857143,1.4116144180297852,0.5
20,0.4186801041875567,0.8857142857142857,1.2680060863494873,0.6
21,0.37102019957133703,0.9285714285714286,1.37746262550354,0.6
22,0.30819387606212073,0.9571428571428572,1.4769741296768188,0.5
23,0.3159440474850791,0.9714285714285714,1.3397743701934814,0.5
24,0.2887812324932643,0.9571428571428572,1.4586879014968872,0.5
25,0.20163060639585767,0.9714285714285714,1.3001857995986938,0.6
26,0.2557129544871194,0.9571428571428572,1.2293756008148193,0.5
27,0.21203897488968712,0.9714285714285714,1.2959822416305542,0.5
28,0.16263782254287174,0.9714285714285714,1.471506118774414,0.4
29,0.20206031799316407,0.9571428571428572,1.4786310195922852,0.5
30,0.1890023317720209,0.9428571428571428,1.6007722616195679,0.4
31,0.15651884121554238,0.9714285714285714,1.9286094903945923,0.4
32,0.1699317923613957,0.9714285714285714,1.2188842296600342,0.5
33,0.1882984493459974,0.9285714285714286,1.3290859460830688,0.6
34,0.08057418955223901,0.9857142857142858,1.8890876770019531,0.4
35,0.08268735068184989,0.9857142857142858,1.2984564304351807,0.6
36,0.09866990063871656,0.9714285714285714,1.5972858667373657,0.5
37,0.09251078558819635,1.0,1.3015387058258057,0.4
38,0.05529061598437173,0.9857142857142858,1.3895797729492188,0.5
39,0.059880177011447294,0.9714285714285714,1.7013473510742188,0.5
40,0.0430912509560585,1.0,1.6558281183242798,0.4
