uid,gloss,class_frequency,support_group,status,quality,video_path,width,height,fps,reported_frames,actual_frames,processed_frames,zero_hand_frames,one_hand_frames,two_hand_frames,detection_rate,zero_hand_rate,one_hand_rate,two_hand_rate,longest_missing_run,mean_temporal_jump,max_temporal_jump,large_jump_fraction,avg_palm_ms,avg_landmark_ms,avg_total_ms,effective_fps,processing_seconds,sequence_path
4RBAWNsG8Hk_1,geometry,1,singleton,OK,REVIEW,/home/dipshikha/Music/cao/CISLR_v1.5-a_videos/4RBAWNsG8Hk_1.mp4,300,300,25.0,88,88,88,43,12,33,0.5113636363636364,0.48863636363636365,0.13636363636363635,0.375,35,0.04885147139430046,0.18615567684173584,0.02857142857142857,3.058448076248169,2.548201084136963,7.05050802230835,141.83375110501586,0.6749819990000105,/home/dipshikha/Music/cao/CISLR_RESEARCH/CISLR_LANDMARK_MODEL/audit/l4_50_video_pilot/sequences/4RBAWNsG8Hk_1.npz
QVZZq9BDyhA_2,interference,1,singleton,OK,REVIEW,/home/dipshikha/Music/cao/CISLR_v1.5-a_videos/QVZZq9BDyhA_2.mp4,300,300,30.0,107,95,95,20,12,63,0.7894736842105263,0.21052631578947367,0.12631578947368421,0.6631578947368421,16,0.02467990852892399,0.7173669934272766,0.022556390977443608,3.205852746963501,4.547918796539307,10.014141082763672,99.85878886020478,1.0106956950003223,/home/dipshikha/Music/cao/CISLR_RESEARCH/CISLR_LANDMARK_MODEL/audit/l4_50_video_pilot/sequences/QVZZq9BDyhA_2.npz
aSHLJIU6ZeE_1,sandwitch,1,singleton,OK,REVIEW,/home/dipshikha/Music/cao/CISLR_v1.5-a_videos/aSHLJIU6ZeE_1.mp4,300,300,25.0,63,63,63,14,25,24,0.7777777777777778,0.2222222222222222,0.3968253968253968,0.38095238095238093,4,0.03570055961608887,0.27794069051742554,0.01639344262295082,3.100867986679077,3.7007439136505127,8.633593559265137,115.82662458401815,0.5800431919997209,/home/dipshikha/Music/cao/CISLR_RESEARCH/CISLR_LANDMARK_MODEL/audit/l4_50_video_pilot/sequences/aSHLJIU6ZeE_1.npz
6nV_USsOh4w_2,mathematical,1,singleton,OK,POOR,/home/dipshikha/Music/cao/CISLR_v1.5-a_videos/6nV_USsOh4w_2.mp4,300,300,30.0,102,93,93,59,0,34,0.3655913978494624,0.6344086021505376,0.0,0.3655913978494624,59,0.010304873809218407,0.054868027567863464,0.0,2.9662206172943115,2.302734613418579,6.60106086730957,151.49080126685385,0.6559628380018694,/home/dipshikha/Music/cao/CISLR_RESEARCH/CISLR_LANDMARK_MODEL/audit/l4_50_video_pilot/sequences/6nV_USsOh4w_2.npz
7kqD46WoJWQ_1,brave,1,singleton,OK,POOR,/home/dipshikha/Music/cao/CISLR_v1.5-a_videos/7kqD46WoJWQ_1.mp4,300,300,30.0,90,90,90,86,4,0,0.044444444444444446,0.9555555555555556,0.044444444444444446,0.0,61,0.04334336519241333,0.04464604705572128,0.0,2.9505927562713623,0.14294327795505524,3.604875087738037,277.40212230972844,0.35742301999925985,/home/dipshikha/Music/cao/CISLR_RESEARCH/CISLR_LANDMARK_MODEL/audit/l4_50_video_pilot/sequences/7kqD46WoJWQ_1.npz
SKzJwTW4NQ8,dairy science,1,singleton,OK,REVIEW,/home/dipshikha/Music/cao/CISLR_v1.5-a_videos/SKzJwTW4NQ8.mp4,300,300,24.0,196,196,196,62,16,118,0.6836734693877551,0.3163265306122449,0.08163265306122448,0.6020408163265306,40,0.042129624634981155,0.24555128812789917,0.004016064257028112,3.1247825622558594,4.042698860168457,9.145483016967773,109.34359597461201,1.8904545929981396,/home/dipshikha/Music/cao/CISLR_RESEARCH/CISLR_LANDMARK_MODEL/audit/l4_50_video_pilot/sequences/SKzJwTW4NQ8.npz
8Dx2cvy46lU,yardstick,1,singleton,OK,POOR,/home/dipshikha/Music/cao/CISLR_v1.5-a_videos/8Dx2cvy46lU.mp4,300,300,25.0,193,193,193,110,30,53,0.43005181347150256,0.5699481865284974,0.15544041450777202,0.27461139896373055,56,0.04159083217382431,0.4713166058063507,0.046511627906976744,3.161637544631958,2.273261308670044,6.7472662925720215,148.208171522871,1.3966092810005648,/home/dipshikha/Music/cao/CISLR_RESEARCH/CISLR_LANDMARK_MODEL/audit/l4_50_video_pilot/sequences/8Dx2cvy46lU.npz
mWBceiU6iR4_1,quran,1,singleton,OK,POOR,/home/dipshikha/Music/cao/CISLR_v1.5-a_videos/mWBceiU6iR4_1.mp4,300,300,25.0,75,75,75,42,15,18,0.44,0.56,0.2,0.24,24,0.05512938275933266,0.5867738127708435,0.041666666666666664,3.8087658882141113,2.276247024536133,7.4067888259887695,135.0112745878785,0.60311947000082,/home/dipshikha/Music/cao/CISLR_RESEARCH/CISLR_LANDMARK_MODEL/audit/l4_50_video_pilot/sequences/mWBceiU6iR4_1.npz
xEKHtFeWzSM_2,lubrication oil,1,singleton,OK,REVIEW,/home/dipshikha/Music/cao/CISLR_v1.5-a_videos/xEKHtFeWzSM_2.mp4,300,300,30.0,97,90,90,43,40,7,0.5222222222222223,0.4777777777777778,0.4444444444444444,0.07777777777777778,37,0.02859506383538246,0.2438623309135437,0.061224489795918366,3.164479970932007,1.9779826402664185,6.324122905731201,158.12469411272124,0.6168123969982844,/home/dipshikha/Music/cao/CISLR_RESEARCH/CISLR_LANDMARK_MODEL/audit/l4_50_video_pilot/sequences/xEKHtFeWzSM_2.npz
aW8jBRmN24M_1,tour,1,singleton,OK,GOOD,/home/dipshikha/Music/cao/CISLR_v1.5-a_videos/aW8jBRmN24M_1.mp4,300,300,30.0,120,120,120,11,109,0,0.9083333333333333,0.09166666666666666,0.9083333333333333,0.0,7,0.028346752747893333,0.5103745460510254,0.02857142857142857,3.2370660305023193,2.9109432697296143,7.756140232086182,128.93010828544914,0.9918736840008933,/home/dipshikha/Music/cao/CISLR_RESEARCH/CISLR_LANDMARK_MODEL/audit/l4_50_video_pilot/sequences/aW8jBRmN24M_1.npz
D19X5MhzZcE,english,2,2,OK,REVIEW,/home/dipshikha/Music/cao/CISLR_v1.5-a_videos/D19X5MhzZcE.mp4,300,300,25.0,62,62,62,28,34,0,0.5483870967741935,0.45161290322580644,0.5483870967741935,0.0,16,0.026514826342463493,0.09295244514942169,0.0,3.243903160095215,1.7747234106063843,6.182028770446777,161.75919542472943,0.41855301299801795,/home/dipshikha/Music/cao/CISLR_RESEARCH/CISLR_LANDMARK_MODEL/audit/l4_50_video_pilot/sequences/D19X5MhzZcE.npz
eEoggrLYiEs_2,direct current,2,2,OK,GOOD,/home/dipshikha/Music/cao/CISLR_v1.5-a_videos/eEoggrLYiEs_2.mp4,300,300,30.0,98,98,98,0,44,54,1.0,0.0,0.4489795918367347,0.5510204081632653,0,0.027815042063593864,0.574902355670929,0.0410958904109589,3.2388715744018555,4.996226787567139,10.528624534606934,94.97916814423975,1.0942527730003349,/home/dipshikha/Music/cao/CISLR_RESEARCH/CISLR_LANDMARK_MODEL/audit/l4_50_video_pilot/sequences/eEoggrLYiEs_2.npz
N0lQZi87koY,meeting,2,2,OK,REVIEW,/home/dipshikha/Music/cao/CISLR_v1.5-a_videos/N0lQZi87koY.mp4,300,300,25.0,92,92,92,25,4,63,0.7282608695652174,0.2717391304347826,0.043478260869565216,0.6847826086956522,13,0.02595832571387291,0.4028054177761078,0.015625,2.990501642227173,4.474743843078613,9.524218559265137,104.9954905777758,0.9266980879983748,/home/dipshikha/Music/cao/CISLR_RESEARCH/CISLR_LANDMARK_MODEL/audit/l4_50_video_pilot/sequences/N0lQZi87koY.npz
ZRmC8bZ5OgY_1,notification,2,2,OK,GOOD,/home/dipshikha/Music/cao/CISLR_v1.5-a_videos/ZRmC8bZ5OgY_1.mp4,300,300,30.0,120,120,120,23,44,53,0.8083333333333333,0.19166666666666668,0.36666666666666664,0.44166666666666665,19,0.03744686022400856,0.6330347061157227,0.00684931506849315,3.1077122688293457,3.866881847381592,8.88122272491455,112.59710863850916,1.1314026510008262,/home/dipshikha/Music/cao/CISLR_RESEARCH/CISLR_LANDMARK_MODEL/audit/l4_50_video_pilot/sequences/ZRmC8bZ5OgY_1.npz
oj-FbF4iU5M_2,negative,2,2,OK,GOOD,/home/dipshikha/Music/cao/CISLR_v1.5-a_videos/oj-FbF4iU5M_2.mp4,300,300,30.0,63,55,55,10,45,0,0.8181818181818182,0.18181818181818182,0.8181818181818182,0.0,7,0.02720712497830391,0.15460407733917236,0.022727272727272728,3.1607773303985596,2.5301694869995117,7.1277384757995605,140.29695441201272,0.42537372300284915,/home/dipshikha/Music/cao/CISLR_RESEARCH/CISLR_LANDMARK_MODEL/audit/l4_50_video_pilot/sequences/oj-FbF4iU5M_2.npz
zZRHcEnMUnw_1,lizard,2,2,OK,POOR,/home/dipshikha/Music/cao/CISLR_v1.5-a_videos/zZRHcEnMUnw_1.mp4,300,300,30.0,75,75,75,44,29,2,0.41333333333333333,0.5866666666666667,0.38666666666666666,0.02666666666666667,27,0.05201725289225578,0.4121820330619812,0.06451612903225806,2.955941677093506,1.3528797626495361,5.274681568145752,189.58490424125023,0.4354569019997143,/home/dipshikha/Music/cao/CISLR_RESEARCH/CISLR_LANDMARK_MODEL/audit/l4_50_video_pilot/sequences/zZRHcEnMUnw_1.npz
5NwQvEmIQdY,manner,2,2,OK,POOR,/home/dipshikha/Music/cao/CISLR_v1.5-a_videos/5NwQvEmIQdY.mp4,300,300,25.0,91,91,91,82,9,0,0.0989010989010989,0.9010989010989011,0.0989010989010989,0.0,32,0.042139217257499695,0.10435400903224945,0.0,2.7670931816101074,0.30384132266044617,3.627264976501465,275.6898121527671,0.3681745290014078,/home/dipshikha/Music/cao/CISLR_RESEARCH/CISLR_LANDMARK_MODEL/audit/l4_50_video_pilot/sequences/5NwQvEmIQdY.npz
W2nI_GK8rY4_1,district,2,2,OK,REVIEW,/home/dipshikha/Music/cao/CISLR_v1.5-a_videos/W2nI_GK8rY4_1.mp4,300,300,25.0,63,63,63,20,32,11,0.6825396825396826,0.31746031746031744,0.5079365079365079,0.1746031746031746,13,0.05492541939020157,0.4010678827762604,0.021739130434782608,3.010169506072998,2.5555813312530518,7.015665054321289,142.53816170771313,0.4773915549994854,/home/dipshikha/Music/cao/CISLR_RESEARCH/CISLR_LANDMARK_MODEL/audit/l4_50_video_pilot/sequences/W2nI_GK8rY4_1.npz
F_ssKRakSBs,goal,2,2,OK,POOR,/home/dipshikha/Music/cao/CISLR_v1.5-a_videos/F_ssKRakSBs.mp4,300,300,25.0,78,78,78,40,27,11,0.48717948717948717,0.5128205128205128,0.34615384615384615,0.14102564102564102,23,0.0698380321264267,0.5746213793754578,0.08888888888888889,2.935885190963745,1.9547498226165771,6.039229393005371,165.58403977139847,0.5119031879985414,/home/dipshikha/Music/cao/CISLR_RESEARCH/CISLR_LANDMARK_MODEL/audit/l4_50_video_pilot/sequences/F_ssKRakSBs.npz
xnQ61pjVinc_1,applicant,2,2,OK,REVIEW,/home/dipshikha/Music/cao/CISLR_v1.5-a_videos/xnQ61pjVinc_1.mp4,300,300,30.0,150,150,150,35,64,51,0.7666666666666667,0.23333333333333334,0.4266666666666667,0.34,16,0.02680078148841858,0.33393263816833496,0.01910828025477707,3.090505838394165,3.361421823501587,8.157034873962402,122.59356683542471,1.3086143330001505,/home/dipshikha/Music/cao/CISLR_RESEARCH/CISLR_LANDMARK_MODEL/audit/l4_50_video_pilot/sequences/xnQ61pjVinc_1.npz
T4-Q9pABqYs,waterfall,4,3-4,OK,POOR,/home/dipshikha/Music/cao/CISLR_v1.5-a_videos/T4-Q9pABqYs.mp4,300,300,25.0,111,111,111,72,13,26,0.35135135135135137,0.6486486486486487,0.11711711711711711,0.23423423423423423,42,0.04380955547094345,0.1758975088596344,0.015873015873015872,2.9855237007141113,1.8244436979293823,5.922366619110107,168.85141773784002,0.7127226170014183,/home/dipshikha/Music/cao/CISLR_RESEARCH/CISLR_LANDMARK_MODEL/audit/l4_50_video_pilot/sequences/T4-Q9pABqYs.npz
CX_0sOJ8AiI_1,bus,3,3-4,OK,REVIEW,/home/dipshikha/Music/cao/CISLR_v1.5-a_videos/CX_0sOJ8AiI_1.mp4,300,300,25.0,63,63,63,15,28,20,0.7619047619047619,0.23809523809523808,0.4444444444444444,0.31746031746031744,8,0.09425351023674011,0.826416552066803,0.08196721311475409,3.194406509399414,3.220010757446289,8.097597122192383,123.49342464314341,0.547924332000548,/home/dipshikha/Music/cao/CISLR_RESEARCH/CISLR_LANDMARK_MODEL/audit/l4_50_video_pilot/sequences/CX_0sOJ8AiI_1.npz
m40rLzSro7M_1,annual,3,3-4,OK,REVIEW,/home/dipshikha/Music/cao/CISLR_v1.5-a_videos/m40rLzSro7M_1.mp4,300,300,30.0,135,135,135,39,73,23,0.7111111111111111,0.28888888888888886,0.5407407407407407,0.17037037037037037,8,0.017326176166534424,0.057447399944067,0.0,3.097764253616333,2.683887004852295,7.231287002563477,138.28796999005877,1.045444225997926,/home/dipshikha/Music/cao/CISLR_RESEARCH/CISLR_LANDMARK_MODEL/audit/l4_50_video_pilot/sequences/m40rLzSro7M_1.npz
rBD74wqvKeI_1,chalk,3,3-4,OK,REVIEW,/home/dipshikha/Music/cao/CISLR_v1.5-a_videos/rBD74wqvKeI_1.mp4,300,300,25.0,63,63,63,30,33,0,0.5238095238095238,0.47619047619047616,0.5238095238095238,0.0,19,0.03593675419688225,0.12056979537010193,0.0,3.1315088272094727,1.6319506168365479,5.847041606903076,171.0266605285295,0.40420207799979835,/home/dipshikha/Music/cao/CISLR_RESEARCH/CISLR_LANDMARK_MODEL/audit/l4_50_video_pilot/sequences/rBD74wqvKeI_1.npz
FPuKLNX3uKI,star,3,3-4,OK,POOR,/home/dipshikha/Music/cao/CISLR_v1.5-a_videos/FPuKLNX3uKI.mp4,300,300,25.0,104,104,104,54,50,0,0.4807692307692308,0.5192307692307693,0.4807692307692308,0.0,29,0.03410567343235016,0.1511138379573822,0.020833333333333332,2.9271469116210938,1.4843095541000366,5.420331001281738,184.4905781147925,0.6177669149983558,/home/dipshikha/Music/cao/CISLR_RESEARCH/CISLR_LANDMARK_MODEL/audit/l4_50_video_pilot/sequences/FPuKLNX3uKI.npz
VIDtd_VYM2Y,copy,3,3-4,OK,POOR,/home/dipshikha/Music/cao/CISLR_v1.5-a_videos/VIDtd_VYM2Y.mp4,300,300,25.0,180,180,180,119,4,57,0.3388888888888889,0.6611111111111111,0.022222222222222223,0.31666666666666665,80,0.03595063090324402,0.32278645038604736,0.017241379310344827,2.976217746734619,2.070152759552002,6.225110054016113,160.63973027349977,1.204030277000129,/home/dipshikha/Music/cao/CISLR_RESEARCH/CISLR_LANDMARK_MODEL/audit/l4_50_video_pilot/sequences/VIDtd_VYM2Y.npz
o4AfySvjYxo_1,kurta,4,3-4,OK,REVIEW,/home/dipshikha/Music/cao/CISLR_v1.5-a_videos/o4AfySvjYxo_1.mp4,300,300,25.0,63,63,63,23,19,21,0.6349206349206349,0.36507936507936506,0.30158730158730157,0.3333333333333333,14,0.05691327527165413,0.7657464146614075,0.03636363636363636,3.109107494354248,3.0432791709899902,7.662965297698975,130.4977852764489,0.518421536002279,/home/dipshikha/Music/cao/CISLR_RESEARCH/CISLR_LANDMARK_MODEL/audit/l4_50_video_pilot/sequences/o4AfySvjYxo_1.npz
5anbkZmuIaQ,age,3,3-4,OK,POOR,/home/dipshikha/Music/cao/CISLR_v1.5-a_videos/5anbkZmuIaQ.mp4,300,300,25.0,87,87,87,44,43,0,0.4942528735632184,0.5057471264367817,0.4942528735632184,0.0,25,0.03804340213537216,0.10795718431472778,0.0,3.0092580318450928,1.4978581666946411,5.532431125640869,180.75236316370072,0.5249233270005789,/home/dipshikha/Music/cao/CISLR_RESEARCH/CISLR_LANDMARK_MODEL/audit/l4_50_video_pilot/sequences/5anbkZmuIaQ.npz
mUes7TvTZ0Y,catch,3,3-4,OK,REVIEW,/home/dipshikha/Music/cao/CISLR_v1.5-a_videos/mUes7TvTZ0Y.mp4,300,300,25.0,81,81,81,38,2,41,0.5308641975308642,0.4691358024691358,0.024691358024691357,0.5061728395061729,24,0.03402608633041382,0.17827536165714264,0.012658227848101266,3.0406079292297363,3.1348328590393066,7.782014846801758,128.50142536170804,0.6864349989991751,/home/dipshikha/Music/cao/CISLR_RESEARCH/CISLR_LANDMARK_MODEL/audit/l4_50_video_pilot/sequences/mUes7TvTZ0Y.npz
L42e09-GlGE_1,australia,4,3-4,OK,POOR,/home/dipshikha/Music/cao/CISLR_v1.5-a_videos/L42e09-GlGE_1.mp4,300,300,25.0,75,75,75,39,36,0,0.48,0.52,0.48,0.0,30,0.023293158039450645,0.20653679966926575,0.02857142857142857,2.9569973945617676,1.4667516946792603,5.4303669929504395,184.14961664619977,0.4475553440024669,/home/dipshikha/Music/cao/CISLR_RESEARCH/CISLR_LANDMARK_MODEL/audit/l4_50_video_pilot/sequences/L42e09-GlGE_1.npz
nHdz1IK9ydw,weak,5,5-7,OK,REVIEW,/home/dipshikha/Music/cao/CISLR_v1.5-a_videos/nHdz1IK9ydw.mp4,300,300,25.0,79,79,79,30,49,0,0.620253164556962,0.379746835443038,0.620253164556962,0.0,17,0.02104124426841736,0.12493016570806503,0.0,3.0099756717681885,1.921736717224121,6.133098602294922,163.04971839614868,0.5279843399985111,/home/dipshikha/Music/cao/CISLR_RESEARCH/CISLR_LANDMARK_MODEL/audit/l4_50_video_pilot/sequences/nHdz1IK9ydw.npz
rztToJBqL3k_1,wednesday,7,5-7,OK,POOR,/home/dipshikha/Music/cao/CISLR_v1.5-a_videos/rztToJBqL3k_1.mp4,300,300,30.0,75,75,75,41,34,0,0.4533333333333333,0.5466666666666666,0.4533333333333333,0.0,40,0.020806342363357544,0.12824952602386475,0.0,2.9775302410125732,1.392580509185791,5.328265190124512,187.67834638812934,0.4400891360019159,/home/dipshikha/Music/cao/CISLR_RESEARCH/CISLR_LANDMARK_MODEL/audit/l4_50_video_pilot/sequences/rztToJBqL3k_1.npz
YhVonZ8wM4s,reservation,6,5-7,OK,POOR,/home/dipshikha/Music/cao/CISLR_v1.5-a_videos/YhVonZ8wM4s.mp4,300,300,25.0,115,115,115,71,3,41,0.3826086956521739,0.6173913043478261,0.02608695652173913,0.3565217391304348,38,0.0511193685233593,0.4807395935058594,0.04938271604938271,2.9704551696777344,2.3038861751556396,6.532958030700684,153.07001748681773,0.8042444410020835,/home/dipshikha/Music/cao/CISLR_RESEARCH/CISLR_LANDMARK_MODEL/audit/l4_50_video_pilot/sequences/YhVonZ8wM4s.npz
YVKW4zFBxRs_1,wednesday,7,5-7,OK,REVIEW,/home/dipshikha/Music/cao/CISLR_v1.5-a_videos/YVKW4zFBxRs_1.mp4,300,300,30.0,60,60,60,27,32,1,0.55,0.45,0.5333333333333333,0.016666666666666666,14,0.03467816486954689,0.19535377621650696,0.03225806451612903,2.9822587966918945,1.7088361978530884,5.7894816398620605,172.72703537303659,0.38006865399802336,/home/dipshikha/Music/cao/CISLR_RESEARCH/CISLR_LANDMARK_MODEL/audit/l4_50_video_pilot/sequences/YVKW4zFBxRs_1.npz
s-570A5kLxo,goat,6,5-7,OK,POOR,/home/dipshikha/Music/cao/CISLR_v1.5-a_videos/s-570A5kLxo.mp4,300,300,25.0,152,152,152,102,50,0,0.32894736842105265,0.6710526315789473,0.32894736842105265,0.0,57,0.026183221489191055,0.15781548619270325,0.02040816326530612,2.971050977706909,1.0364785194396973,4.866302490234375,205.4948293918813,0.8064620430013747,/home/dipshikha/Music/cao/CISLR_RESEARCH/CISLR_LANDMARK_MODEL/audit/l4_50_video_pilot/sequences/s-570A5kLxo.npz
r7VLa40tjvM,area,5,5-7,OK,REVIEW,/home/dipshikha/Music/cao/CISLR_v1.5-a_videos/r7VLa40tjvM.mp4,300,300,25.0,85,85,85,39,31,15,0.5411764705882353,0.4588235294117647,0.36470588235294116,0.17647058823529413,20,0.12099933624267578,0.49703824520111084,0.2765957446808511,2.9537317752838135,2.1990976333618164,6.424231052398682,155.660652900493,0.5956223299981502,/home/dipshikha/Music/cao/CISLR_RESEARCH/CISLR_LANDMARK_MODEL/audit/l4_50_video_pilot/sequences/r7VLa40tjvM.npz
3wKsYea6rfs_1,wood,5,5-7,OK,POOR,/home/dipshikha/Music/cao/CISLR_v1.5-a_videos/3wKsYea6rfs_1.mp4,300,300,30.0,105,105,105,55,48,2,0.47619047619047616,0.5238095238095238,0.45714285714285713,0.01904761904761905,29,0.07032192498445511,0.5167568922042847,0.125,3.1546103954315186,1.5612868070602417,5.7761549949646,173.12554820148637,0.663736536000215,/home/dipshikha/Music/cao/CISLR_RESEARCH/CISLR_LANDMARK_MODEL/audit/l4_50_video_pilot/sequences/3wKsYea6rfs_1.npz
SWi723tppLE_1,weak,5,5-7,OK,POOR,/home/dipshikha/Music/cao/CISLR_v1.5-a_videos/SWi723tppLE_1.mp4,300,300,25.0,75,75,75,40,35,0,0.4666666666666667,0.5333333333333333,0.4666666666666667,0.0,21,0.03403518721461296,0.12490266561508179,0.0,2.9510726928710938,1.398681402206421,5.361540794372559,186.5135486891369,0.43791456400140305,/home/dipshikha/Music/cao/CISLR_RESEARCH/CISLR_LANDMARK_MODEL/audit/l4_50_video_pilot/sequences/SWi723tppLE_1.npz
SjfLsGRnuGo,name,7,5-7,OK,REVIEW,/home/dipshikha/Music/cao/CISLR_v1.5-a_videos/SjfLsGRnuGo.mp4,300,300,25.0,67,67,67,29,38,0,0.5671641791044776,0.43283582089552236,0.5671641791044776,0.0,15,0.03789301589131355,0.16221080720424652,0.02702702702702703,2.962578058242798,1.7485443353652954,5.80126428604126,172.37621847467884,0.42565823000040837,/home/dipshikha/Music/cao/CISLR_RESEARCH/CISLR_LANDMARK_MODEL/audit/l4_50_video_pilot/sequences/SjfLsGRnuGo.npz
mmXQw0IktO0_1,good,6,5-7,OK,REVIEW,/home/dipshikha/Music/cao/CISLR_v1.5-a_videos/mmXQw0IktO0_1.mp4,300,300,30.0,90,90,90,38,52,0,0.5777777777777777,0.4222222222222222,0.5777777777777777,0.0,33,0.011717515997588634,0.06647118926048279,0.0,3.1229491233825684,1.7809150218963623,6.06878662109375,164.7775844555521,0.6001765549990523,/home/dipshikha/Music/cao/CISLR_RESEARCH/CISLR_LANDMARK_MODEL/audit/l4_50_video_pilot/sequences/mmXQw0IktO0_1.npz
tx2Z3baCxLA_1,interest,10,8+,OK,REVIEW,/home/dipshikha/Music/cao/CISLR_v1.5-a_videos/tx2Z3baCxLA_1.mp4,300,300,30.0,105,105,105,52,53,0,0.5047619047619047,0.49523809523809526,0.5047619047619047,0.0,24,0.024728398770093918,0.1187111958861351,0.0,2.949636220932007,1.560604453086853,5.557350158691406,179.94187363487472,0.6381049439987692,/home/dipshikha/Music/cao/CISLR_RESEARCH/CISLR_LANDMARK_MODEL/audit/l4_50_video_pilot/sequences/tx2Z3baCxLA_1.npz
UXoDCHd7VuQ_1,monday,13,8+,OK,POOR,/home/dipshikha/Music/cao/CISLR_v1.5-a_videos/UXoDCHd7VuQ_1.mp4,300,300,30.0,75,75,75,40,13,22,0.4666666666666667,0.5333333333333333,0.17333333333333334,0.29333333333333333,23,0.017567608505487442,0.1229202151298523,0.0,3.069460153579712,2.403367519378662,6.79513692855835,147.1640690266648,0.551398313997197,/home/dipshikha/Music/cao/CISLR_RESEARCH/CISLR_LANDMARK_MODEL/audit/l4_50_video_pilot/sequences/UXoDCHd7VuQ_1.npz
m7cfsP8_omM_1,mother,8,8+,OK,REVIEW,/home/dipshikha/Music/cao/CISLR_v1.5-a_videos/m7cfsP8_omM_1.mp4,300,300,30.0,120,120,120,45,75,0,0.625,0.375,0.625,0.0,30,0.020729226991534233,0.11330882459878922,0.0,3.070389747619629,1.9473239183425903,6.215009689331055,160.90079500867742,0.809424360999401,/home/dipshikha/Music/cao/CISLR_RESEARCH/CISLR_LANDMARK_MODEL/audit/l4_50_video_pilot/sequences/m7cfsP8_omM_1.npz
SdsEu8iuUpE,christmas,8,8+,OK,GOOD,/home/dipshikha/Music/cao/CISLR_v1.5-a_videos/SdsEu8iuUpE.mp4,300,300,25.0,76,76,76,15,61,0,0.8026315789473685,0.19736842105263158,0.8026315789473685,0.0,8,0.03971496596932411,0.15584594011306763,0.03389830508474576,3.1244091987609863,2.4803454875946045,7.056031227111816,141.72272879939072,0.5825143460024265,/home/dipshikha/Music/cao/CISLR_RESEARCH/CISLR_LANDMARK_MODEL/audit/l4_50_video_pilot/sequences/SdsEu8iuUpE.npz
5pYCIsZH-H4,pencil,9,8+,OK,REVIEW,/home/dipshikha/Music/cao/CISLR_v1.5-a_videos/5pYCIsZH-H4.mp4,300,300,25.0,91,91,91,44,2,45,0.5164835164835165,0.4835164835164835,0.02197802197802198,0.4945054945054945,22,0.028494196012616158,0.33855947852134705,0.011111111111111112,3.149940252304077,3.1826512813568115,7.989013671875,125.17189744216606,0.7756423399987398,/home/dipshikha/Music/cao/CISLR_RESEARCH/CISLR_LANDMARK_MODEL/audit/l4_50_video_pilot/sequences/5pYCIsZH-H4.npz
6RFwCF9xelU_1,thursday,11,8+,OK,POOR,/home/dipshikha/Music/cao/CISLR_v1.5-a_videos/6RFwCF9xelU_1.mp4,300,300,30.0,90,90,90,53,36,1,0.4111111111111111,0.5888888888888889,0.4,0.011111111111111112,26,0.04099486023187637,0.38635149598121643,0.058823529411764705,3.051084280014038,1.3121198415756226,5.308140277862549,188.3898969608004,0.5229944919992704,/home/dipshikha/Music/cao/CISLR_RESEARCH/CISLR_LANDMARK_MODEL/audit/l4_50_video_pilot/sequences/6RFwCF9xelU_1.npz
FLG6F5h_LiY_1,tuesday,8,8+,OK,REVIEW,/home/dipshikha/Music/cao/CISLR_v1.5-a_videos/FLG6F5h_LiY_1.mp4,300,300,30.0,60,60,60,29,4,27,0.5166666666666667,0.48333333333333334,0.06666666666666667,0.45,18,0.02862684801220894,0.4425627887248993,0.05555555555555555,3.2591588497161865,3.1966898441314697,8.086662292480469,123.66041313854151,0.5193685279991769,/home/dipshikha/Music/cao/CISLR_RESEARCH/CISLR_LANDMARK_MODEL/audit/l4_50_video_pilot/sequences/FLG6F5h_LiY_1.npz
R_GaklgD4bY=-,nan,1,8+,OK,POOR,/home/dipshikha/Music/cao/CISLR_v1.5-a_videos/R_GaklgD4bY=-.mp4,300,300,25.0,70,70,70,37,32,1,0.4714285714285714,0.5285714285714286,0.45714285714285713,0.014285714285714285,17,0.044164516031742096,0.12934543192386627,0.0,3.226452112197876,1.5406322479248047,5.810328006744385,172.10732317336337,0.4438003290015331,/home/dipshikha/Music/cao/CISLR_RESEARCH/CISLR_LANDMARK_MODEL/audit/l4_50_video_pilot/sequences/R_GaklgD4bY=-.npz
6sQeR9LXn-U_2,yellow,8,8+,OK,REVIEW,/home/dipshikha/Music/cao/CISLR_v1.5-a_videos/6sQeR9LXn-U_2.mp4,300,300,30.0,98,97,97,22,73,2,0.7731958762886598,0.2268041237113402,0.7525773195876289,0.020618556701030927,14,0.02737671136856079,0.4946534335613251,0.02666666666666667,3.2811710834503174,2.6291191577911377,7.344295978546143,136.1600898059064,0.7673046230011096,/home/dipshikha/Music/cao/CISLR_RESEARCH/CISLR_LANDMARK_MODEL/audit/l4_50_video_pilot/sequences/6sQeR9LXn-U_2.npz
z1VPeFV_ew4,pencil,9,8+,OK,REVIEW,/home/dipshikha/Music/cao/CISLR_v1.5-a_videos/z1VPeFV_ew4.mp4,300,300,25.0,74,74,74,37,37,0,0.5,0.5,0.5,0.0,28,0.025840122252702713,0.1372787207365036,0.0,3.0650739669799805,1.583687663078308,5.679102897644043,176.0841488564764,0.4597114380012499,/home/dipshikha/Music/cao/CISLR_RESEARCH/CISLR_LANDMARK_MODEL/audit/l4_50_video_pilot/sequences/z1VPeFV_ew4.npz
