uid,split
oAhY6BKcbG0,train
bjJtF35pjhI,train
7sR29KFzUog,train
CBXCId8jHAA,train
JWsKWK1W9q4_1,train
GPntxbUpP8E,train
ACJG5VeKrvQ,train
BS_TcCb8q0s_1,train
n5UUf4qS9vo,train
pXODwFAlZUg_1,train
q8YYLFkGEwI_1,train
ava3Ux-MDDE_1,train
BPC5XCxTQDE_1,train
EwbZoVWQ6II,train
uEWef2ILEC8,train
OTfPJGdUm50,train
PWi1hx2Omgo,train
0zTZkTkBAoU,train
M1qOXnG0A6s,train
1F-Blrvtuos_2,train
FqtbCwFHFrw_1,train
O1HMV7OKCZs_1,train
VOEpCw8MRuo,train
Pf8tWovZQ2U,train
hga2Zs6wmWw,train
0xVWH6F3Fz0,train
6pGyXMLfphA_1,train
smJOWK8guVY_1,train
tahzIp5we8o,train
BFYTOi2N1w8,train
inPHcp6Pz8U,train
1yd6Uo25Ge0_1,train
NVNirvNgU9g,train
9wsyF_yvjfQ,train
qBNL8tfKk_8_1,train
sPqivRKBiNc,train
VPB0XOlm-qE,train
6UkQusxL7SI_1,train
LzD3My7FOzI,train
uZuvBINbAqo_1,train
QE4UkDB3MyE,train
X8RjdHHXbCY_2,train
PaOVb_cMohw_1,train
PLtRFkjPkxo_1,train
wwVkDiHS9FM_1,train
0oJ_jMGRJCE,train
TIlcuqK-fr8_1,train
vFJOA9dR7Bw,train
BU67b7LtyE0,train
NUn7Lyw4H9U,train
4UMMRCc0Iak,train
XwQxJ5FXoQ8,train
17ar03dZ7bQ_1,train
dTjzMwNtA1o_1,train
p2tLsgPiaWw,train
A-DmE3OOAfU,train
LBHkQz5_AX8_1,train
wK7Y3bBPwtI,train
LLZBIVJyAW8_1,train
-wpVNpcGvFk,train
UDcg2skGRXM_1,train
BpheOwGP6ZE_2,train
V1-w01T8L84_1,train
CXLZ3svHfGc,train
EIS2HUEopZM_1,train
8edWFVV1lo4,train
JPGOxP4NRRw_1,train
CpbiUt_BR3U,train
atyCov9u9no,train
IqVx7zjG9s0_1,train
XbKXIrsb2Sw,train
4QdYqEbZu8Q,train
4yJrFqyUKuA,train
8I__oqg4_eE,train
JvZwKXBG8sQ_1,train
6BxN42ZQweM,train
SdBirBu-dak,train
8wgrPnyzpMw,train
usqVbUoBfnE,train
6u077PZEv0Y_1,train
F6sn_h1Xea0,train
TkWzFh1m6KU_1,train
UOktZawGna4,train
1VHhWnMU21Y,train
iEwyPUtL9s0,train
48ODiLP2VgA,train
AmbZ5vym81g_1,train
fS8tS7dCIhA_1,train
6y6ylBP0yc8,train
nRHDYOP78eE,train
QhhIAUupAeo_1,train
94r3k7n7oTs,train
rnK5ck1th4Q_2,train
Jh4PPOr7tjo,train
3GlZqV3RSp0,train
3yRZjuvtEd0_1,train
2SBugE72qbg_1,train
SEYjG-0Mi3U,train
EhErcUPHNgg_1,train
56AJoGhwvLI_1,train
e6oOrAWzRak_1,train
9bU0eltCrYQ,train
Ksqo7pUZGnM_1,train
jbybGuk6DA8,train
ANgOOb951fE_1,train
9sK2PFaxoHw,train
EqGyUaKwRjg,train
IOz0Yx8IpHU_1,train
Hcp9WsOvexQ,train
8CsqDF-3gGA,train
7ChtWi4wz8E_1,train
NjjNU4VrO00_1,train
rVBNDX51--w,train
9JgVee1UGmI,train
tNNf1uxRiDU,train
9vvemJ0nr-E,train
BGfcBh4woVU_1,train
qrkzRim1Qc0,train
LeIkWWTH__A_1,train
EpxAKEtJbdI,train
Op97JG5142c,train
Gf4_V9dRgZk_1,train
7BK0J1hZ7_Q,train
bH3KEeVn-rU_1,train
IO0nQfhpxh8,train
2CbOSGxS80s,train
6kVsL2YCP7I,train
Fq1Pqke8_pE,train
614YmkupYl0_1,train
iLnDUh6SJSo,train
NT-LpmJHMcw,train
9qIeBRYxhjI_1,train
C201-UUFUDg,train
m4ogvwOrsZc_1,train
CpYIKn7qaIY,train
BI1IkyUrBT0,train
IiAx8ef2Rwo,train
6N1X5V0C5d8,train
EXJmDDFi-5g,train
if-ioOMit8I,train
GppkFygxOyQ_1,train
76BfFrybs0c,train
uqZJa7q4N5U,train
aNthcGq-FqI_1,train
LGWGD0eoxFg,train
U8-__KRMRSM,train
88Uj27nX_f4_1,train
-7IkPH6iIQA,train
MflJey4lrQk,train
7R_b_tfp5lM,train
DbWWsUmMXUA_1,train
UyuuFpV2QCg,train
2bDOqi4YXtI,train
D7hi8QdSnq8,train
uBRoAycaSBM,train
LVoWdSuY_DA,train
8-KFF8qu6IY_1,train
_g40sO4Upvg,train
QNqJ9kQ5xT4,train
4bjLAMYZciw,train
QBjMKvsK1sk_1,train
EQMR3agty8g_1,train
GvXNaIt8FiA_1,train
FNM7gqdOCzQ_1,train
9QPvSQjo2oQ_1,train
3wgPDtFtXWE_1,train
E6yxMBZEYhs,train
ABHbs7wII44,train
_otCOj9YmMs,train
d_GdVQe7Jrk_1,train
JN0xDQF2NWs,train
IWBVW-QyFEw,train
mySSsdvhhZI_1,train
YzFnEXBbgqk,train
46-lhzhJf78,train
2w6c7g7ZPKo_1,train
aHmj7r_Ts70_1,train
Ll1sRFunlD8,train
dWGCRKIqUb0,train
VCjWwq5ww18_1,train
GBvOlmOfz7s,train
Rah844Dfxf8,train
runWN1EzmEE,train
FEi50jcTxxI_1,train
F_es2B9Sgo0,train
SIR3vIJJECY,train
JBO4vOeqQxs_1,train
fCd20l7-3Mo,train
sZYTPis34fI_1,train
WNcSoq9M-FU,train
3MoTC6iB3xQ,train
SQ6O9z7AJpM,train
oQhxACPhL1k,train
i5dtwGBooaI_1,train
zTxivCXMjdU_2,train
BUt4lIrC0E8_1,train
DSpymhe73eM_1,train
W2MiLfsDFyU,train
C7tQarNFXJo_1,train
AJyoUbv1lzs,train
Q5uGiH8-uQk_1,train
7LIrmOTBAok_1,train
WYav7_mmBHc_1,train
XJmhK6SxaMQ,train
xtolpEBm2ro,train
ITtZaBbXqyE_1,train
QLx1uWXhB1g,train
EZtR1UdIiBE,train
ejX8KhT7JRY,train
5MpBZLk82m8_1,train
ogn8OCqqQ7k,train
npDGGJ0M-wc_1,train
syXsQXIoZEI,train
7RjhIe4sKm0,train
lggh2K7490s,train
gLH8E10Xex8,train
2AGfP7x3obk_1,train
baqITtRxH5U_1,train
E3CEiwzCU94_1,train
bIha_uKKc-U,train
hdMpGpG4LJ4,train
QJDAMIo3A6Y,train
wEfxi8YvQLI,train
DNP9-5px_mA,train
TK3H8rmoV1Q,train
KKfE1JlLal8_1,train
ewHq-NjArVY,train
XJlP6BgrAow,train
ADOlYPfw_T8,train
4C5snSNt79Q_1,train
v8gTUo-ln6Q_1,train
-JcpfOHc0nE,train
Psd08qZsYnQ,train
xEUbXwWImbc_1,train
FAOHczmX7Kc,train
NZn29gNlDio,train
K0VsSQMEtMU,train
QaB25cChRXc_1,train
_mmkfKN0-dg,train
jax7fVU9f8E,train
LOHFGeu_YVo_1,train
9HpOx_E5Q9Q_1,train
TrCMG8Jm2_c,train
lSwvLtI69Ls_1,train
fVM3O_zqrWc,train
KNepaNAPVHM,train
1Ih8aIET1t8,train
XNwWFLtgL8I,train
rP-VqYz6Lyk_1,train
36-jdo8Gt4o,train
0hZluINun1Y,train
JKKejwob7W8_1,train
v1TI57zaJKw,train
aeaHJYnML2E_1,train
SqjG2lMm-NU_1,train
P3LobzeDo9E_1,train
yeArkcTSTdw_1,train
B4Anc1i1S1E,train
Va_b6_X-wOs,train
HJLgJ0K4-pk,train
U1jYplNZtN0_1,train
9ZFVsuD_DOA_1,train
5dKLdjBujo4_1,train
lhRSYduQK60,train
_n7v_yu-uiY_1,train
qRqxwR1617A,train
9zh_TIspgro_1,train
-NpA8OS_Oj0_1,train
C0UywICFPWw_1,train
fe3uPTqXfxQ,train
XDSaCZLa0o0,train
lZlKIjW-0HU,train
WISR3HEeKgU,train
fCC3_lRJ2es_1,train
ufTWb8-_rGA,train
ta3rguAgy9M_1,train
OX23xzI_GhY,train
1TZXeenr980_1,train
oLKRnSnr58c,train
RlIkYzzsHpg_1,train
xWlgNHh5ino,train
CU60FAVcxnc_1,train
XWvuOZR3KRY_1,train
ahUSb4o3pKw,train
PffO6Uac1uY,train
23L4Zan3GuY,train
aS2e07FE2uw,train
yHWecq-Xzdc_1,train
VsCf7FnMXn0_1,train
b1Cbwx9LrQM_1,train
CXzmFPBwjzs_2,train
8-ifVHALpCw_1,train
aW1uRjayEEQ_1,train
562GxmYvvsg_1,train
Hoyh1m0u62U,train
TBZtRv2owM8,train
U-MdJz1XGpg_1,train
oH5IJ53C4Nk,train
EI_dA2lZLds_1,train
83vmd1I6Q4U,train
vwpHHohq8II,train
01THMylW6Mw,train
YOouxgzRLPY_1,train
u1PuKrTDzdI,train
wwf3PXeSfsg_1,train
XR2EElHLeWE_2,train
QBbAwvlhH0o_1,train
nru9lQCilqs_1,train
DQZ8UEoRnUs_1,train
5ToU3NVFX_Q,train
3ymIgijDrC0,train
KXNl6DtK84A,train
EnNw43_8YjY_1,train
v_BzLSp7PLM,train
ZTyOfVeFBgA_2,train
PqftjzLnMEM_1,train
41OGaqeAUMg,train
gfDGWjaDaTk,train
XgbPX-5ddNM,train
N4rsVFJsb1Y_1,train
svQLNa2vzFI,train
qjRRaPtsqf4,train
EHWONrQWsVE,train
5-Twa3eHlf4,train
ADgKP4UpMkg,train
Gt1EHmS3kN0,train
K5K6_yItMbc,train
W4DGPU0uPEw_1,train
LAMyZKIAF9c,train
FxpR_7U84nQ,train
rD5-gbf9Gzg,train
nyjlcCkgQVI_1,train
BNnUgdUKtf0,train
0lrX7s_3ScY,train
ylCAApFrP88,train
Ty8eDa-6gQ0,train
1B_wGNSS-uY,train
Uyx_b73fxUc,train
TSBR8lkAmaQ,train
ZU74gADGVD4,train
AclEDgleQ6M,train
MsWnmwlUBik_2,train
4bUNNgy6hOg_1,train
Uz_wWiAtIUY,train
UfYeaYNJV8E_1,train
F_ssKRakSBs,train
tbjIgLxJxic_2,train
SEmdCAG7t24_1,train
xoqqrOjlpD8_1,train
ag8J-3yc7PE,train
TPCuCv8TjE8_1,train
vSEUaTn35j4,train
PGrGJBQGm3E_1,train
GOwke9T4QOU,train
53Srb_Pjvt0_1,train
4hI14OUpXoc,train
IxDZyvc3cRM,train
5QIrV6DdCG0,train
rKzMbfGElSE_1,train
0YIk1iTjDVY_1,train
CujxTrMxQEw_1,train
N53qGezr7MU,train
zgQAKKtXOZY,train
TW2KbOGRx2I,train
s09swjiVGok,train
Z-WSsu6coz0_1,train
1sZ4BSOC8nc,train
MH7f6cug0zU_1,train
-x6oHEcUExQ,train
ojf8g4q0xvU_1,train
XqqYCaMA1oM,train
1OZTqBF7fFg,train
z5qHAG8YSrE,train
z8d961aDuUA_1,train
FDV5iLDQiFs_1,train
TIzjrc3-71E,train
FCNV_86edvI_1,train
GGK97cywvBc,train
2VUCXrEllWo_1,train
6YdDaQpd7-E_1,train
MOW2rm7IXxg_1,train
Ov-hdZ4oacg,train
NeEUjskiXkY,train
3gymi4f7hps_1,train
qp4Sw-QAMD4,train
y-rA7UuFbVM,train
rBi-dpJFZuA,train
GTNV1gmJDSk,train
Ap36VoRZatU,train
HtG9j-D3n8c,train
-IKgn_mGZrw_2,train
JE_6hkeERgY,train
wku-gtLtQyI_1,train
7c7A8VNHDg0,train
Z45tFt5f02s_1,train
0nJrw8f2FLs_1,train
RxqkJA2EG0s,train
KCFYiQAly-Q_1,train
sm67xCmbfNs_1,train
yHBEcGgShh4,train
8ucWkX-wRrk,train
BWKieNmLY2c,train
a7LNu3_mPAo,train
P7aSfqQTkTk_1,train
-mGXVBz8pfs_1,train
3SS49K8MK1w,train
Zj_vIX40c4U,train
AhDjpH0xZAU,train
LEqwMyWAVG0_1,train
QOXSBvW5Pds_2,train
-It9bwqowig,train
NGJkhj4AWbA_1,train
D6jjiguTEmI_1,train
ay7OzoG5fk8,train
9r4aaMyWBvo_1,train
-Tfg5XTzi0c_1,train
31l98A8z-h4,train
JjDVZDpPjbc,train
bxQU88YWOhg,train
3NPxIy6OXzg_1,train
JbG_KfmEYm4_1,train
En8MHpUgipg_1,train
fmWmAAtfkBU,train
XVlUiV0aFOM_1,train
4accXsYqRnA,train
NqnV9iNS62M,train
yYXL6MOhLUo,train
aVxK8yw7z7I,train
-HOXFEzH00I_1,train
ITV9-ymtK_M_1,train
lz2BCCFiYmQ,train
1AId61ylQL0,train
3VSNwJnUmdA,train
y-bSGi85wc0,train
mNf1uFIbIfI_1,train
rs7TTTwmbBo_1,train
TDlj5kHwiTk,train
0rN_yoKLCRw_1,train
bq2QpJpjWUs,train
V94cJaXyYpY,train
BD6ADUnsyio_1,train
2-oX2aeeV9M,train
g3QqEJhvyYE_1,train
VfQpOfUkVg8,train
5TJpvP7Ksbk,train
yYn7-CCwLkM_1,train
aQ6GM2E-3-k,train
HymdtSakcww,train
NNiFl_dTBk0_1,train
rt9BRaQYqkg,train
EuU5L4V0jsA,train
4IR40ptGTIU_1,train
BYnUpQfk3Ts,train
0EQEGldp9YA_1,train
f--3Qilcxvs,train
R7P29MkehIM_1,train
-Oq_e89164c_1,train
1rPm_3Csg8M_1,train
SwLs3Kowas8_1,train
kGa7Bq3pYqQ,train
LpK4vi7gyoU,train
BWWtThOnwkE,train
2VssiV_sEIo,train
Y2uzoxP4eZc,train
xYWHiCUuoi4_1,train
NnUnWcgPFC4,train
EKWgFRGdMwU,train
Fty9TY6f37g_1,train
LNeQmfpFxKw,train
Cqtgx6BSkRk,train
4KjtR4PwJVM_1,train
eeVBDqHOrEQ_1,train
XE2bfzfoTro,train
Fgkks8MEUi8_1,train
VbRmhM7sUGo,train
_NQG94L6Ook,train
1VYE8MAF6yY_1,train
fsA2L4hL5Cc_1,train
pxQQZrTl_S0_1,train
ND1WM_XYP4Q,train
Gm2HCSz7Jqg_1,train
nHEWuB2F5O4_2,train
5NyBQ0If_iA,train
F2oFyH9CkpI,train
PZONaOEO8AQ_1,train
u2IcV4xxNSA,train
F7s5GtLbtGE,train
Oamv71HbOMA,train
yLSyQAouIYw,train
ZM0n1zjza48,train
1s1-9Ve6LN8_1,train
US1v85XAz0c,train
CGNDUJWk96I_2,train
JXtbhw70wpY_1,train
QmWhfW8wyMs,train
FlaNoLJsw-s,train
ZWdAqWE-J3k,train
_vlN9I_YSG8,train
SEuUIH_SeVc_1,train
1aZYCh3HDZY,train
eheMtSsA-ww,train
BX15HPM6TzE,train
y938xCsUbpo,train
Qc72veU0a6g_1,train
6BHgvzr83E8,train
-W13ICFg13E,train
eu6jtNK_qfI_1,train
PGzUbRs5KcE_1,train
MmeNMGTN-aY_1,train
HyYH_y65nQs_1,train
5gyfQ4lGoao_1,train
CDd6olbtjWE,train
14yNmnzY7X0_1,train
ZfvUujCbJR0,train
iT0YsG0QkbU,train
CqilPDcjxRc,train
78hb7LPYmDU,train
GWQ3h3xY7os,train
IWCiPFCUzI0,train
x77fC4-wJ8c,train
5jDsH5VpFBo,train
qh52MLe84Fw_1,train
UQh8UwdcnBI_1,train
jzoSaQe5fdU,train
CX_0sOJ8AiI_1,train
0AW9acHJhNI,train
dm6hv7A_XGI,train
1ocgYJL04To_1,train
BxxS_OuUUv4_1,train
Cc7VwcMMTqk,train
CvppYfpiXyM,train
-5lgXJQG0EM_1,train
OnqiVVsNE8I_1,train
h6GYmPOMrDc_1,train
203WGsHFjhI,train
77A4jL_zT1I,train
GlsK0Ejjyhg,train
9gARyCGe8sY_1,train
bGzdNLa1O9o,train
EQ1yzB0YoPY,train
6Dzj5-OjQzU,train
AZBsekRB7zY_1,train
j0KYjVbQn2k,train
tPpANCTOBgs_1,train
jvJvFTBSXuw,train
OE5sct8DJxM,train
lnZbgS3LNog_1,train
KYqKLRfxPQs_1,train
m7F7GzaBG7s,train
j0m4en9JPMo,train
hWrC71CmNus_1,train
A6f3QRzvHV0,train
GZagTSm_qhM,train
R22GF3-wqUY,train
rOjimhh-dqE_1,train
V5ays4bEcFE,train
v4dtaEki4f8,train
TDbdRtOwX10,train
rjZmgbqdoRQ,train
VCOeuYSrcMI_1,train
UrDzxGca4Vg,train
KlLTWfYX95g,train
5naqubp3l2I_1,train
CsVqdOkFe4Y_1,train
omcdxRmGHMM,train
cwEfR3ySdZg,train
k0oU46NwtCQ_1,train
tPNg2Waa57k,train
LOJcAGPKq50,train
MbKRtuwkHPM,train
HSVMcyMhWvI_2,train
kdMxj-h-rRs,train
X6SdTvnlu94_1,train
Y1KyjzkkP4E_1,train
3BJDzOlCGcc_1,train
IQdo3niLRus_1,train
Tw2qPxlzf6Q,train
1IQ2ygYhtG0_1,train
yG1xsd6JyfA,train
mDQmu9H4-e8,train
GSMQDwI83aI,train
yHfQFast5r0_1,train
VcOM49u8maQ,train
nejz8c9gkFE_2,train
5ZQ26qxo_qY_1,train
aXvpcfjK7Sg,train
STNM0hUpfhQ,train
9VvSEg2LUHw_1,train
kpVwMOWsclA_1,train
C_HK0uWAt8I,train
DzyfpdJYBwg,train
Aa8BKFLPRYs_1,train
MUWVSQ7vqGE_1,train
1dsbO78Qh5I,train
-ayQ9-eEVPk,train
cpbTXmt7XwA_1,train
gQ_fr_Rv8sE_1,train
O8jMsqDMiRE,train
g6hYRF6ahSE,train
BT9rDLe3e_8,train
sOOzZZY-gQI,train
G1v0EK67zuc_1,train
a9xB9EN33FY,train
gvFkCJni120,train
04qLwQo-2MM,train
N6DxyKcaZVs,train
46EMlBxuYAU,train
pVFFflkBVio,train
ym9Nx-zkmEM,train
A0JzS62h92w_1,train
7iPa6A1bwuE,train
8FkwA1OENww_1,train
xx6t3kFyJuo,train
KTCV2tyighk_1,train
2ZARB_EzwH4_1,train
g8--b-O60kM,train
1uQyCwx-fEE_1,train
9KZbTecPlh0_1,train
F9JOa0fXPI4,train
y9c93mGmbHc_1,train
yD9wwZmkJlw,train
6ZaYY0vo6pk_1,train
NSM4xH0MhHY,train
D3-jY-B3kFo,train
CXEDTo1PXCg,train
TIr35oN6iSE,train
iRZbZObhJ9g_2,train
lQpBuFX4L1I,train
Fw0sNnw7Jd8,train
xiUZYUTW660_1,train
VaWad6GHjNM_1,train
08z_-ESgSP0,train
q8nqvTW4ZBE,train
BPWGQ-KcisU_1,train
-XHIq_olkt0,train
-oJL0D3n2e0,train
kPF8HIor4D0_1,train
2gAXTX3_db8_1,train
XR_LQZfd3F8,train
6r8MMPO3o9w_1,train
DM_xL10khbo_1,train
C_VE9wu76So,train
DVe5knz8gh8,train
yLphnfhAV_o,train
Srl_Gk0vjLE,train
l87H6gm74b8_2,train
lpwbRVY9-vY,train
q5h35OmM1Zc_1,train
i4i1dYe1hDE_1,train
8HEymPeiThc,train
0FHckg-WrEo,train
tD_WEFLyuDY,train
VbiFEC7SKhg_2,train
yMNGS-VZZj4,train
VvT_rRyfhYs,train
Rc4vFhGRgIs,train
3SIXJfwYlFw,train
GybjWmdp4jM,train
H2RHQ43Nly4_1,train
yjFM1hV0hy8_1,train
AcAbORUCKbM,train
UfZyeijqQeY_1,train
21Y0f3QHoKo,train
RfhBkV1VBNo_1,train
Brqv7-rpdTQ,train
Bir6ea5EZ1c,train
M7-RJmu46Fs_1,train
QzFmQvfUaa0_1,train
9LWMsCmHhaQ,train
WQtuFPPXrts_1,train
CPzNAqruek8,train
ay96dkDBYMs,train
VDbvWI5QT70,train
-1aXmLMzHUI_1,train
8bC_BlQw_eQ_1,train
3Rn7sqmjgWo_2,train
z6Y6UJn7Mr8_1,train
VqF3Q_7eQDc_1,train
whkRlb-0s94_1,train
DsIehsrzx7o,train
K_lfla-AAV4,train
J0Jx4BIuGn0,train
LPASkvwrEhg_1,train
zMVhZxmiK-s,train
g_WGhzxUi4E_1,train
0xxg0V8sb3w_1,train
fCt-Gci84f8_1,train
NZ3PZzNJ2hs_1,train
RhS6nAUP3C4,train
FEGl-ICREeE_1,train
BMsUiLpUFQQ_1,train
Aq_A-TmNfwk,train
iTgS0k5G4HM,train
iLJr7ZAPfLE,train
1FirQ_71-j0,train
vM9tngFYH1c,train
4g99hQUlSd4_1,train
IylKyQ_81Zo,train
JQ0W7D0nvlY,train
3DSsRKPkiGI,train
Nt5QgTWqBcU,train
AYTEzWH7BYY,train
1XEZmymH4e4,train
1tIRnOnG1LI_1,train
Roe3st2xwgQ,train
TCHTGgRtZeI_1,train
jrqzCgrsKbo,train
kX2zG8GYM_k_1,train
Xjnz65u4rsc_1,train
lJsUQT5Ztv8,train
5ye1yjh3Z20,train
HWsnuUvNGuM_1,train
HCLav_Tthvk,train
DPb0Ariw5Ic,train
ae7r5dnrG34,train
3VP2rlxefJI,train
J9rhbSDTm4w_1,train
LdhMy2tqQB4_2,train
8tF644BWKNo_1,train
EDxRoZlrq5A_1,train
5SkNxNsxu_E_1,train
ulX1EaESaM4,train
ny7-NbuyCuY,train
Nr80alTAMrw,train
YT1x1wgyjLQ_1,train
37i_Xt_w0Rs,train
P18HvmCotMU_1,train
jMT-IXiUqYU,train
zEhEGpPHGLE,train
vPmpk0u_sls,train
fQcXVe8_ZLw,train
X4Vs1TVkNss,train
XDO5mNV8P8o,train
3IHHaKspcfA,train
WXDDCUpUoUo,train
eH7rPf10P-w,train
P3LqZYt2U30_1,train
BQU7PK2GEw8,train
Km1_9ZLW-w0,train
ClLC-JSUEq4,train
03UqtTd9opc,train
BoTn3ZPqyjk_1,train
Jd-pxhXGefA_1,train
MlfKy5CzqVg_1,train
RRX3vZmNyw4_1,train
NqtEH9nZexY,train
UAHpTtftpWE_1,train
HjQ5ftX3H1c,train
SYlMAasD3Aw,train
czmizKva6TQ_1,train
V1dlIBcgvjo,train
SHsq8VSKV_M,train
QdOmsCK3gHg_1,train
A3vRjp3UwrE_1,train
UYS5jKTw0Ik_1,train
7F5-fio5ipg,train
_2TlWc7fctg,train
S23VB6dVnw8_1,train
7Ef8k8x0ESQ_1,train
hl1aZKaSZ7I_1,train
2oYEEIt4HFs,train
GgsIWmqqgoU,train
WGp_XsdMsp8,train
Ubkc3VIH4QY,train
kol8vlW0KxE_1,train
SF7r2SG-fck,train
7hQwjcb-qlU,train
KAkggm-5ApA_2,train
STJ38FSDE8w,train
4TymgqvinvY,train
BEBfzPkE3EY,train
hlWNjgLwXUM,train
xTQHYVNuH2I,train
JyAbrgrmXFQ,train
aO1B2sAfigI,train
onsdyXAWNqY,train
6OIXmWk9mhY_1,train
eAFoZUaOwac,train
7kHYT1bESao,train
6SgubmEkZQM_1,train
jp_IEErEgzQ,train
p2tdvIBIU0c_1,train
Iu1aKegaeek,train
EWDMPkRnEHI,train
67RFKb9R-Rs,train
lTzvesFWOYI,train
JeJLv2tM3nY_1,train
N0lQZi87koY,train
YewyTxkCShU,train
AaHmdX-mi5s,train
eB-n9xBA7Uk_1,train
2OZj2Tt8dAA_1,train
a3qDF39okh0,train
bEgGF4YuHm0,train
uOHx8MflCBQ_1,train
4iLJjksh3C8,train
qkzrIpdfelI_2,train
XQgxYpjO6jU_2,train
SwLX5yOifFI,train
bDOUOr8c5EM_1,train
sfB6sqRdrFY,train
0nVI2GBhbUQ_1,train
oSjumbZ6yhI,train
xH84YCP65HE,train
L0C9pyt3Iv0_1,train
HqsZI1n6pGU,train
5-DDBSyDDqM_1,train
WqWsOMVE56M_1,train
-F7HjAaemJU,train
5U9kzmEMhoA,train
UNNkbxYzexA,train
oKJinRbyd5c,train
0klM2u7dV9M,train
lNHaEWqFnZk,train
2BI51rfBot0_1,train
2LLe-kRAu0o,train
N0QNiLrVGl4,train
AMSxEvyhESk,train
3pqDm0UKO14,train
65whLEBzOCw,train
ZaNS5RUpBAM_1,train
945eoq95GKM,train
Cd0f7fvtGTg,train
nIw0e8QMIko,train
EFBQAgXgXEk_1,train
Jarh1WMa868_1,train
r777eDg0fX0_1,train
tY7LqqsBV5Y,train
RHetQGTr7nU_1,train
EkK_DEi9vog,train
n_8B2_ChR7I,train
EvwF_HCmPxY,train
XT42tl2wl_4,train
bJ1Nsi71fnE_2,train
amB7PkF8fWQ,train
mkgTT7rVBAQ_1,train
Cgs1MibMXJ0,train
ty_tchoaG4Y_2,train
w5hHBBDrypI_1,train
yZ6LzjeoTsY,train
-i21y0g32n8,train
JZRAOigBYnM,train
1FXtTMWGzMY_1,train
mLANykny44w,train
Ey1sb2Mq-00_1,train
eUB3bcNRzU8,train
TZqRg598wGQ,train
-rwYVwVdHns_1,train
dqZy_QkKqNM,train
OvDIlDiFmnU,train
g9SpsCvyEfc_1,train
IL9zmsdJg5g,train
Ns3lBPP73Jk_1,train
MBJe-opDrVg,train
DbfHSSkk3Ss,train
rSeg8yH3Lgg_1,train
UfA1NhqdyRQ_1,train
LbxSV8unB9M_1,train
2yqiuXXxZ3Y_1,train
b23vl51AH4U,train
QkHS0W8x2M4,train
rdW1Snzd9cs,train
OBPTV3YthOw_1,train
HZKmJZ3VpIg,train
AUnzt1FRoRk,train
bfc3A5WT7O0,train
MFNsb1cUbDc,train
94yey9jGdsE_1,train
1leH92mkoBI_1,train
Ctsn9y9OSCk,train
88cVTMvw2fw,train
b8z6CTJw-TI,train
u2O5QPKSzGo,train
aBFl_E3z3m0,train
50rdgc3m1wM_1,train
wHl7V93XdWA,train
GXhOBQRBsb4,train
LFAMKxEzB_g,train
3FY7bYQBJ8M,train
juL9VaVeWPs,train
pJi25JN7TwU_1,train
_J3ub2IKdWM,train
7P34KxZ_KLE_1,train
413unEDKRXQ,train
GsXkUJU2csA,train
G3noibPzJ1w_1,train
4Ruem9NXrqw_1,train
4WDhqg6s8lw_1,train
LH_-eRo-vYw,train
Pj0MkbEahC8,train
1CVlY8md0JI_1,train
gR1Kd5i82-0,train
E4hL5jUFwCk,train
AzOpSq_iZCo_1,train
18Os6IiQRes_2,train
Sd7e5qVlMB8,train
L9tJKkCTWfs_1,train
dQs0quEuTls,train
t729MGitv94,train
Ro2y0_fypc4_1,train
hMLtjJ2H09Y_1,train
8jmBwGIKPmg_1,train
G2Lhs-1HRys,train
E6XeodyBzYs_1,train
4K-4FU5l7cY_1,train
oSG1xo9mKto,train
TR30xmE3v0s,train
KoMeOserJ2M,train
I6kZM0sKraQ,train
Vym9FKyQnLQ_1,train
5ISUVe2dXX8_1,train
xOxrAcyAcII,train
qJ25qL-gfX8,train
--7-rCNOiK0_1,train
y6Y7pN0nzX8_1,train
yRoamy-gOgY,train
WQpetmGGa2Y,train
xoSQfP-1A-c,train
QF-_qNWaBaU_1,train
1STccvjvCKQ,train
K-cAmlbGqqE_1,train
buBZGkwchow,train
XEQsvpY65LY_1,train
Xqqb4UhRPMI_1,train
WwlvxaeHNGI,train
x3JBmtirJQ0_1,train
GK1Zc8T40Yo,train
GtaZHYq-u_M_1,train
RjlLl95EtCQ_1,train
cEclg4wFkQY,train
r7T0UqigDqg,train
IA-RnnxesfI,train
GjqR1Zt5Yjw,train
a7hNqWODhnU,train
1js4OwpNYrc,train
8m_WUuSGZHg,train
hc5PzdRYMUk,train
Tj5FRh9ASMU,train
yW6uqjLFKgU_2,train
ZaBfhzfL_II,train
eNA2jaQ3PgU,train
uK8G7-89HCI_1,train
UD02Bmbm1kk,train
vAuu3hDoGhU_1,train
aCSZ-jr5Y_o,train
UtIn2Jira9w,train
0Xhmme0IrvU,train
PAkQhoRDVMQ,train
9A6I1vyyc4s,train
_l5aWVYPWik_1,train
raF-yOcZpkk,train
UOFozu6HCwg_1,train
97UeCMhqWxw,train
K5xvRicYsgQ,train
GiOVSFEP2UQ,train
MwHD6LxnfXo,train
GoDqsUZU5yk_1,train
Jd3to2MXy6s,train
IRpEcHFlSk0_1,train
h70xLaGjPIM,train
ut1NzAKHBXQ,train
E2GOvDBZhdI_1,train
qksJ3uwtD1o_1,train
5smQtXAYAKM,train
Eoz8FUQDCKY_2,train
5MtZYbYZhIo,train
sNQ2sQ75wJ8,train
KTNP8wR6a_I,train
8Zq6uAa16MQ_1,train
GLLwgmHVTGM_1,train
OXmN5c7MCUk,train
YQflbkaOx2g,train
1SPhtgudjI4_1,train
RaTUMGgYYTY,train
8VeV3_Y6Olw_1,train
Gy0xJk_gGZ8_1,train
BVtBleg0HgA,train
1eodwdZ3isc,train
5at6UD4G24k_1,train
ktkkqkosNMY_1,train
PTv4C3vii08_1,train
bOqgzRbAuqg_1,train
o_ThmWoMwYM_2,train
Yrzxd9xMdf4_1,train
QXRCiVRaHsI_1,train
5PLTkywHZ50,train
4P7EFM3C4MM,train
kKlexawuuCQ_1,train
F_Bi2czPDcc,train
kyMdUjCgk_k,train
1XLi2MXWjGc_1,train
ENY1YTTzKao_1,train
QMFllz8bqbI,train
8WOkDhrU_Rg,train
50jD8JNDy1s,train
9bwbusx_8ik_1,train
FlB4FQhBm5M,train
B71wV1k7n4M,train
1EoEG8Pvc8Q,train
nHoSIUvNUhA,train
3uyNF9yZCCw_1,train
Wasx0HPXASQ,train
NXjRJs0Wxkg,train
1XGaQTl0iQs_1,train
hO9pTrkhSlA,train
2qV_PsuKKvE_1,train
7VB_sLH5j4Q_1,train
aYbsN9GG3kY_1,train
wlPKT6teWGk_1,train
ui_ACRhp1jY,train
gmtBcUWzdwE,train
dxvGVA3-j9k,train
uqfvjaFYDQg,train
CBgYsD9T-uI_1,train
IphLasWnRHk_1,train
JYvB-eiJP-I,train
gHKbG1LDbDU,train
aHhWeircCv4,train
c_i7AAEhy3E_1,train
ARSm5la19W4_1,train
iCZL3lk119A,train
MBQiG5ZQFQM_1,train
D6MP5temHtg_1,train
KcJguZ4bFWU_1,train
461WaV7kRxw_1,train
-2iGhOnza38_1,train
s4ez79CSE58,train
zFykwvdCws8_1,train
yXrES1RSoV8,train
SqoYBOJfc9w_1,train
msAFTkGIkKY,train
EXoZ4SeF5as_1,train
FogwGS1HzIQ,train
2mZBDcRjP-Q_1,train
esjHmLoXTKQ_1,train
QWN6Q7XTChg_2,train
5dvE8jj59zQ_1,train
6iHv9-pIldQ,train
ILinyrxnsEs,train
9QYn422W2pU_1,train
qUIXw4OObjQ_1,train
XWwz6oS8uz8,train
e9pXePHQJnM_2,train
-cw3ySwZG-0_1,train
n4ITD16-c9Q,train
lcw-m4_hZUY_2,train
j0FRtPBWKaM_1,train
ONhI6iem9kg,train
5fAIyKZuqjs_1,train
ZD4iPTVebqg,train
gnQLgdWLk0c,train
6nKQbhX9QHo,train
cxqz0EbY4yE,train
59i-nVlaygI,train
LJDiOMjjmgQ_1,train
JIm7aysFevs_1,train
xQ24Y6Y7wvE_1,train
f0lX1hYxleg,train
TrGBcTGTlhI,train
7vVeFsNN7uA,train
ANxPvptCW6w_1,train
2p00fwBvXEs_1,train
ILXJO86NsG8,train
gKJXWarD5LM_1,train
L0J8OikrRXQ_1,train
Ykv_2L4-7RY,train
-JYukZxN6wQ_1,train
UPh2mJTMLIQ,train
VoGbGa9k9K8_1,train
gxFroPz8ydI_1,train
50Age2AKB6g,train
4epyVRUXIWA,train
Qwa5c4aDFaY_1,train
2L_H8HYM5hE,train
Qb3nTAfOz2Q,train
fB6rpU-9SSU,train
SHPaqAaE29Q_1,train
kusWSSN4xjI,train
qN_4AbN4yS8_1,train
wu_tcc63EjM_2,train
HLHBZen5qdE,train
tSgEtTP4jkM_1,train
ICWffEGAP5Q,train
AuTgOkqjmKs,train
VYVrUCzDt_w_1,train
aK_immPV5TM,train
7PKlEo-ZLME,train
nPFOofWkMZc,train
xuh2imuKrI0,train
FIUecHseRiA,train
8xNtPv0InYE,train
4Irn82ukR2M_1,train
0msmxYxchSc,train
3Eq8FeSFJpY,train
tUegsOrBY1U_1,train
pyrA60I4x5k,train
Rs0EKMMQqPI,train
Ds0rhfDqBrM_1,train
4fPciu-8Bmw_1,train
WKgIi8YdHtI,train
1qV27cyAjEY,train
WGdXSExEco8,train
UxC_mC9iK-I,train
tS_WbbhJD2I,train
k8Gk1M_pWlk,train
Ned2R4FgR7Y_1,train
T4VLu2P-X9s_1,train
ZlHosNYMQwE,train
wi-dI81iYSY_1,train
HV7L78k5KeE,train
TLXAEKQwcBY,train
V762TGrdsYI,train
2pjUxRe91qU_1,train
mLirLDw62Dk_1,train
2iWRUv6eMls,train
Q3oaDDt1Yc8_1,train
VCAyZMacKXM,train
wZeZ2Hr8VEg_1,train
AZ71WPBDNuM,train
LfYldiPt7Uw_1,train
jJe3JfQi_Js,train
eKfjQx-16GU,train
mztpaGS8lno_1,train
0PKQWh0-C8o,train
sORWtcK5Cl4,train
3xKJDf869EY,train
ZQzqGalXdEU_1,train
1-Zz07NcsKM,train
PnAOEoaN0tU_1,train
xbBwbQ6AZv4,train
BMzjPIvzVfU,train
C5lKWeivlFY,train
MDshuUzuAQQ_1,train
EFPl9sfDRkM,train
osKMM2nRMaI,train
IPRNWTt4NDY_1,train
puQHunAHML8,train
N05i2V0_8kI,train
0ykPPmSC3Wk,train
FuP3ROsNQoU,train
gbD4G_rYL6E,train
7r-E5BNnbZU,train
wxH6fMp_1PY_1,train
r15J1z-vQIM,train
cXX9Fqj1fuE,train
7P9YL1tEnVs,train
zUzBN5DY_3A,train
4joUJiIztMI_1,train
k8gt1UnMkR4_1,train
Te9AcG7ugOc,train
HLngaK2mDAo,train
8DJVQADbpd0_1,train
5BwB9bxmvGY_1,train
c_N193NzE94_1,train
drY08LJIVLw_1,train
0dz5Em9gsjk,train
SZeSrHZy0dM_1,train
KfqRU_5sing,train
pQlSVEXVTg0_1,train
uEtH33ZDk_s_1,train
52a1sCV-74w_1,train
c8cBnLAFa40,train
EK6tORg211g_1,train
8WAJ_vejYOo,train
eyzf4IkhbxE,train
4RBAWNsG8Hk_1,train
JtykP_hFReg,train
G4VFlxK9srU,train
GWPzuYBtXA4_1,train
IER9rPq_O8o_1,train
hZGHZ9sLtlg,train
N62iv94HI18,train
upAZkdtoF_Q,train
T45Hsn9ABV4,train
50ifEC4lOTQ,train
DMxZHUZ7u88_1,train
UceHJJVBBzU,train
5J8efbi3d6A,train
8_1PBGMAj9w_1,train
RnbKUzEYGq8_1,train
mZ8Tmp9I2Is,train
6Jc3GEN51ks,train
5GWUar402WQ,train
HT_22dYhzpI_1,train
fauftUvYPls,train
vj85ZSkQDVo,train
W1JjuXkqfyA,train
RpoDGwIp43s,train
QRtqJ1CnS0U_1,train
AUqBZl760Lg_1,train
Q65na_iR_HQ,train
-R02rqkyxHc_1,train
YJTInZmt8eE,train
wtXCZaGIQsk,train
8Tsv4klWWuY,train
XTZcfTHZlW0,train
4Qm7AgT_VKg_1,train
YFrtVUeFoe4,train
6X8mSzwuKWw_1,train
Ks0qQY_4_zo_1,train
XVyV9wkauSw_1,train
N2GsWA1smG8,train
HCpfu2Ud4GE,train
WMZ6Yh1FSP4_1,train
P2If73nwzYs,train
zhxo7cEkSF8_1,train
iUx2uTIIwjw_1,train
xMvpodrz6dM,train
cWsTOcbwNJg_1,train
7O43NW_PICc,train
O6YJgD20e2g,train
IhoXleQ5yy8_1,train
Yipdqci-cG4,train
_mAt07ZKGeg,train
JumxHKPgPsw,train
evEAhw7lHBI,train
GMAuU7yQo1k_1,train
wsy4LqAJq8E_1,train
AApcKicSfHU,train
x-lubm0ha08,train
CmAtK2kV6GY,train
o-H6UeceSts,train
ZES6f5bu19M,train
w0C2Lq7hMsQ,train
x3nuREvEwis,train
kWHNVZbueII_1,train
V3YYjAXQwmI_2,train
DCH3d-S6BlI,train
HaYoTqtme1k_1,train
m0gLC72xKDs,train
V41e4s7n5jY_1,train
VdaOSlNkCEY,train
HLJXFFx-auI,train
bkJI2VTpAwA,train
o68UYF2jW_o,train
NoKq5zdDsQk,train
eihGwOuNl1E,train
JwE82vJ5lF4,train
ddpIUqF0dEg,train
DlLsAg0WL68_1,train
nSEzV5TYaZk,train
sXWMPF_Enus,train
x2fCZCCqh3E_1,train
7kqD46WoJWQ_1,train
8WNV-TgaJTs_1,train
oPypd7lSD84_1,train
9GqUoFtKfNE,train
DNF5QY7x2Lc_1,train
kVWLNRW6HTw_1,train
AVjyszuck8E,train
ArcfZOVJyc4,train
fySF9xDtT40,train
NhFLlpEnqK8,train
18Wi03A6brU,train
fkbNA8acuv4,train
P1WDAwasyoI,train
-ZJNHmctH-g_2,train
BqgTzj7IeZ0,train
STn1cOJ8Pms,train
LoDs7v25rTw,train
NZoSVSZeP7s_1,train
yo9-6O8jNXQ_1,train
IMlXe5o44pc_1,train
6bhBP3kbyds,train
T8I_n42FuBc,train
IdTIbvWgePA,train
AEjUapb4Iwc,train
IOp7Ml6b4sk,train
PiSY8MIVoMs_1,train
FhgAT_pNTIE,train
SBeMy0KGdEw_1,train
CLjivq1wW6E,train
SREF6XRNv0w,train
4lQ5qbaS0Gg_1,train
dT9dCqGuDCE,train
OCDSqlCaWlA_2,train
rWCFmpbmMPw_1,train
8gOeGenGvfg_1,train
AGSQnRV3FY8_1,train
0uvuluJqqAM,train
8gULClzsbQE,train
WYEvZx_EaEo,train
cTLsY2Pa848_1,train
RpZGZHEgtYI,train
yI2JracrYZs_1,train
a6CyJGTNsG8,train
bmnbIMDM4MY_1,train
Psk7z4TM-yM,train
1HI4TKdLMOw,train
UGFkd_LTNW0_2,train
4KttVgLezuY_1,train
IRUYQfpLjhY,train
pHKwOx-oGic,train
E5teJWyr2rA,train
KicAz88jtLU_1,train
zxXFqg4uC_I_1,train
5rAIznB2Sg0,train
AkDOjtOtGGA_1,train
xBLGhif1BWI,train
e_2UcnQtmng_1,train
j6JhN79aivA_1,train
4nHooc3YAYI_1,train
RKMKhsFem98,train
E4Kp5d5orgA_1,train
hHLoe4rXNNk_1,train
SKlTYkUBVvQ_1,train
P5Dty8Ecdek,train
9oigD1xSV-g_1,train
18NS94mBGS4,train
R6ILTJGPlUo,train
4aqQ1oxaHVU_1,train
1yVn9e5zDKU,train
4yEYl3wJ-2g_1,train
1Mh8DMTca88,train
mUeSvl1T5Sk,train
8arkJfd_jyQ,train
pQ0xpEJDynQ_1,train
pl4fBwS1VKA,train
MKSKluySI3E,train
0AH93vop9YA_1,train
XI4MKE3j4no,train
ANfL9O6wy4Y,train
eGXitOKnND8,train
zc7cBfgwiyI_1,train
1L1W-NyiguQ_1,train
JZtlpCJqR-M_1,train
NY7NZeZ-ufw,train
ND4_C6fI-BU,train
3kbyPG13anw_1,train
oY37vXA7tXk,train
T3wOnHCetE0_1,train
yLnePZ71izk,train
fZsaGLA9Z3s_1,train
AnzLnEIXCI4_1,train
RdhTo_18rQg,train
SJrFnoOcTcI,train
Ko2hEXvMWB4_1,train
V3bwmMHBHzE,train
uyRfqa6Am-M_1,train
lL9bFfJ9t9E,train
qIYgR-Dvb6I_1,train
2bxNtdmwWmo_1,train
0NMbSbEZ7G8_1,train
AuCxXmjvztU,train
sErgS9d1UdM,train
B6dVHrpiFws,train
_wR2epuH6m8_1,train
hdJr3U_BZ38_1,train
fvpPTKgvPJY,train
9xgeOH9Jl9U,train
rvOBl50SewA_1,train
-E1n5hTjako_1,train
QIXGt2ddetI_1,train
HMR5t5IGwCQ,train
ke1DcSSwifs,train
x3H9ltkR_vM,train
5p6D25oVSyI_1,train
OUVv-5cwFaE_1,train
benrZFXwf4g_1,train
3ETJPlFTcwk_1,train
VqIMqvX3c20,train
Wli68zezuKs_1,train
3dJCO6ExmY0,train
A6OkMmLkj50_1,train
-rahbCV2Pp4,train
cmFVOsYv2Nk,train
bRG0I-FNuII_1,train
h3c9_id8RWg,train
OQ1e6lpNybo,train
1lGwbhBsuu4,train
e0SfMAxA-jo,train
r-Og6CaFJUA,train
Qn3Yf2GDWn8,train
4NzoLuGTigs,train
p1cUjAAJGtc_1,train
yTmK54y80bs,train
Q7Ggc0qz3Jo,train
7fdPaEyfc9Y_1,train
4KOdh-2oe8Y,train
Dg95uOLJogg_1,train
q6RWNvLf2kA,train
ODRI_ATiWnM,train
4wFoBAr9SJk,train
msFZgjGHhCw_1,train
oBlFP8OmGmI_1,train
pyuu4e4fioE_1,train
fLNCrNgXMuU,train
5YO6JToom0U,train
zJRmEhzjtco,train
oLYzn3tvSWQ_1,train
tcvRMX6s_b8_1,train
vFbghqf1jZg,train
S21lcUrY_pM,train
MRf9vcls4eQ,train
yv3O0xFD6O8,train
EF3PXbHGGUM_1,train
KLWmJJC8WvA,train
FrcAMp9yi1k_1,train
8gg1c5ZzWQc_1,train
VRhdtFEOlXs,train
6m-jzzkuyGM,train
Zb_TG66NcQM,train
qgH8zxbIQr4_1,train
krnKXV-ct3Q,train
VL83qtgsLCk,train
U-3Gvctw8Do_1,train
0E2yd3OjjsU,train
7zYJmIUn870_1,train
v2jaNOh-Rcc,train
5kpV_69sODk_1,train
L4iyGvSJbBU,train
KAsaLUHY0y4,train
OJqZgTGpghQ,train
tAVnVRAbkz8_2,train
380a54uCumQ,train
6tAfiAYopfo_1,train
rbXizQI1XOM,train
UYYmJtinmNg,train
gSoXECyR_-s_1,train
dmspcOTLMP8_1,train
JmBmx8jNivk,train
l_q1yjr1iz8_1,train
HnVaM3dWOO4_1,train
japf1wZMgiQ,train
EI3Z7yP6_JQ,train
wKBVwR3BraE,train
1hBXvK7TuNo_1,train
6oic47Y6lcc_1,train
4FQuX9bwT2I,train
4FldxWjLykY,train
Owp1cwVnCok,train
QowRgF354O8,train
UK3lCFwSt7A,train
ak5WS3_FBv8_1,train
2R_HbT1AO0c,train
PB7rn__dcKg_1,train
MH1cXARmtE0,train
WzQaqtHXGOc,train
mTuXlaWeVf8,train
_qABLoRjm18_1,train
FDpm4DIIUqI,train
KKOqbdFgAgo,train
5QOHsTpMPlM_1,train
o9vIJZ9h9dQ,train
rW8bfuuzfgI,train
Rjv2fm62JAY_1,train
2iB4Rwtng94,train
xDFgS6-OSkY,train
nnpCEu2kzrs_1,train
0CvaaVM5mNs,train
eNAP3Ae71MY,train
XhiIueAytF4,train
0ggPraT35p0,train
WqC9XaIJz8w_1,train
GoO-VsRxG18,train
7MItzb6gz2c_1,train
E6-Q2xXxUmc,train
PbfCur5zsw8,train
P-0wocPMVyQ,train
8w-jGg00BJ4_1,train
8hPNnF65IMg,train
3fG2P5D8Jm0_1,train
Q-Sg1afVMsE,train
26vEFQYbzvc,train
Ok6fbvE1cu0_1,train
ueiJkNzXxzw,train
M-sKe4o73uE,train
PRDX6PAOvF0_1,train
Qy07r-5SdkA_1,train
DbQXU9hA1AA_1,train
e8r0Tt42W7Q,train
2e5SUxTjVvI,train
u7dV3wCpaqM,train
S-BjndLCySU,train
nbGetUh9P74_1,train
ov-SGBORI6Y,train
Oiewyo7WQ4w,train
ytA5JcAmS48,train
DqnTDIwMoFc,train
j7WkWV09J6k_1,train
6f5kXjfqcU0_1,train
Cn1Q6q6XtMI,train
_pDr9N-HtgQ_1,train
FFAd29BYBxs,train
vesSu5AjSN4,train
nZp9HgnRg2Q_1,train
4-LrYNRVVZk_1,train
E99L8qeeuVk_1,train
CD7q4E7thng,train
tD71RsErB30,train
3NIFg2ExoMs,train
HbZjNSy4OHE_1,train
CPPp4bkc2M0,train
2cW9Z4UPvgA_1,train
qNUrBAQsL5s_1,train
UhtjXl2_OcA_1,train
1iZij0vXGiQ_1,train
bhY9tXL3Z0w_1,train
gRI_3iZrN5U_2,train
xj41dOgAdK8_1,train
c02rBJWw1fo,train
F9xcw575Q-A,train
34UjBeye-E0_1,train
ZGZMh2l-Kro_1,train
HE1mqIDP_Ik,train
PGdVl8-IzJA,train
uek2JAfcUhk,train
dhYooos0RiE,train
zRAHq3wDY8A_1,train
pAo8Zc96Tu8,train
7Rl3OaaGNkY,train
nhi8hvvKDe0_1,train
01UZKDp47Ao_1,train
-qzWfnV26kw_1,train
lg8a0VGcHKQ,train
Tp0lrE7068E,train
TJQdtS0Dkyw,train
P-k3HOBisv8_1,train
zwQFJqvvgqQ,train
BdQCN4niLds,train
7bb5Lg8QKIs_1,train
KD_mAE7nypI,train
OSRpGh3d0cI,train
KzcNcvmdfUc_1,train
-oy6L89CeWU_1,train
8hLvImVhOJM_1,train
1-wpwyfm1Mg_1,train
ir2j5tb_Dtc,train
rrjpij1UdL0,train
748qVYC4N1s,train
h3ZdKfu7Vws,train
Pbf2EXs2e4k,train
ReA3MBOOJZU_1,train
URJUqJrqo_8,train
1MKJ9LGRot8_1,train
g1vbPEqLqFo_2,train
MI2Jae1agR4,train
9jIu7tBsX70,train
eBn_I264LVs,train
V2MPSLmneX0,train
GN8sm5YR2kg,train
cBtN1DlLXAs,train
OL-CqbpYr8w,train
QmCEr-G9Nug,train
3FhNDV9UDzc,train
2vfL9h_KiJE_1,train
B34E37rWGWA_1,train
vYWosOoYH1U_1,train
0wY8TKOu5z0_1,train
06C4S0EBhBg_1,train
izdqbJ_kMkE,train
qvpipwu40zk_1,train
W98Zz8BTu7A_1,train
Pl5J3391Pao_1,train
4TubhVVN1ds_1,train
pZ3sCNXcd_8,train
L6opOP8-MB4_1,train
EcCzQVbFiwE,train
Ic7hCwzP2PI_1,train
gfg0aOxyM_Q_1,train
V3vmgiymarA,train
P4bcxgldVSQ_1,train
NbG_5zEsSoE,train
IwjaiMCqRSk,train
l7HZNntVoGw,train
GOxL9etVT9c_1,train
YCnpEJTrtb4,train
ILv9XMPLqoo,train
_sBMoMv15aQ_1,train
e3GI7PCF70Y_1,train
tTM_n97xYp4,train
YMzAv4AKiZI_1,train
J06ynDbTJDY,train
QtR5-M2w3RQ,train
L1n0OnAH5YU,train
5udtEzoi0Lo,train
U8TyoD2LxLU,train
PKi9kC2RNzo_1,train
sOXdM996SmA_1,train
9GJUdPIquG4,train
3g-VyVR_iyU,train
NS7WrHCEPVk_1,train
jp3iGdpZyO4_1,train
opvfqSmc3TM_1,train
Rd6B7wNJ2wQ,train
U2W9kUCDsgU_1,train
y4CEIJJVt64,train
CEsvPmZQ7c4_1,train
j0xVU_Y5o2s,train
TelHvRCbKco_1,train
sOfglCTtdsY_1,train
18f9RKQp4zw,train
9odwds_amPo_1,train
yYJBee_uP-A_1,train
8A3qKZoz1ik,train
EWUNJsze6aE,train
vvCzSnLu_4Q,train
Jm8OXSwWnCY,train
OEm1Uov-v9o_1,train
pp-VaOe9Aek_1,train
5WFDWbMDynQ,train
GogzZTi_jfM_1,train
6JEcTQfX4yI_1,train
1RxiKpQqaJM,train
m5OgF_1NIBU,train
IWxnrliK3Mk_1,train
MeKJPAuFOgk_1,train
cIPxnJAUd74,train
Bo35LBOce64,train
46eCCVvkyIc,train
lquuC45v24M,train
QvOMfMtfb7k_1,train
o3UvzZTcMqY,train
MUALhjDPcdE,train
6c8Zy5HvpQQ,train
y1hvKgvxm5Q,train
YzMaVzYqmoI,train
3EU1DcenjJw,train
0F7sYNf4uxU,train
eFb4OLllu9I_1,train
MiGluii6UII,train
7FcFS0hXehs,train
E5mWb7nGYmQ,train
Dteba6UR1uY,train
GHDSqpqhyUo,train
H6zu3PFDwnc_1,train
J3BJa0TWc8U_1,train
x4I6cO9p77Y_1,train
3-JaJnYcae8_1,train
icD4b5yxifw_1,train
oUcoHPxXsbA,train
PSB4z3DAScs_1,train
DTOsm_OuWLM,train
jc2G1aW5DQU,train
rFkWotSdjdk,train
98QpyN3f8ZU,train
3aJtWIMsFx8,train
WcmCeaR7Kk4,train
j3M1eyb-Kjo_1,train
L8RxN_IwuxU,train
iyvaYVAqszM,train
g358Yz5xFt0_1,train
5Jr5AHU6DQI_1,train
L9zst1EDfWQ,train
QcQGHMntX5c_1,train
Ua8OAMfzWAQ_1,train
wKzWwmm8bgE,train
PnwR2TZB_9w,train
KKXbxgBsRoQ_1,train
n162JtquPPo,train
S06jHWa7Brk_1,train
r4sVEIO1jZE_1,train
7SZTGACgaMk_1,train
4Os2Hh06GPc_1,train
-tXNpnzr08M,train
dFNIhuujLGo,train
LVqnqzIAFGg,train
vV1FizHByPw,train
cMIJrgJVkzc_1,train
WGvrtl9p1eY,train
prb13TWFfLY,train
9tcU1uGTnFo,train
LEkQofDsLww_1,train
1O9PueJaMDw_1,train
f2RCrBoqFVw,train
ArrUPiaqzHA,train
JDFAUSbxIhk_2,train
ditvJHcM784_1,train
0eCFVHc06YA_1,train
hXp201_ejX8,train
Xlo5HX0NVO0,train
gfmk3_98I9E_1,train
SyRmYT523cU,train
zHuGuas_2f8,train
azP0G1dB1KY_1,train
JHK7flaSzzM,train
Rty4lN6R8LY_1,train
jZrzxlOJBSQ,train
Xbglx4_9h88,train
OUr2XSyxfsY,train
hZ7K25SvzRM,train
oNRtJ5PQ4NU,train
u4LSjLeQ1Xw,train
OhHLtn0U6K0_1,train
EYcuu4ETc4Y,train
4tKpSwmWzRc,train
-NQKa7Pmhx4,train
4XYSXKlhpE0_1,train
Ps4VoPyMAb8,train
R5lzZf3MVaY_1,train
1R3n6vTHqzs_1,train
DNVOzTx47ew,train
OM_yE9ewbcM,train
ZkswCQRgxvQ_1,train
EVs45zQ6mTQ,train
1Zy29R7mOcM,train
OC4C5-lLWxc,train
HnmeVz4t4Xk,train
IH3kcXKQgt4,train
sp7GuSz7GRE,train
7MBisqj8VbE,train
JzyZDgP62tM_1,train
LyZNz7OHiBc,train
2Hp-Yy2Qwn0_1,train
Gfmu5xPqDlI_1,train
uvBjcE-mwC0,train
3qKiJRMOzsc,train
aBWOTIxuGus,train
twc2FUfpUYs,train
RQ02eJz61lk_1,train
b4ywpRBTw4o,train
Ii2bgYmdoQo,train
ohjswsB3XdQ,train
PI8mabNvaE0,train
_4oE2cTO6V4,train
bKliVu0i0SI,train
_lF0BZafFlw,train
Cdb8BFpFWqo,train
ReGozpDkRcc,train
pcszWYZUdr4,train
Y_T9AimBaqk_1,train
2Os6w6jmxIg,train
_yuawBKn9O0_1,train
tS9ulw9g7uA_1,train
sGzaDUwWF18,train
EGt1EA-YBNw,train
5TWOGQz75xc,train
NGRn28khiEY,train
5DK7JulpR9g_1,train
aePcBtCpcPA,train
YDCikAndHLU_1,train
UGMQBqwFQzg_1,train
XSz3T7I9Fbg_1,train
EgeuAsy-wmc_1,train
gT_hnPLlO7k,train
0BOyMqB1KUQ_1,train
r3HsR87-sN8,train
F-nZwpViPqM,train
CBdApLFUzYs_1,train
PGbVUlqDu1A,train
B9gcbXjMQwg_1,train
__Rz2PaTB1c,train
-WuiIyEI6JU_1,train
hlRsj56XQh4,train
yymmblO1-8U_1,train
IO-b4Lt249Y,train
X1g2HV45ghU,train
SQsT1oeLr4g,train
w9Jz12VoOYQ_1,train
5xLVmxL3p0k,train
AQ_ba6r2-YM,train
X7cTwzYjoko,train
Dr99eNeltzU,train
-kNkN1zSAfc,train
KnE_y9wziOc,train
bYyLAeq4yNY_2,train
IghFboP-goM,train
6KSKyvfyJGs,train
UbQHwZHQSRM,train
9LMQNfNdfRQ,train
BXw0xmFB8pQ_1,train
AkY2zmS18v0,train
CKCqZpXdLU4_1,train
kN26O2zO-cQ_1,train
Vc0YkcqRNAM,train
9HSEWDsdxgI_1,train
GHp2q1IoF6I,train
wq4yQ4OdJ5U_2,train
JW9yPJ2REK0_1,train
U3w2AbN_8Og_1,train
zsaHFTWOIms_1,train
WihSOQ3tQkw_1,train
3S1RLtVj7PE,train
AWMcypBB9WY_1,train
RPzCiRXVcr8,train
5QEBvIx9U0w,train
Fls8pLxuhZs,train
xL-DC_wV5_E_1,train
SqN3GrAvif8,train
5BpSu2_wXqs_1,train
5bwdijeaEjE_1,train
CNnZQINfB8E,train
3tFefLfXIn4_1,train
GNOV9MdthUU_1,train
tY45mTvKGKc,train
EfIcGuRmc84,train
ywSGE7YCdCM_1,train
mE9xzpyh5GM_1,train
-RTVD5tM__A_1,train
hpVSyk3uJQg_1,train
t7nY3ygqVlQ,train
7fO_vanzHOw_1,train
ABSyPhV0SCw,train
622-g3xXvgw_1,train
SQZyez6oDKg,train
HSxlr1h3TyM,train
HN_Fa-Ow650_1,train
iuWCFhzXAw4_1,train
lJeijKlq1Qo,train
zZdJ4ZLnw2U,train
UJHjwQ7yclM,train
omEpmBorZUg_1,train
wPkxTCa_Dj4_1,train
dNSKKwUJdGI_1,train
DwrOgyG1P7E_2,train
xSAoWBeLvfo,train
E4A1ApJjUkE_1,train
Bc_Km33uz74,train
E7ASHBd0kDs,train
pi2WpXIFSN8_1,train
J81k9pkL1tg,train
EnH0HaNPtsc_1,train
T976ElYJ-qY,train
-MS1EdYqs48,train
uKWcQt8U4lA,train
SiP1g7kh1nE,train
Oc7vrILPpCQ_1,train
ZLj7E6Q5ZUg_1,train
CoMoRzQiKm8_1,train
2QrMULTorPY,train
gEGlTYbGvLI_1,train
zLxJPYBRIEM,train
Hj28Cttz1Rs,train
EW6ZzbkYD9g_1,train
TQeI5Uixibg,train
HZkFyzvt5LA,train
BSztT4FmVvg,train
qBsdlxgyHU4_1,train
nhlsBwo95ms_1,train
XbKePH5Af7I_1,train
KicV8fyFj2U_2,train
DXj1A4BNsQg,train
JVplYs4HTtE,train
6rot7kh6uZ8_1,train
3ir8Rnwx8TY,train
0OxY1muGJhc,train
6sMzCN4STPU_1,train
20ZBNdEFT6c_1,train
cuv95axJkJg,train
5zBLuemgyH8,train
pG0n_OYfyQ4_1,train
x3WXPajc1UQ,train
mq9WIJ0BxY8,train
sT540WDiY_U,train
Sv-nLK45XFA_1,train
33nznChivz8_1,train
UmIy-iRAW48,train
9LDQGtFRVhI,train
816BojVf1nk,train
yVj4srfLfSc,train
pz-WdE_67TE,train
k4UEchc9VnM_2,train
guhzTYs8TN8_2,train
1vj0PwGPGss,train
qB4HOTYT1VA,train
oDkQtwBcNJE,train
5Yw2lTDlGnY_1,train
BSJyINZgfWY,train
L5LPezmVNTY,train
k96ZQYGYriA,train
NfOadhavWHs_1,train
tRo9FnfeFj8,train
8vtQX3cugYc_1,train
Lu_R01JQky8_1,train
Non0cu5dbSs,train
d9s1JfE1Rv0,train
a4PC3Klb_OA_1,train
1vjgq4r7OQs,train
s3tJWRZegCw,train
F1AvK4jxMuA,train
8O-mQYCFWoA,train
edkUTr95raw,train
r3XLYw0EMlg_1,train
Gw8cGxVbFZY_1,train
_KNZJg6KmXo_1,train
7FspuW_vgNc,train
UB4Z8Wzkj5g,train
DU-odPNLPio_1,train
pUfkesVaSYc,train
sAQO6QDpXPM_1,train
9IFKjY7Uuw0_1,train
-C18cQCkCcw,train
H5vUC_UZZfQ_1,train
HYVbXUFLsno_1,train
3y4vcRJBNs0,train
d5gBuuQWncc_1,train
ddanfdSlKGA_1,train
5mMQLQbzvuU_1,train
YwFKOE6S4C0_1,train
GjY2iudi9lM,train
mWBceiU6iR4_1,train
V5pMbP6wR8k,train
9OWi_u40bd4_1,train
tKNmTJAEhBI_1,train
DCRybq5sYAA_1,train
Hh69480i03w,train
Lj9L7fUElLE,train
D19X5MhzZcE,train
LZreqlssnWQ_1,train
Y1qTt6mL5ck,train
2MlaLGpWk74,train
qP3z3jT3ENc,train
9AR3EYXYTNk_1,train
_eYKufKYrnM,train
iu7j255lYQU,train
b9_2HxUsi0s,train
Rloiqc9KybA,train
B2eH7OwcKQ0,train
Bf2FG9YBics_1,train
-qhN2FaYkUc,train
FIYZhJAQ3Qo,train
e4rgP9qVQlo_1,train
DtdeOvkYLo4_1,train
RiyB_IpLUoA,train
9TcOdm_p8dc,train
0IF3Nx6idPQ_1,train
DcEY17TDRIw_1,train
XhxvdfUYX1E_1,train
UwjyKkkLN7o_1,train
81n3FI_Di84_1,train
vdntxBdRdZg,train
DZ6eHdrXGC8,train
1wVR6wsoIfw_2,train
HTLUdvrsUTU,train
aYQ97trsr6k_1,train
D4mWoGRHBYc_1,train
iWPV3pCRN64_1,train
gsI77j_jlvg_1,train
BpDvz3q-6pU_1,train
pJZsB91xhWE_1,train
i4rgDyw5mc8,train
kYO_FhDcRXE_1,train
CH_cyrmtUd0_1,train
Pl5cCJ2SVN8_1,train
1iCtgbRsFnE,train
3wKsYea6rfs_1,train
nt6YlBv1Qv0,train
C9ZLmgNDV_Y,train
rEBOoE50Ghw_1,train
bwrBPuatbGQ_1,train
crOKuw1QwVk,train
eRr2PaNsu9U,train
A0fQyTZj4Mk_2,train
O4CkLiyI2a4,train
1kasuHeFIuw,train
tSc2wja2FZU,train
D3USBJo5zLA_1,train
8z32TzNwU7U_1,train
S9wg2vb8-Aw,train
aRMlrpN0MzU_1,train
STXgnu97Y6Y_1,train
gYbT8Fh2WXA_1,train
53i9PPrlt6o_1,train
TL4iZGEw9CY,train
IQS9ORLYumE_1,train
qa59arBbolM_1,train
boWOpxe2CRY,train
Jm23ZwhmPlQ,train
GKyaVPkBIvU,train
HNF-z7j8p0A,train
QiHtCEo3nEk,train
Oittiy14URk,train
M9dzu-DC9Yg,train
LAxFz0h8jVA,train
D-6BxGJ0ru8_1,train
LlpSiou4X7w,train
4gzoWw7xiig,train
cPSQyj-JTpM,train
I1pC7URd7qM_1,train
Z1du80pIIo0,train
VvrNTIzW2g8_1,train
izuX0loa1Oc,train
7ghzTv4t-MU_1,train
JAoQ3a0DIXQ,train
GyhrF2L7s74,train
LeRzzzBBsmU,train
1f6OchgCQrE,train
5B0lLJXGREY_1,train
QSdgD2M4Xdw,train
1uiUwkOZyis,train
3cp85oNRRj8_1,train
EXEEDnScQ8g_1,train
EktuCHkw7Ss,train
MXNChZEW6yI,train
o4GtA7kt0xc_1,train
gy8DIBO3KPo_1,train
NTNbTr_PLqU_1,train
in_tDYVG__E_1,train
_P4bfLS4TnU,train
7OMdIhQ7zzM_1,train
_Dzn4G-zY6Y,train
LtKLGzkfK7k,train
ySSixQMf7is,train
42cPzLjkVEs_1,train
nH5V7jQYZfU_1,train
eKQhdwlBO_U_1,train
2oHjc0njDdo,train
f2KRTlDrsI0_1,train
FWGaBkksG7c,train
w2bUy2rPYPI,train
TJJHfurpn-I,train
QXQ8ILhehkI,train
2kiOvqNPlEE,train
gYAOz-CJruo_1,train
RCdDeF6erqo,train
iiWPq-IKhXQ,train
8fuKz0wYhWw_1,train
__cUle3-80c_2,train
eJ8Brka8TKw,train
No2J7utvqrg,train
_7E0eolOh4c,train
MmrdlTXfNco,train
4J5r3KmJCPU_1,train
YufUJ48avIM,train
5G6-x1aI0yI_1,train
CcsJ-D4YAMI_1,train
0t5NaJwemgI_1,train
_7G2Uzs6TTE_1,train
SifysRkEATg_1,train
hGE-45zVP8w_1,train
J7Bq-xjpcvs_1,train
EVNgPUE-tys_1,train
VMI2RvR_tNA,train
FeI5iTWw_6w_2,train
CfFtNMRV6Y8_1,train
cfiEadKO-jY,train
5-vEsZ3vXPs,train
I5GA0QFoDos_1,train
OZ2IdcRTgrs_1,train
8pfW3gmsue8,train
aAOnQ9s6SlM_1,train
UyOvMtr_ZOE_1,train
32OshNWYUgE_1,train
Mqa0sDOMArQ,train
s91r7_fA4O4_1,train
LUwTvq8IlG8_1,train
0_3gIUNTp8U,train
IUj1aN_hzQ8_1,train
vycU4cMW3_U_1,train
8CfsiPsHoQs_1,train
2UL2iPLFUTE,train
CAKl640s6UE,train
uOxGDdDq-Os_2,train
NkFzajnrYkA_1,train
3SRqBpgSrqI_1,train
z1X_LnA8wRE_1,train
6UUmcqXYDLA_1,train
IOcKAmXpVUA,train
zdZNbKoJejY_1,train
1xOrQM7AP9g,train
4RNnYGS3E34_1,train
bpK_n3OqDDw,train
hN6_eLx9tkU_1,train
1wTikbR4vsE,train
QSg-1wqJezg_1,train
5p0_OOFy_NY,train
QlvGeWOzc-0_1,train
KsNrhfiqWHc,train
lkXLuq4RHCc,train
6P3Z2nkQD3c,train
gO0DCs4VUEI_1,train
C_pnntfY2qw,train
wnhTdzfceXA_1,train
YHl7zDSdzVE,train
b0zVJUx-H0Y_1,train
8zVGtdn_NLc,train
-65ryXubYjo,train
7qLPwuH3tVw,train
78YXhG9tLvk_1,train
4AMULo6htKw,train
ofZ6Jo2XUn8,train
37KfHOkm_mM_1,train
ZmwQgw19ceU,train
jwjeDemhdv4,train
181pBJw-eWg,train
vSK-jsgpaXQ,train
3cluYDK8u08_1,train
_16L9IQXOm8_1,train
RsVR6VKYIbw,train
mhO9nuyQ28I,train
hhE3F517e40,train
Z3vKfnZktzo,train
loVv4NlyfvQ,train
KKPPaj3WuIM_1,train
I5Nw8MVpZt8,train
lypZOubhfds,train
V4nZC24tRJ4_2,train
4TXbOxz60R4,train
EQwPLL2v2bU,train
PUDnvoajVUk,train
whLOS_LCl9U,train
KotGJithHPs,train
5FInx5vD418,train
wyu_qsxDouM_1,train
1zOTclxTpZ0_1,train
fb4zZYQWRUI,train
v0Ic3Von93I,train
DCjd5dJLuF4,train
3HMUM-9pQj0,train
UuYeKt00J9s_2,train
06FBQEEqthQ_1,train
0PQM_cS1Jyg_1,train
OBHeVltjXT0_1,train
USyI1R3TCr4,train
ndTLR5u4IKc,train
P8c9TRiU7HI,train
VBX7WykbnZM,train
O1DOtxdULkQ_1,train
L77Jvnk92gI,train
IihwJw1jkfA_1,train
PWHh7NmzzV4,train
-02y2VaVBmw,train
xFB6kz5WkvA_1,train
zCRxd9PBDXY_1,train
L8btjcJoJMQ_1,train
c_CVbagPDA8_1,train
iBQVdGzJnoY_1,train
kfb__18uzpw,train
AaHFB_q7AO0,train
sZpGP0kZeqo_1,train
4qH-OH2VhXk,train
HsgYLaLxP5o_1,train
VBM4ss11k-k,train
GHEnNurHKWk_1,train
zwl-CJnhrYI_1,train
18hKLmAVIMg_1,train
6lJS7YqGLVU,train
gYbNVGvRcms,train
ZGH9wRwlXSA_1,train
MT8KL4XePl8_1,train
r-FVBdwV9VI,train
WHmrq95mmOw,train
_1vtXVjFtg0_1,train
G6aKn9zvQ8g,train
kYSK3akxd7s,train
vFZMA4_VtAY,train
l47uS7f0ZSI_1,train
yftcPJvbkhg,train
DPQ-TcGykDw_1,train
M-aaJfrtvaA,train
1hghU7py9HI_1,train
-kAnMQUsNqY,train
ALw4b7WFOR4_1,train
2wA4J_9FFIc_1,train
4m7m4ClAPJA,train
DdEgmEhWnRA,train
zkLkrnOdDA0,train
cNL6z2IayOU,train
TXe-rPMd1q4_1,train
nN5836JqV6o,train
woQgNTk9IIE,train
ji3I5Iw0e3Q_1,train
WegWM9MfmYo,train
IeGTCdw-lFQ_1,train
kGacw2buj-A,train
CXOPG4pJxDI_1,train
qjlkVQxsQJg_1,train
PI1wVAKM9t0_1,train
4ILXbXTUUp4,train
2mKv8y9bYI0,train
G-5rBFFWEIk_1,train
_8BciHWrpOA,train
LG9lvVHK-xA,train
vawgyWPeIiM,train
2PcBSQ4A8XM,train
oZjgBn_Aml4_1,train
PBPb-_V8A_U,train
eJ8fFy6Litw,train
I4ZsuU5C6aw,train
9uNB69GAxtk_1,train
4pCZtQ36l1k,train
4CrR5m-eSIs,train
r9Lc4qHj-cg_1,train
dGP1h8tXPGY,train
STdeLMDk8Sc,train
AJ0hvy4jJXY_1,train
XOqFl-yg95M_2,train
wa6VGunvMoo,train
pxlwsuM4GeY_1,train
CrKUKDtOtSw,train
JG9WnZMN5ZA_1,train
6uCWIe3S0tI,train
6wOOntcIJjE,train
f9rCwRfIxKw,train
LVx3EA_f0yo_1,train
d73jrF3Tevc_1,train
rrgx0TM2nfc_1,train
FZFeKGTeQ5k_1,train
E7upPuPpLIY_1,train
iAKpmP9dGuw,train
o90151UDeTo_1,train
-qAGBp1JAh4_1,train
nWsRyI0iqEQ,train
QfGq9Md-D2o_1,train
-DHtnmdlaGk,train
VHEz_cYLDe8,train
G1M2g_Bp2iM,train
922S3GXI7eI,train
I4pibKfr0jU,train
b00epXFNL5U,train
AV6KYwLsbfY,train
ilYT_sRF0UI,train
7xT3gRg4lpk_1,train
YMao9qfTNDs,train
rxS-0_0rVV4_1,train
m-YncUJ0SpA,train
sZKjZfzGTVg,train
6E8c6WGZH_8_1,train
EYhsfoO3_ME_1,train
atIObXII22k,train
v0Rb3W378JA,train
Sz-NQ2ENlqA_1,train
Nb7os_UNC0o_1,train
8Dx2cvy46lU,train
Z7rp2PsMEnM_1,train
ibTYqJp5cJ4,train
T--ANw8Oxkk,train
RryRyaLEaeM,train
8j0lxGLcgRo_2,train
ZrzSxs277R8,train
czE3uNUVUKA,train
5zGzPqCNdn0_1,train
bsDAoxpr8Sc_1,train
5luUUDnqHL0,train
tZRz_YRiaYw,train
QiX_rb7Lm3I,train
PKLiUylI7jY,train
ioEb1Aqyq10,train
-DsyH0Vd_7E,train
7w2Aev6pww0,train
l7tvPoyzWRI,train
8ODE1njkZv0,train
ZE26UZXyMDs_1,train
Z6tnoY_mWJI,train
rOZhirQPdr4,train
_UPbbNrJVTI,train
C_VIItfSFdU,train
3uHfsQnqReY_1,train
rbdcr9AQtrE_1,train
C-rIgD-yIvg,train
1iqG_Rkp7f0,train
9BJ5ZQixW34,train
N0HOc0gJyRs_1,train
CLxxQFQiTic,train
REPEztEF060_1,train
4f7OqHEUjDs,train
ELCvZrWheyk,train
9FCa_zHS4-k,train
Vft0oixnLPs,train
nv_OhAg7zNE_1,train
4mzBkoNvj34,train
d5SWvjzXUbs_1,train
T7b0UnZEOvM_1,train
DSL5R_AGIiU,train
9LjYLI7ma7Y_1,train
5cNi4x3S8RA,train
Rj6pX9wzxqA_1,train
3TSVb2e1zJw_1,train
lsp2o-yBY10,train
qbqRDmqdD3o_1,train
Miw0xZr0diU,train
o4zm0Ga1olU_1,train
qFOJk1w7PIs_1,train
Homd_Xpbpac_1,train
r7Po-epk8iY,train
CNL5igD7Z9U_1,train
LZXA3I9E1gM,train
1tA9YYn3oys,train
FmR82ugp5Ug_1,train
M-0j7OCBolw_1,train
4oV0XT2-nKE_2,train
RcZ64U1ydeg,train
Ncpxyoe9VTE_1,train
lTbpj1XKVWg,train
iTkwAlp7t9k_1,train
3FlXNEmG6h0,train
U4zeXOlfF2c,train
9yuJzZDgPRw_1,train
rfTcUTbx4ZU,train
4UvD29cSe1U_1,train
kSNvIZi2cpg_1,train
a_yFlzuJ7oY_1,train
vFSdw3lE-5M,train
ei3OdPKC1-4,train
vBd0XrgKlCA,train
d9MAodEjHsc,train
BaDaIkw-dmQ,train
I8TH3Ef1yls_1,train
UPBonZ_8HIM,train
dRZkuKTLcis,train
Hz77BEDzZ-E_1,train
UbEMzE9pxXU,train
RbTU0PE3ebM,train
NjzsZG20E7U,train
RGDTXsCvZBQ,train
xBwnNDnOPGM,train
CoKtBDPhPbg,train
_JhAFFdTuQk,train
_QKUHg7BOt0_1,train
oYPDwA6rGqc_1,train
N13nVxyNA2Q,train
KNYxG5Owm6Y_1,train
GUA7UJE53Qc,train
DQg2gfZHQ_0,train
ncAPREMR3JA,train
O-o5XXFpqEY_2,train
R_6XeLEZzu0_1,train
XzRvTWXXufk,train
PVdmrokA81k,train
uZB4kRSkd_g,train
AygZ8ATgf_c,train
rBPJARGhPNg,train
91WkA3SEDpM,train
7-b8CgRyOtY_1,train
I5A2blkb1T8_1,train
r9XwyFRQsqY,train
3X7DZIiH2ZQ,train
8K2LbLuX1_s_2,train
cKkCZ_GYpkk,train
Bh9e-exemes_1,train
CfNlpbflIQU,train
R3jDoLjKAa0,train
-N-gNuk_5PQ_1,train
92HuQ3Vr13Q_1,train
98UHa9YGWMg_1,train
c9Kcl0vkQh4,train
EE_BDdMNWTI_1,train
G-MJMctXHkY,train
-NCwiz-skM0_1,train
EvZvymz1nRo,train
a1Nj8ScIhho,train
0hEQ8ufcIQU,train
DV2QK-flhpc,train
j-qHEAz6J6A,train
vvsfyFEY7lo,train
bC7wNuiLgHI_1,train
VH9BKxQgE4I,train
pFvqiGdzRH4_1,train
HBz_sjo1RHM,train
CqOegR2Dg14,train
DtZFOZG8tTQ,train
KuwgdEpM9Bw_1,train
4imVoSmU5vc,train
fhURcNQNqgo,train
MHcb7CiK_IA_1,train
83gKsBHpPOM,train
6mdmCIxWWfo_1,train
0_aBnLgwYuk,train
-03Dju3yPHE,train
du_72ySABJM,train
r2tTgaCMDWo_1,train
7Vn_Dto8Vq4_1,train
uw-zItX8w9g_1,train
SOkA4zA7ahE_1,train
_8bxz4NREvk,train
GZSpfYjY3lM,train
Iplh792WyLM,train
Kh30NOSJmBc,train
9qlCI50wdzY_1,train
FlZ8Xekr-JA,train
W5yf-VHdSsg_2,train
YfPizjRLLBk_1,train
-UjDGBnJuQE,train
J79s05Z0NZ8,train
KcxcXM11Lmo,train
g3Zp-9UhexE,train
TdwAJ3968lM,train
XAvOgSgdGDA,train
wZYbp0lRGhU,train
exZSpHQ5Zhg_1,train
7Hpx20l91V8,train
vbsNiOkm0BU,train
Dz2avlvSTYQ_1,train
qXV1KRvMA-Y,train
Zrcq4sIJPH0_1,train
GjOTwnRW2RM,train
GWXw1ra-nu0_1,train
6f0v-e468AI,train
UTkhiWX3IBk,train
PWLWkd68QIA,train
K0EyqFbG2N0_1,train
AKpYk0-0v8s_1,train
dduOBzdGYug,train
DBMZ92qq6fY_1,train
EgYYB3nHbyU_1,train
77Mi-wPnSZQ,train
YzE81xCkrbs_1,train
ZRb_4bhHAus_1,train
NQ7Gnl9nRuY,train
g8JIlO5P5Vw,train
zCAa4hAv2AY,train
P3MpvLubTKw,train
8wI11m_OvYo,train
2zv3MpREUNA,train
UivWWBHOnAc,train
xcd8lsPxlP4_1,train
5uzypvZIzOI,train
3KS9SiHwRVI,train
1s1kck3BMLM,train
xwhBXEev13o_1,train
0R6qq874H4c,train
dmDV7FGfc0E_2,train
MJelSVaA5KY_1,train
fCfnAjFQ8k4,train
BI57SSk_cGU,train
MZBRGZovo8A_1,train
Uctb3c7u__M_1,train
lCeMDi4ZRrk,train
2HZkAQx4QXg_1,train
YIns3vxfhnk,train
1d6PKNBVh04,train
RorIn-P_3DI,train
mPEgUoTSEoY_1,train
IjJkyhtkX58,train
1h164VbpnFo_1,train
5pRxQFocP7I,train
6NiPfrusu8E_1,train
1Rdm3h9voMQ_1,train
2-0sLH5bX0k,train
3ncXcBiwveA,train
MIal50cVwM0_1,train
tDvbCVB02yA,train
aF30g7ajjas_1,train
7D-_Ilut5Ns,train
KhHs-1AePDw,train
seuq2MSa2X0_1,train
Ctij9uzbRTU,train
JC80hJOObmg,train
vgtE5_6_VD4,train
1T-rlcPbebo,train
SIqQlHOR0JM,train
4QkxfvOC3go_1,train
6EeXmMuxrQc_1,train
1x9a9JTehm8,train
ArXzUJR5Vic,train
EXdh8IAeyUk_2,train
yYgwZxLlykw_1,train
-8CjLUfRlbw_1,train
WaYyPwTPsY4,train
8TKDYaZqEFA,train
tbKfPkTlfQk_1,train
TRIMTrqzSOc_1,train
ouqUEVpF0v4,train
2cCGTlNYZCQ,train
0qDR-9wAiXk,train
BauK2i6mmK4,train
XpYDSeC0hTA_1,train
jvTF5BY3UI4,train
AgB-ICcX7Fg,train
P3pALl9igN8,train
V6STX-F9V8o_1,train
BUOXpYbLzTI_1,train
i81W1xO6sBc_1,train
51zM9pARAnY_1,train
EgnE1hPwGRs,train
31IAr_rm054_1,train
8c6jcLTId-8_1,train
RmxC2ESB77I,train
jFy2xrByJhE_1,train
UsfdUqWfoko_1,train
bMY7k6ug38E,train
65N0VvcXr_Y,train
7JXTpPBaS8I,train
FMNrbQN6pX0_1,train
vqWFY4rbASg,train
0NPpa4rNMoI_1,train
5AqV_omHThc_1,train
2CjHiFW898s,train
2uRtqd5Mxmc,train
lRYgVqrUDl0,train
JMafDHZmr8s_1,train
30OIyeGhcQM,train
5y3eMNykOsA,train
9pEAebpmkS0,train
b4ki5taIk0s_1,train
-PGXFLhDfS0_1,train
G-zchviTHUI_1,train
wwTa3v_SLew,train
s5mQsATayMM,train
AbYawF3ki0k_1,train
T6vd9Criu48,train
C2FMG7QWfCo,train
m8MBKbGzY6s_1,train
RnqeyToK1I8,train
FCMh8YKvD-8_1,train
IVY4EYIVHMI,train
ouQmvo795rE,train
J9ZYf-S-gNI,train
2GS4eJRYIi8,train
1B-XlHxT32g_1,train
DOHpEalcflo,train
rxLiUBQv4s4,train
FKzGaTqUqGY_1,train
aYjNOmE73zE,train
n7sdyYH_Vss,train
Y1_xQfLPThU_1,train
cg9Qwgaezdg,train
QIL8ey6N_vs,train
Tw8BsgjnKIg,train
YoqthDSpmXU,train
03N4I9dc3RQ_1,train
gTnUL6YyXRA,train
0hhs7A5uf3E,train
07jCt4FqQxY,train
f64zpSopa3E,train
zultm2vBHws_2,train
iASooj0B1tY,train
c-iylYqUcUw,train
_jbbOFSVFyY,train
dDJCclqr7jo,train
c9hrMSMJFgw,train
jk-q6T9ioJw,train
mIun6SVIyEA,train
tuWWc-SdvF0_1,train
9pRb9SzUagk,train
siXvRrMuC0s,train
WUH-YL4puUI_1,train
NYbiMxMfp3A,train
FPuKLNX3uKI,train
tSSAkPEkMn8_1,train
PGYE6puPzKU_1,train
3snObAxKXOQ,train
g6N1jD8-u2U,train
ijMeKPPK14c,train
IdrYzD-b0MU_1,train
q2wNudHNr3Q,train
syeNmftfElg,train
eKESeb6rZGw,train
dfF51UQf_AM,train
33mc9fTI8tE_1,train
6Xyl6CNQ_f4,train
VhsF-apA_D8_1,train
VA6jHsfpa4g,train
eTKkv1WCs0Y_1,train
-y-dWznF2js_1,train
DMDAXFRPJBs_1,train
o95thycjZd0,train
X3YXNM8tpD8,train
XqcaXXg2ncs,train
0tUzIPQ31n8_1,train
uDwYK-AccH0,train
ndh4le8xfHY_1,train
MeoJV0K0uTg_1,train
fB1PbgyU880,train
0RiCicL3Zg8_1,train
-IInvCVJXas,train
dhPr_hzP8oM,train
bF_5-TAoxTo,train
5oIuAvPIeUc_1,train
Y1sJK9C1Y14,train
DxotcbkEnMY,train
JiPwL-4i6Uo_1,train
dllJRt0_AGQ,train
GeeCVBhDSKs,train
jiOH72jjdnE_1,train
5uBzL7htLvA_1,train
Zgt1aed1imY,train
I3_S8sTuQT0,train
ZT-CEOMhqAI_1,train
3XCX0YETmuk_1,train
Y66DFt19PyE,train
MPCAeXe2E0c,train
eseyrC-e-s8,train
Q7wCb9WlhA0,train
50A9vnIaQNE,train
0fO9xNyE9eU_1,train
67rzuuIBt2A,train
vLbvf0zEj5M,train
MsxYYS8q9Hw_1,train
bhPu5UgetR8,train
GvfT7dP2zhk_2,train
4oJ4RzPUxyQ_1,train
E4_sAfIiflQ,train
HvwdD5t8Llo_2,train
he8ICzchdmA,train
ZuVsJQ_IKxc_1,train
sFjn3cTFUT4,train
DtVx1FUTYaA_2,train
N4a_K3p9KG8,train
ODNZ6nd7uls,train
zMSTQmwzW_s_1,train
gjpsKc4rYEM,train
wyDi2hGYZmg,train
V2xejNSSroM,train
pcIRZ8YeSwY,train
3SBcHgw6wRM,train
bp32ckPVj6s_1,train
MZZ52lsCfSw,train
TPwPNPP1rpI,train
CveKv8LNSOI_1,train
sw0z81Ri4ps,train
CyV5-k-6JFk,train
1O3tCXovrw8,train
UMMYGhp1SD4,train
4EihrPe_PfY,train
Tyn9hWjEn5A_1,train
WaTcrOr3-gk,train
6CF-GjN1qCs,train
v2gPD7nTa0U_2,train
NMwrtYskaeU,train
VDET3icqk6A,train
WUTYbHOHrnM,train
4rworePKeMo,train
CwdQO_zlNyE,train
Dy9J-D3RVDw_1,train
uvKTMTQqfu0,train
sZ1qra1mVEU_1,train
izOLXRN3PMs,train
_5-p1Ci-LQI,train
y_q_egfFoq0,train
8D3_VYGa8Zk_1,train
t5uTmmYDQdI_1,train
Ci-i1-FzGTU,train
oQNOHd5JtqA,train
yN_t_vc97fI_1,train
Q2gjYvb7fcE,train
o7f9Ny0BfQU,train
s5kbd2DCqpk,train
nur8ELm8QV4,train
5vyTHPBq4Sg_1,train
uqaIszhdKfc,train
6MxUXd3IEfM_1,train
L0dm0QB0XNc_1,train
lzUMKuDPzls,train
Y0JhQ12-JVE,train
b7EQniqN7rs_1,train
49c0qMhaE20,train
-pOaEEbLhEY_1,train
zaxDTYvEeZw_2,train
D-DoLPV-QRg_1,train
rFFoZPPKsC8,train
8KHW8o8XZb0_1,train
wyq5UGADJrw_1,train
OYENl3VfTb4,train
6ij6_5cxcfk,train
27q3W_M38Ts_1,train
MbUT3Kfq4Dc_1,train
LkAdSi8XMnA_1,train
8gs46_Woylk_1,train
7HFTUAIevO8,train
qhy4d9BzMIw_1,train
8FuV0BKlSrc_1,train
T8g7H3Ie5YU,train
0oWHR36xnT8_1,train
0eNooDbmED4,train
FNwSw0aI6yk,train
3WEkK4AaiV4,train
TNODnmQ9R1M_1,train
cjlXzFSoIco_1,train
D2Ayu0l7M78,train
Aahly6_Ya3w_1,train
rD5QxDhHIxw_1,train
Codai31kUpE_1,train
eYDkqbfQD7E_1,train
pvCPTa5YUSQ,train
rUXhFDo3Bv0,train
25Ju8FP3zV8,train
IzIT4zP2sTU,train
SmgLg_SSvZg_1,train
Lq13Nl5Ps58,train
Lr1RBzRU5IY,train
Jtk0QePDuds_1,train
uohsAyKLTbI_1,train
1xTATM3v8k4,train
7LXVtTEP_IU_1,train
aawUzeSXJpU,train
BkPmz2DBMEo,train
l_QL6DBEeFk,train
jNqoK6dGDe4_1,train
Ngrila2aXJg_1,train
OhE6VRcxlKA,train
lmJjVrDDXiQ,train
Ep_W1M6FWe0_1,train
6l8NQiTrf_M_1,train
71ZZmuGbkO8_1,train
-V3IfRctpxQ_1,train
ZlEsSpNpRWc_1,train
Km4I-9zMWD4,train
u2VLr8CRVGc_1,train
geZegwhqVSE_1,train
HwgChfSHtlI,train
Nus1qk-Khiw,train
Aup_XGd3EqQ,train
9B91YNQuBTg_1,train
xbw9Df1DFa8_1,train
ga-B-UhiVNo,train
aKKqKv1FFrU_1,train
E2FirzckC_U_1,train
UoBpthYc-HE,train
6d6qF1tF1yk,train
v2ak0hp1ZTw,train
qtblK4nxVok_1,train
1nnXT-QVPpI_1,train
yoG_mrM8Hg8,train
3I1fwIgGXv8,train
QRTBO6eAlFY,train
VqeazWZzEp4,train
Mx_mNhBhWx0,train
63ziYT2F6ps,train
8mXwd_VuW1k_1,train
kfTE4DFPuN4_1,train
PMYXK-B1Few,train
9BMHwqCSjag,train
Idb2wQQ85ho,train
clxS63kY4zs_1,train
23kjqyecBwE,train
URTZQEPHVxk,train
Dvpc0R8CfI0,train
IGuFuS-aMpo,train
ALdikJXEJtc,train
tq85NQ0vOkA,train
2KrNWzeY_dU,train
0RIpHMSqV4c,train
mDef1KqeBTw,train
A_ghucv_daw,train
7Vn056hXh9U_1,train
8yWcdPX31pM_1,train
vZMGPJSJaFg,train
qSD4IBK27Zg,train
ObJnMFN4KQg_1,train
o7TVosWSogI,train
5WjkSj17yjE_1,train
9KMPc_T4bU8,train
mKT_yIIVqbA_1,train
rzVyqTff8MY_1,train
mOkpsL3dtYU_1,train
v5F3fOpfrBI,train
KGd-YJ5cDTM,train
xgKs0R0K6M4,train
BmNYiO_-qFU_1,train
LdYbstdYCR8,train
-Em79Yvwac4_1,train
xeYJvtWDsnA,train
cfPvMQAbTy8,train
eNbHxuaMpAw_1,train
l8Aq3ttf3lk,train
7rmoeayLR8Y_1,train
vmAkJRlUSzI_1,train
8fqQ2nm3B4Q,train
VO1Wuqwc4wg,train
RVKZfvYZHks_1,train
rjAoqYLMHrI_1,train
zgJBDuqbPHM,train
2qRR4hQZAdA_1,train
kvm9DLxYlGo_1,train
rmgyo8yyqfo,train
i1HQutvRGa4_1,train
PlYZEnLNpdQ_1,train
eeMbTJ1Jyl4,train
8eae5jZQ1zo,train
u0ztdPXq6mY_1,train
Qom3R9ndKoc,train
12zIYqZt4m8_1,train
DJzxcG2JLTA,train
_g4EWTEciww,train
VgrQMDa1vlI,train
Kx46yWsDfrU,train
8cz9vIAyOPE,train
Rmwh_Cfw9GE,train
4bEmX9n5WqQ,train
JqZFdQuy3QU,train
o_Dvm4U4sLo,train
YAn2NmtqmkU_1,train
_uvEsXwbAKw_2,train
p7oldq2vCto_1,train
SPVkNI9K4wA_1,train
HE7cOw_O6cA,train
fjiQoursQB8,train
Y0G5Sqs-lYw,train
J0D4SC4WJQQ_1,train
EJo7NBj1Qx4,train
XV9orqztWis,train
araXKMU7R4g,train
llB8wpBo7O0_1,train
9TAdXqb-qcs_2,train
KsbMoTA5Rvk,train
jb7aGNEBsvE_1,train
aJkcfI5vUd4_1,train
kSbesZjIkmo,train
0GYeM3IGjn8_1,train
ypWkhczB2tY,train
Z57OPDQI-AM_2,train
cdg2loc35vs,train
DQstNLzwuNg,train
aJeKWqpMr7Y_2,train
2WBsjTVGFDw_1,train
ubBmCChM6Ag,train
W3mz1IrwitA,train
7KWNMKoNe8g,train
HB3JdzM5I8g_1,train
a5kEZgbaT7w,train
99N6O7wQL6o,train
zU-UAPxXzjU,train
ORwg4bg9aeU,train
tB_xkoYZGBY_1,train
S3pN7MBKPU0,train
2c8it0IZnyw_1,train
QeNE9BjginQ_1,train
2NNiSDCb0ek_1,train
dxoUqsSHx4E,train
syi9ijwHDR0_1,train
5y87G_irytQ,train
cfAXWBaT88Y_1,train
eD1Hy4MJuRw_1,train
wsXbxNK7ROM_2,train
e4C5ez28e1w_1,train
-4MbWP5T-cU,train
ojCn0dDr1m0,train
NW-BP9pf4JI_1,train
J_iH6uAoAJM,train
6wXGUZtHp5w,train
z-ke4RyMx_w,train
XCYJTR2fzss_1,train
VBdO8sQJM1s_1,train
-x6DzWY7lmk,train
0IQ02IKMzUk_1,train
YRlUUOC7_-0_1,train
QyxD5H8-cHE,train
jB1wqkujn00,train
dq2YpgXqCn8,train
d9qLL38zaZ0,train
yYf_JyfDvLU,train
qTKpCqiDQZI,train
PMv7R76mAZA,train
KVhmMplAyTE_1,train
hhIHJjxkrt4,train
oK0JcoPqnuY,train
dCvX2SjAybM,train
KuG1qosmz1w,train
s7LkPeqby9A,train
gPKQvW2CXhg,train
YnKRMSyKkJk_1,train
JybAScc2Ppo_1,train
HSEV-Y2g3A8,train
4BBTQpBwAXw_1,train
JtWmt2W6g-4_1,train
UwWaRajzxt0,train
P91b_WSLDa8_1,train
Cgk-fX-KFhw,train
QT4Su3HeNoE_1,train
8m3p1BEhCUw,train
lxP9Dga73Rw_1,train
rUZD2TQcbvI,train
AgAIB4T8Z04,train
ULLLdCsmxDU_1,train
ObVcGiVYofE_1,train
3DVy0Znsfj0_1,train
8UMcB8ZkgTk_1,train
o-Y-aBPo_xw,train
3pZp4IFQCuA,train
MKbBSGnFUPY,train
hKT6dEhxTAE,train
HpwU9tXDfpM,train
iWpgiYUT23c,train
iGDJKo1-w5k,train
Ekmr93MXzCE,train
UOF_LN4gRRw_1,train
Bl_SheTtSt0,train
S-v0z93Qc6I_1,train
Uf6P20S4HbI_1,train
HZJbA05pxEg_1,train
xBvqQ50Vlcg_1,train
LNVUK4DX5GA,train
b03dkzGkDV4_1,train
NpTKGzsDGoQ_1,train
7FmS5KzjtL0_1,train
LiMHHFhjutc,train
yK14YhUwajU,train
aIJKbhWx3So,train
CNfxuVjZuh4_1,train
i07VeT58iLA_1,train
VigebdpoRlI,train
9E_Rr4c5UUc_1,train
OTUecrbGM7E,train
uK6EyYdjXtE_1,train
9rOnDWXhyaU,train
KN6wMRGjxGk,train
SQXRw3c2dYw,train
XlHIH3wgbr4_1,train
52KfVYsiiXw,train
D5jXj8nf-Sg_1,train
JxiY9s8T8eg,train
Q_wBjlTT4GY_1,train
SCd7SRCOr9o_1,train
NiE43suq2F4_1,train
qI_HL9U9_UE,train
IkEVVymlfjk,train
zEv81qWK7yQ_1,train
0Kcn-1OPd84,train
geLlRLZnNhQ,train
-oLpcbfuNIc_2,train
YZNxu9uehxA_1,train
MZsQzU7tOfs,train
p___W5DGZYM,train
64cEWCYIWDo,train
D38jZfxOtFs_1,train
kncWaeUb5Ps,train
JmPgvxIFzGE,train
QBg2Y55juuY_1,train
l0DbNgp0b38_1,train
r3MqV1WicvY_1,train
DkjjHEZzsHE_1,train
JqwXMlzSPoM,train
Zc9o_U0ilpU,train
D5ynpqL8HC4_1,train
TkREyqdJoCI,train
yLpc_-hWZAA,train
q0NQtFrQljs,train
h1mgzeLHaMY,train
2lPUKkvlZvE,train
KbF95Py-dZI,train
2Cf1btUy1NI,train
jnDhq0g0meA,train
yOTZBisOdZs_1,train
Qu5KH6X5dd8_1,train
GhK-KsZ6mlo,train
Aeq2jo3tSdA,train
ynZd-HeXGnc,train
L37McuHckSI,train
ZYzl-LchceU_1,train
xVgr78Og8o8_1,train
z9fE3-r78UE,train
kKwahC0ZvJM,train
R4uJr2ys09Y_1,train
s6C3AecUXiY_1,train
DPFh6Vtj8nY,train
2-YiNRKp7xI,train
GtNAGLonyLA_2,train
pqdymDbWmpM_1,train
MhHOduyqKv4,train
ZHn-DlqMC3c_1,train
OsRTZjf3msw_1,train
HbU2GkRlLb0,train
L2skBcrtvU4_1,train
1Xr-mIMAgvY,train
mikGymYxces_1,train
MOy1x8EroPs,train
5nM7nJBkrvA_2,train
8AKc3tUUqso,train
Q0HKbrbAj0A_1,train
MGPdiPWgglk_1,train
YSKXGgR-m4Y_1,train
0O7xxbvMct0,train
KkLXMOjfW1M_1,train
JWbMe5M36V8,train
GGV55DgjlHM,train
2-VcJVXUBKw_1,train
5RD0XpWkclQ,train
NjT3zasZLP0,train
lmHzZtmO_30_1,train
4WuV_HD-hZ0_1,train
ORU-AfSTIwI,train
0AUmueBrflo,train
4JPQ0EUdcbg,train
1G3VZ_HWTWI,train
64Cdgzetaxs,train
pCOcHCIK5rc_1,train
YKeS_ZBqjUs,train
tkqalXOIXJA,train
EKZWNoQFQuw,train
R-IpftpYr2g,train
lzTXlugHZCg_1,train
fvn1QE0yfPE,train
oKZLgXGojzE_1,train
Eakl221Gpsg,train
ap3r07toNRc_1,train
EDX7B93iM9k_1,train
WVaqG1MJyr4_1,train
7TAkooD4Lyc,train
0xrgLBuhXG0,train
EgeA95Yf9IQ,train
Ubg4ASlf83o_1,train
8iMs1y81En0_1,train
MB7HhOsEvxk,train
TZEYZ0PggwY_1,train
GzUACVmJWyc,train
Z-eYQ41xjss_1,train
0CUyYc1R3OA,train
5NZ2WDtePsU_1,train
K1N6oh0nYvo_1,train
-0Oo1kPonYQ,train
-nITY8LhYgc,train
IZ5P9dAvZ5A_1,train
3hIkQEZ923Q_1,train
gIOJ8eh7GRQ_1,train
-1AseGWh7vU,train
CNIlm20ulSs_1,train
8PEVM1nTgqg_1,train
UJe2UCSOExA,train
1IZPvJn7an0,train
A3v05__5wIs,train
UE2dRDkXVOw_1,train
1QOS_slPJS4,train
ZKrESO7NJkw,train
kV7Oo7D26Gw,train
BEEOC2ZXhsg,train
m4qwdzErX5g_2,train
rwocxlQmNvM_1,train
j2TJMBMK4tw_1,train
YRc3fxOAnOg,train
ghyz0Xiumg0_1,train
TnGCg69kb1s_1,train
VAGtePDt80E_1,train
FX4qWqaO0aE_2,train
GhYMzZZMMJw_1,train
xHgqrgu0NB0,train
QIaK1zBDLkE,train
VhB51KKUi10,train
lyx-vjcl6KA_1,train
t6P93AbQbjQ_1,train
hD6EdyqWw0c,train
Ld9qDys95es,train
mY5LdfQ0sjQ,train
QqBeIG-uvM8,train
LRgu4y1wgyM_1,train
Idq3nOcunPw,train
gG-xmfo-y3A,train
CyY-qOh0k4U_1,train
W8DhdsaqA1A,train
Fjx9s0fJjEA_1,train
zgq2AwN0qxs_1,train
SQymUlHks-I,train
UtDbK5h2P5s,train
X6V6ixAK0bI,train
oRWZCnGJmjY_1,train
56SnemyXYDM_1,train
l_FTpIhhBg8,train
F-NlKJvZ17E_1,train
09qovLrSjow_1,train
PWuJv2FHsvA_1,train
k1DohVb9Ck0,train
BLazXqvPnKk,train
qLAU7iI1Cfs,train
1MPaj2JcH1c,train
-erR2LqPMDo_1,train
rQkxqEgXEYQ,train
Gh-mMyOy1UY,train
Mr30rM7vf4Q,train
eB9zCNo5R88_1,train
OTtrGki5gQg_1,train
4LM1k8KifiY,train
XzFGTYxVrW0_2,train
0G7Xo4NN4fk,train
Ng4xJEF8wEg,train
CR2NKbXEI-A,train
r3H0vo7q6qY,train
LUZ-fo_p2eM,train
qMDStZsjwX0,train
lsaavtEzqKs_1,train
Mtm4Xg52b9c_1,train
3uW2Y--Yd9U,train
HMd3blEQ8g4,train
Bw8_jmAk28w_1,train
afB8ioKoVh8_1,train
k4TV4QwuYNc,train
tcHUMXaIuw0,train
kqBV5yAFq-A_1,train
fAbE9RGaHr0,train
oRcnRJ4g8GY,train
IommKlI9JqQ_1,train
RiAJCOudSjM_1,train
X7vnmMCdV48,train
8OS9z5a2VfI_1,train
HIZYnYZpipc,train
9c_bONRs12w,train
9hyc0l2c7I4,train
7usxzuFAysI_1,train
DMaN0jUw3pU,train
WDHSvLNLkdM,train
iqlb1r9YIAc,train
Vl5pPd0iGy8_2,train
2cNWWG800gc_1,train
xVCIBUlDlkE_1,train
eELQUxt6rUE_1,train
NZwNyVXvpTo_1,train
-H_VzAnfyKk,train
3lMNHGXNQ3Q,train
4I-jm9Ng7YU_1,train
655X55UP2HM_1,train
-VvuJx-TroA_1,train
5HcRMHu5vNM,train
1vPiHLNlbBw,train
WYgbIDwh3pQ_1,train
uHMNUWk8UAM,train
CggX-rNVSxc_1,train
KNZbdGWxDfw,train
57wK5eB74gw,train
Mbu8042cTuA_1,train
CjL55F1EpNk,train
XnkB49W7JEI,train
9tph00_pAf4,train
2DspG3QZfrU,train
-QF3_AuexYY,train
YGISt7qQBCw,train
06lnhzFJMgo,train
Ra22ZVhrcxw,train
AF8n5CAR0m0_1,train
PijCNItuc1E_1,train
PMUPf08r0Jo,train
B34fwmoOvvI_1,train
o610N3lN8Zo,train
Pro1Tbg-LE8,train
XgnLpUYDvoE,train
bZnTQsP8FCY_1,train
Jaw_nTMEwzY_1,train
IWWZql-w610,train
AX7RoHSCLPk_1,train
LMiCwHGzWWY,train
kBahUhpt6H0_1,train
b5pF8YU_ILs,train
RTvZD8AZs64,train
4GH0wBiRfX4_1,train
PaXZzVi_OsY_1,train
VWNsruK2Yk0_1,train
YMuk_8H4EWM,train
EJ0UG10b714,train
U4dnLRpeTN8,train
5j6Yr6SF5fE_1,train
4zUppDrDP-Q_1,train
EwcX2aXTmUQ,train
mWHH9UopPFs,train
xND6JDuQ05A_1,train
b9Ad8smAqhs,train
pgB67M7B9RY,train
-_axtLgdFao_1,train
LNGTLVpK9pY,train
5buFHMBPDy4,train
-vcgtHff_po,train
5Z_Rm0W-HgE,train
jthDJHPun0I_1,train
KMAl51jbqD8_1,train
dwuDZ2R6yV0_1,train
1kRjJqOY1q0_1,train
IB4I1T_sQxo,train
kOGEagUa-XA_1,train
2ZMZ0wFUmdI_1,train
890291gO6Io_1,train
Ky8LfzgWGDU,train
xcL50crTgMs,train
LfNnApnUb0k,train
lYadClPZWkY,train
YT3NbB5D_AU_1,train
diGBpMN_-WM,train
6ZWrFKv-PrI,train
NsQZ8by-g_k,train
KZkI_RcaNjI_1,train
-NXGOOSb2sk,train
OC7HHIF25ik,train
16P4ngMXeLM,train
ElXP4DjT3H8_1,train
NFnBaFx_SWI,train
UGX6actjbuM,train
-i5XH3VNyZc_1,train
kXSOWHHAteo,train
KB2cTekqy38,train
jyg5sxHBh88_1,train
XalS8Nhpxy8,train
nt0_JZPdo-Y,train
hhnc9qkIwVw,train
P2abspkSU_s,train
0NUyw07V03g,train
ZLMSgBfkRgc,train
70EhU8eg6hQ,train
OGO8HQ6ZYUg_1,train
NbO2R-jwElw_1,train
c6lgZeRgbuM_1,train
6YLxdNCHGpg,train
4OMY6uJx-O4_1,train
9ZaH5h9D4yI,train
ki-uVp9OioM_1,train
_v0ZCfpOs8c,train
jO4x18b1bfA,train
0egx6MUyz0w,train
1SWHwkSeN5M,train
DG2hfDpWdMQ_1,train
M4-wk97gffk_1,train
3T5RJ1_NFrM_1,train
SbYK9K-klAw,train
YhHAI3h-Pno,train
DY9ZAVPwT8o,train
Xj4aXWm1Ivk,train
NnGjm_iFM1s,train
DD9K1ojKj_k,train
XqH46D16YDI_1,train
Wv59G4v5X2Y,train
6aqON2kGdHA_1,train
iCxWZbtfqH4_1,train
NpQQCK0Yk_g_1,train
3MxE482U2Ns,train
NZXhDTubUiI,train
4i5RCrOMoZk_1,train
YcSno6m_WPQ_1,train
oAbVUktjGi0_1,train
e7FqJXEP2h0_1,train
ZcKsHron__8,train
fxaFxNiUcSA,train
XMtMf2GRxxk,train
wpmDoeOl2qY,train
SCNfdbheXqo_1,train
Jm2j6rZhGXo,train
6ao-N2yvDYc_1,train
a3ZwnyHdlGI,train
2tp3AspW6TA,train
1NcamL3P63A,train
AEfFAtmkt6o,train
LYaC4yU2_AE,train
1dzqHHOtvXI,train
g-sQif-_tqo,train
6eCbHVCJ9N0,train
O2_ZeoKvo5I_1,train
3NUcsb2W1OQ_1,train
5c0M_nkTsmg,train
1SkZMNfDITQ,train
OaQqutxOEAE_1,train
GH5LgcALHiM,train
bZLyr43R2t4_1,train
NmTBx9PgX-I_1,train
ggeNzh5at2g_1,train
MzwOHZTi4OU,train
JSEGoqKaQM0,train
tcPXoZXEs2g,train
7tUKe_6Lxpk,train
3UYC9939yQw_1,train
EkaFWDZrh2E,train
6-puAJsTDRQ,train
oLG6MTeNo2k_1,train
-SVSp2VtfRw_1,train
MYVwYIX47wQ,train
KVnMqcijBkQ_1,train
rOonVQYaM-A_1,train
bbWGXTXiw4k,train
biAm9EJuH8w_2,train
BJgvTIe5avM,train
-pc9BOR8QtA,train
izjMpJOgofI,train
p2fONcgegyM_1,train
VyjKJB6Koyk,train
qR9b5ntUm50,train
a7kvbMiKkuQ_1,train
amb6frWEiDU,train
EdGYkgo-nX0_1,train
XP1X2toQb3s,train
KO4tS6VabH0_1,train
HZDbJEL4RA4_1,train
WNeSwJJ4J7o,train
LjxomDXWlSU_1,train
3n8cKQOSZfM,train
4BNqHj-lQaE,train
Y7eYIdnqRSU,train
32SWjSJrL0s_1,train
2praG1zS_-c_1,train
pKb4DHICBuo,train
qWzBMXkJ-DM,train
Nqh6_B0gfec,train
H1Zt1GDnh-8,train
yHgMtQOPid4_1,train
5n-rJGblvPA,train
ph86UNnfHM4_1,train
YCunYHD0SVY,train
CHt94rpZVOI,train
-_ozohdfbV0,train
fEfVaSRjWY4,train
7_VrNljOvzI_1,train
wsWElJBdZcA,train
qsLUWtIB5eM_1,train
C_H7DeMnOQ8,train
1FnNbApsiHg,train
OU-XIIEFnw4,train
bNPBUXiWYYI,train
2kg98yjEHcE,train
JUMBB2W1Q94,train
xjCStYhMoBE,train
cMm2cWGKt6Q,train
yK2We-yP8MA,train
u7twaE6fj9s,train
en2QnH6V6t0,train
e_i6YwNoSUY,train
70hVqYWQIpc_1,train
Y9MkvKtXngo,train
-3db5Hhn4mI_1,train
SsDjl4tijyg_1,train
L3YJkEmPbaY_1,train
JckFhrO4KD0_1,train
5xmJG9zQ9jw,train
1VMQKUMCDqc,train
Z1rwaj311WE_1,train
Gsl-Lhf3-PQ_1,train
2u2aH81FDWM,train
pwGHjBM_o0A,train
kfSr1QvbHZA_1,train
GM5YzHlNbtQ_1,train
ZUL1-j2VL6w,train
8W0rN_UGUDM,train
X9wanmhpROw_1,train
xfKR5ftbHKg_1,train
T1M8kXkQJAY,train
MN2qjSNQdMg,train
oQZt_Mg6WFQ,train
C34PxLKD8OM_1,train
cwDDoB4ZOZY,train
_RUSSzoAwkI_1,train
TXtLoo3D-xQ,train
L4q4_7OOznw,train
6GToY6IT_Pg_1,train
-NIz596Y27Q,train
7n50MsM5c7A,train
WnMFiznX8XY_1,train
4MDuw5Pj-94_1,train
df3ewqju9L8,train
g8ZrP9KZGlk,train
WBcTr4MBhHY_1,train
pWeJhQGITxI_1,train
rrqJccrO4vo_1,train
VvsXemECtHM_1,train
DjEe79bR1M4,train
B3ViGdozfp4,train
9in2Hz7k60U_1,train
2kHyMlPqHpg_1,train
5_XwDbt8TGc,train
i-CTcAiWx8Q_1,train
_guaVXmbJsE,train
2XbRuRKOfRE,train
8z04XWMENWY,train
XaifQVBtgpw_1,train
WuGMN12WHWc_1,train
DTWS5Oy3kcY,train
9lETXfWFER8_1,train
_gdCYZeEcTY,train
3jg1TpRzkGs,train
VdG0pGDoCzM,train
etCT8acNlAk_1,train
l3EHKw-sUDY_1,train
E2SKFVvnt0s,train
k-cDnMe7pp8_1,train
pEM47kqgTEc,train
uQRHhIcXvEM,train
FnTehW6ik-Y_2,train
g-ErxwuqzTk_1,train
CUNH7UOyYGI_1,train
N7q37KQfzhk_1,train
hi_YVOlxY8Y_1,train
iiYu_W7B91w_2,train
Fu6JYe2kAkg_1,train
u3CQB1epJcM_1,train
CO-YipjVoj4_1,train
Hv3CUeYzFGk,train
CPitVthnjH4,train
x-anjlR2rMc,train
xGmkipo2jsM_1,train
eBiQCRMwX1A,train
Z40K5gHMTUI_1,train
-p-Uj-p_Gso,train
BN8N3UwtL00,train
7EAhIFjcLPw_1,train
JmsjCb19HB4_1,train
Ot-XctUkMY8,train
VsZTOd6ZyJ4_1,train
5js6qwxEL3Y,train
rzY50tnGKNg,train
NMnARovUYLw_1,train
0LXJqXx8dVU,train
B0JKoyG_q0g,train
8biyNZmIKsk,train
8Z_T-zrBEr8,train
7HfVuSW5Alw_1,train
i-SvPceDJYw,train
yylUDwKKvxY,train
FZrTVPMOSTk_1,train
BtseOFOQ9j8,train
44mCQaeKBVw,train
zWdWqozClE4,train
RZymw-Gk26s_1,train
Lh8YfU2MNWc_1,train
RwIFUiFGMGw,train
aW8jBRmN24M_1,train
LCM-nxFhJA8,train
DwUajipOhHY,train
83zhg0Uf5jE,train
7LIiVsJI6W8_1,train
3Y7KPnUv9kA,train
TGckzkVJiio_1,train
HjBMp6eChiY,train
xPkil4VFr0A,train
tm_qJX6hHFg,train
tKmXdtC6FLA,train
ru9ZDRu566k,train
5Qu6asXdlFs,train
0hkuayZghpM_1,train
itp7CE5KiEQ,train
cXKAkxMNEYI,train
-NAB02gnpgo,train
kO5NaIjjtn0,train
KJl7MI-S9ag_1,train
5yfuRyFh-qs_1,train
-syzD8b7Uog,train
OkHQG79PRCk,train
BnTXPFA6gHA_1,train
Yx69VxUEjg4_1,train
wOwsXFMF1aA,train
JGmPOUUxRzE,train
i6snKEGzUUo,train
en7qAq3Vc1c,train
bYZKoGWvfyM_1,train
JWG3G2AfAO4_1,train
BCVSsSZSqm4,train
DAhaM4E1wSM,train
1B3HK-qQTHI_1,train
gNuAOCWJkZc,train
46tD7Du6BNs,train
His11C0YFps,train
4-d6EGJjZNk,train
qweRHfBQxEg,train
JsdNgRcC4wU_1,train
DyoiyeHahko_1,train
FIj5kYw23Og,train
mh7hK_GB1yQ,train
RJVa8OUU9pA_1,train
wQ5nwBznVk8_1,train
dOdFMkRCpWI,train
MtnBSpuX1IA,train
FiEj2MNIRAs_1,train
BzQFZNqQVsc_1,train
VGa4oRGUQ-w,train
XhewfEcC070,train
_CKSfuSN8qY,train
ED_25-_F0MI,train
Oql_D1R8kVE,train
s1tq1t4LDuM,train
Hg3An9HPABQ,train
BdxydPFxfAA,train
FkCaUqcqwpA,train
ePBmpfIy7-c_1,train
wX-5GS2Om7k,train
Z_LPvE-ICAw_1,train
TOK4IBhtuYI,train
8m_cHzTpmeY_1,train
b_TvDsf97GY,train
abz1iHHIktI_1,train
Uk2g1CB1O2s_1,train
6RB0s_hkY_o_1,train
VfKd7mog6AA,train
1N2-vwG1gMs_1,train
6AZvFIaf6UU_1,train
CGWUtV3bpgc_1,train
w87_PYaYQz4,train
BD-PPGZahtU_1,train
5DjHf74Wzyk,train
sklN8_APb_s,train
S4Ygl6RqD98,train
_-U30DSj-t0_2,train
Bpg2wRBxGPI_1,train
A4RELg59BW8,train
nqN1KzFQ-nk,train
NrQ-7PGyl70_1,train
A3QOVwivz4Q_1,train
Ua00PZ_-QKE_1,train
BJ_XRbrwsk0_1,train
d3tDqVfbgCg_1,train
l2aqBT_Vbyw,train
jTQgtnpAMII_1,train
EzA7vpG_mnw,train
Z90_kV0h1d8_1,train
_GG3jvZWj_4,train
aoicBWQGk0Y,train
qrAKx_t3qYk,train
vFYN8jgOhb8,train
bS8Bh2t9PSA,train
7veKecqLRlM_1,train
0PwKF0pTwpg,train
DzL4k1Vy3gc,train
jwGZ64BB2pg,train
7W6zp8la1G4,train
l1xyWyTDKy4_1,train
hR9Q-3L5tGY,train
Wro4Idj6K5s,train
60gcpXhOpxg,train
JO6xA9yQgUA,train
Swny54RpOVw_1,train
1d0uOp_sG00,train
-ntsKq84BZI_2,train
xZUbYeF9fkI_1,train
SqIhCix7O9I,train
2yDcFJQ3t8Y,train
t6mh1uRdQQw_1,train
Oz4iaojP1LQ,train
ajczOXxcx_s,train
xQIXN-eQZ7I,train
2yJXBFhvqk0_1,train
DcJKQkC-JjY_1,train
rVEOXcTj1NU,train
KYWyFwglnCE,train
4w17tl-wULc_1,train
NQTfv_uhpfg,train
CtWGmhj6scQ_1,train
JPvEO-Q1N08,train
7poFsrrVPVk,train
Yp-T6g3cBAU_1,train
POwFUYdLjX8_1,train
QJDOHjM9eb8,train
FnSIbbCAQ3s,train
nsmhWfsLTLc_1,train
h4y0h7GDHA8,train
pNiWeRZM59o,train
-MjxNEvHUFw,train
oRJn3LprR4U,train
uIJEGc6U5iU,train
VhpYWt3XsNk,train
sHXOURRWbpg_1,train
Nn3ooGh1n7w,train
tHNhqhFdMgQ,train
94KSlCCbBf0_1,train
GES06kpvMl4_1,train
Ah8zB8BQYek,train
nmC9PhWItts,train
WviZ3J-pPPI_1,train
P6e7z3qKweg_2,train
ZcxtRrRVHFE,train
SxLd_Jwhy80,train
KNshT57aEW8_1,train
hd1_aU5WhjA_1,train
5cQsAM_VpBw,train
XFDOnLG4P7Y,train
aTp3Y4ABxB4,train
fBzuEo6DNDc,train
66XVsuuo9BA,train
iCGVvvNuvLM,train
hBs7tvBHjzQ_1,train
37z5dnLqYms,train
b_cuB9Hjx34,train
FHJGiOwpmJ8_1,train
HLCUp2wfqLg_1,train
jtZUN6jTcUc_1,train
7I3kECWTA4w,train
dxPUI_h_LAk,train
rc7GRaEyQHQ,train
52PLBwiKgNs_1,train
0BC8wWXW_wc,train
3DOyNnKRg0c_1,train
aVXHUzd1cW4,train
GxT75TdGS5E_1,train
_gSbFjpWY5c_1,train
V-YrxoE9qBE,train
z3iLB12a_O4,train
-s7h4Re7Atk_1,train
YW5naaaX4ag_1,train
uPfJ7YCwEGQ_1,train
N0-cIcGCH3A,train
6T7sRjrH2hU,train
TSoaGw5OEb0_1,train
eo4vVNZ8vk4_2,train
rZnNOW47uNk_1,train
fx9psR2uzxs,train
H-QyPKHdBpo_1,train
-5QTvDlGTcs_1,train
S4GZ0J3GZvQ,train
1mWlliCFyxM,train
xzu_Y3NfigY,train
A4s4g4tpDwQ_2,train
qfxkW7YYQTU,train
BYY1nIP7J-E,train
ERX99VRsSPA_1,train
lH6pT7nQb9A,train
qW80XrM1yWQ,train
xVuM_WPsOB8_1,train
xTu2lteTqAY,train
iRN0N_yzgE0_1,train
W8978OLdbx0,train
w49chg-Y92g,train
s13W7g7VnJ8_1,train
G9ClKgFVe4U,train
RrtHIJ1gjL0,train
nU2c599HQUM_1,train
W6k4SdELuOA,train
txywF-r9y2Q_1,train
HlY4I1V3Wn8,train
7ZQ4WwqhthM,train
jI62F9LgRlI,train
OchKEyyyoF0_1,train
84G6by8Z7Ak,train
3zXseLcBn4A_1,train
Q-jSZX4uAjY_1,train
ItvaPW9FnxE,train
2CrAogKMFeo_1,train
Xf0NPEArdgY,train
afZNvfwjxEA_1,train
4ANEdd5HfAs,train
DRvjyDqrHq4_1,train
9TzR_2DZEKk,train
XNzRI_vkkxM_1,train
H0G_jCcuCWU,train
SknrxI_nq64_1,train
n2XiOTb_y0E,train
XHJhdPI69bU_1,train
rhbOs1NZYRM,train
eKHR8uZXbHE,train
dguva7pmiNk_1,train
todyjVC_JTs,train
zvDd4Lvma58_1,train
qXPZr651bTY_1,train
ItV99Fhz1X8_1,train
Tuq_-EuFAhI,train
IvHyCTGWTOc,train
Mq8cmp7QjOY,train
2XXjH0ZsdTg_1,train
yEId-2X8Fpw_1,train
epwPALMP-X8,train
D2r4zIgoqkg,train
H4L55c2xeMI_1,train
4SRWa0Z5c8Q,train
RN3kLXQdNcc,train
SWWKwdMT9qQ,train
TDdKRcFO4k8,train
PP3bE6cjRdQ,train
ZZtr21utYZU,train
C6NYbD05HIo,train
3X2TOqyDgv8,train
aL_AGq7MxBk_1,train
8tC5fhomuPw,train
IkmV2lTGHL8_1,train
NkQLCSHvZcY_1,train
9NyNlhJnyng,train
b6mge7fT8p4_1,train
AO9vAsL-gXg,train
vVylNakRi6s,train
t3QUjMIwyxE_1,train
fQBJzNtf6rU_1,train
WBM9qyakPIo_1,train
y78hQDvKB_M,train
9Gl6dhM-XAY,train
iZmhl0855b8_1,train
Hi65fS8-pjc,train
0VSRJo2xZfI,train
bacheB1uzFE,train
sj9wd5B3KfQ_1,train
Ppbq_RDljyA_1,train
YjFFLGIxdsw,train
XclyR8ijJbo_1,train
4iyCzQFjHV4,train
EkfwGwI4c6E,train
5ul1ArPWA-U_1,train
tPy0Fs9D3CA,train
Bqq4Ir8T9Og_1,train
f8TsAfMDsVU_1,train
870f18p-XdE,train
rN9rKeJZmqI,train
eU_A9agtfeo_1,train
3vAxsFOJdVo,train
lnjKJelSCnI_1,train
4XFgnsejElI,train
B0eoeNCs3RI_1,train
mQPmk_qj6wM_1,train
AfzXlh8OgnI,train
Xlq9pRiAwLA_1,train
oizhgT9YG74,train
49bdeG9jPdM,train
AHrIksqU13s,train
HUax1aYesBo,train
9R8mO744RdM,train
Ku52vuQCoak_2,train
B6XbxlOZXm4_1,train
XdGYd0-mOy8,train
0C-nMsdpftw,train
6J46Gkv1CzI,train
x-Bc7ssevU8,train
lqPqubp-3IE,train
7LMLwdCweAs,train
0DYb-qL1t0A,train
wcG4jvqJVDc_1,train
vhPLDKNYuEg_1,train
5FSC6Og1RBQ_2,train
9D6zt9-uP88_1,train
7s75Cr5aSJI,train
-0gxfDidW6U,train
aFOyoIR4gqw,train
bA7mLrTdy60,train
V3nAp-Rq1W0_1,train
SoxMQgRbBsA,train
pUUQ1UG90rU,train
I77KHj-yyWQ,train
B5Qtp_-1gmo_1,train
dnl45S16tjs,train
4gyV6cLT2o4_1,train
nuTB6o4EeUU_1,train
nGiuyZ9jIds,train
7aIfkOrtlBM_1,train
LY35ZmX5ZKA_1,train
WiOoeG7LL6I,train
BIO33uNK_pY_1,train
8zg5kbu8ZMA_1,train
Vc81XotPSFs,train
pHgHQOTWz-U,train
QxTqhAxngF0_1,train
uBtYh10h6RU_1,train
uVE9xX6fcp8_1,train
ZM95iphl6eM,train
4HMKoVmJQ0E_1,train
SGsTDG4Awfk_1,train
Je-ZDJTfVsw_1,train
4LndvMQ2dO0,train
XECPEZiJD4E_2,train
c26UiFPMTcw,train
6q-qrk-VdXw_1,train
tDtIQ2M-GRo,train
E7okhzFRINQ_1,train
TNNoq5pS-WQ_1,train
0VvmrIYSsR0_1,train
_VoVLROfTak_1,train
HkPXGBLKhKM,train
YcTowX_Es6E,train
z2uEKj1aWd4,train
ped2hI_0Lu4_1,train
W4I02aYytbg,train
KRiQ8XKAhxY_1,train
4ee_deI0hZA_1,train
JLwyU0Pd35Y,train
MjRPq3GCSZk,train
0HNvZZloffc_1,train
gIbD-xkQiJg_1,train
es0vjVM5AFY_1,train
zk-I0DPD4gk_1,train
Zn0fVlU7o9Y_1,train
977nahhu-Zk,train
PxXzMm43V0U_1,train
0wB165T8JuA,train
AzVqMQPhOWI_1,train
5sfiu9fyEt8,train
wf5rLp6YTCQ_1,train
5-YpUXKTx2Q_1,train
1vIbJ1xeH6c_1,train
ghyJZVAibyA,train
xD3S5OUhSRs,train
A2t3ucbTnzg_1,train
Tpyp71m96Nk_1,train
zvhxuidq68g,train
A7Z8eaNDLGg,train
THp4JJ3PWvo_1,train
ObwZnI075E8,train
CKkHv_YeHWU,train
-A1P5WbuNo8,train
b7U7TWlmbOs_1,train
7EWF3Rsjn6Y,train
aTHCIoGVi0k,train
8tgBgXrOn6Y_1,train
1GJkBoBf-S0_1,train
fKwQPZnzJCg,train
Sh3P9rHIKOM,train
4ZJOFmnUXOI_1,train
gzp_nV5PK1o_1,train
HqCWS-Gh9zY,train
9r5BkbHQKg4,train
hAPJsvuQdkI,train
8mb_jgrFdeE_1,train
W5RDOklZQxc,train
yQ1BONWNLrE,train
BzgPNh4W3GI_1,train
FXkWue_0HsY_1,train
rskg3zep4Gs,train
CvB9G9rAoNY,train
0_dU4pT_Ch4,train
tNObn5kXF7Y_1,train
8r5QmLFv9Jc,train
oClte_ZOU3o,train
dGg9jffJ8us,train
Y7Smdq0HgqY,train
o1HHyNHRKaw_1,train
Za7gQoC8eaA_1,train
OZp4PyHgUC8,train
0-pxIcGvk3w,train
Ti-7CP2GtaI_1,train
cFdYCBpZGEw_1,train
1ULJICYKp4E,train
qpynNeUIkM4,train
vyvFWSdT7V4_1,train
EWPzum2d02w_1,train
HJVvCxf2J4Y,train
rvAlXnalbqU_1,train
Ht6fXw6roFc,train
cN4cdQ7Uvhw_1,train
BAuCEJ4uKgE,train
PJtAsebnGrM,train
Hj4QeQhtsdQ,train
by5LPvJU5OY_1,train
McHijMoln7U,train
tgq3cpoyWB4,train
b00DR5Ly-Y0_1,train
mkl9CmVJ2tM_1,train
MYjYOTXhiZs,train
lBaVjlCTfNo,train
yi14hGwVzKM,train
575bTm_lAtE,train
1_PI2OxnryQ_1,train
fnOThtPRhVM,train
tFftFv6aIjE_1,train
JAvrviPNIOI_1,train
zuwgMn6oS-Q_1,train
RJ2_mx6DsmA_1,train
LCT8D8alG48_1,train
Zr3LQ0FwcUM,train
3vXJ605MFbU,train
Jedn1-9fyXw,train
INYvz3YRvT4,train
YlpdAUskBYI,train
cycfuVbrlOQ_1,train
0REGTy6eqSc,train
LZheGIIbAGs_2,train
DgF0m14DBG0,train
XIKz5RlhRZU,train
5Vs-9iTD6nA,train
J0OaU0o7cL8,train
T4BQsAvPno8_1,train
gMJuEhuQYAg,train
B4_sWGyQgrA,train
e0WS9OgJpFs_1,train
5-z6W_-oGLA,train
k-8lCTgAjGU,train
Kt4-ijSTM58,train
0zqOg8HwQiM,train
Z3CJVJpzaio_1,train
QLWJMrs77Kc,train
6buysVt7T14,train
wZBe3IUlYLo,train
diWGuc9GzL8,train
14AboByr9GE_1,train
ihytBUA_38Q_1,train
IMzhNeb2ziQ_1,train
WjikjzSwWqo_1,train
I2q6piLBbPo_1,train
hjLBNqNbuQQ_1,train
7al_t9swbtA,train
tt4b-WhpGQo,train
NtnfUEDzoPo,train
5reXwGDh438,train
z-uZFPcqtcQ,train
_K6fZSaEvfY,train
m95rHmULP1k_1,train
H4ymr2I-3P4_1,train
hTxZxP5ypNk,train
k-7zsj7-VLg,train
CqbFltbrM-s_1,train
JqBJjFOxuLk,train
nqBsZsXrUk0_1,train
eSFyfkFVTIU,train
yVGctxtkXqA,train
nQhm9tWvaog,train
h8zjYuaiBK8_1,train
LipF082b75I,train
5YiMdn9qyYw,train
nZC6NXo3SAc,train
5xpCpxYgLGg,train
ClxK5dEsoZk_1,train
VBvgxVhTCU4,train
sZ_d3pRaDzY,train
Cyn1WPoqLHM_1,train
P5CapJo7Oe8_1,train
eQ5_2D_y2CM_1,train
MOu0z-QaJww_1,train
FZ5a1t1hKpw_1,train
HToUF5z-YGw_1,train
ynTx1KLLvng_1,train
z8Yx1NXXgYM_1,train
krcq0GUvMNQ_1,train
VX-0YdOVhIE,train
aMs5U3qDEJ4_1,train
GZTuJ6NMvbw,train
W2nI_GK8rY4_1,train
UdD80Owt1n8_1,train
biSlYwhDtc4,train
ea8VG_U1OM4,train
IGNLe81lZ-M,train
A2flwWtlgdQ,train
dXn51-btduM_1,train
Hh7uTyKr5ck_1,train
IctKxBrrjJI,train
vhqQBxbUVy0_1,train
4ZhRcyVJKu4_1,train
X2LpR5Hc7YE,train
7h45o7GDrlo,train
EsvQpLP_28E,train
17sdVu62Og4,train
7nTC398KiPM,train
42CmhRt0ANs_2,train
9h1DKNgyPZM,train
pAtADV-ujaQ,train
VRTBNXGQAVY,train
GE77ptzmP6g,train
Wi0iDXiVO3Q,train
W45SsK9W5qc_1,train
779eNGeW_Fo,train
lDS2BP2Sias,train
SG-B3o7bMAc,train
axEFBCXFyt8_1,train
11derBixy2I_1,train
aqym4tojhqQ_1,train
P_o20L8zhHU,train
jbWFtVsidmE_1,train
2vdw_PjA8FE,train
F0Yx7_4Ox0c,train
V_NJjyZpYY4,train
MGrjrGgjADY,train
TspS8Y62sXs,train
-bUi5WuO58M_1,train
q79Rs300DoY_1,train
Mhwfin8V4sQ_1,train
3y-nQO6e5iQ,train
2nQwUc_jbRY_1,train
rvZ_e5KC2Mw_1,train
ADtWeEnpLfY,train
7spvXhsm6k0,train
2GL0HkOQVmA,train
9VYxltnFK9k,train
CfRFZ0IFp3Y_2,train
oL5-8eYbp3I,train
f8BAnw57PFY,train
9Gb8falrx1Q,train
LWiXmjFqjIU_1,train
xpy5egrPAZ0,train
0cLdo9cL7y4,train
F3qQXP8EtRs,train
pEdQoefPlaI_1,train
UY6S37YeDTE_1,train
hYAtE5G_a9c_1,train
9bDbETVM0r4,train
aXHoCMyVez8,train
r9JwYFol1EM_1,train
GNULrNz8c64,train
LAT-u9Ww5ZU,train
bhMRCTyJyNI_1,train
-Lnou_Pop1o,train
sFyFmt6-rc0,train
6ivNgy-ppH8_1,train
ThLhLlan5Yo_1,train
EnyO2ToSA20_1,train
Dbz-hAaPPvg,train
UWWGrijcLSs,train
XT4QvSmPJRQ_1,train
MRcVRxcFrVE,train
1PVMa5B3rMs,train
MhZrm3H1aBE,train
Qt7PxYKRi7c_1,train
4xykTArwSSg,train
Rxj7JFcWujk_1,train
YPnTIhCizr0,train
5NwQvEmIQdY,train
qCoHkpGP5CA,train
jYxKWo87YZg_1,train
caIqDNu--II,train
FYxrZhkb5Zc_2,train
CbscRBBGtT8,train
KU3jXLCl5ng,train
_QuzEYjeK5o_1,train
W5EDhJ6YeyE,train
0vx6xWIEP_0_1,train
JDvfWq3CAAU_1,train
933fIHNLS9s,train
WERWKq12o8g,train
MY-9YI3Slvg_1,train
TirzXnBaSt0,train
AJ0UWA48X-g,train
3muHDD0neyo,train
YfbeV360wAA,train
uE8YfF7bTGM,train
g8H6NFJ8o7w,train
BUv48pwD90o,train
Rv7YAemJwp8,train
RQEHiQQ25bY_1,train
6e0T9ObBi14_1,train
Hk0qqXk8-nU,train
0IhvPwnhGOg,train
Yu6K4sXguXs_1,train
bz6nldNgnjU,train
h7wUxp1gTSo_2,train
3h4uBHZ4J2Q_1,train
alyadcV43G8_1,train
nweVa6JYyYw,train
7gX_v77CcuU_1,train
Gvg-342aMWE_1,validation
EYWI_5mkrbc_1,validation
rj0GN2scIsU,validation
IItJ7hdAf_g,validation
0QITb6bNnHc,validation
Idc4ADhTayI,validation
kMebuYjYjHA_1,validation
SINe8jrjQfA_1,validation
apPABUUQDLA_1,validation
U5lSxZnyve4_1,validation
qYk4iw7qgmc,validation
UbZzQI8wKY8_2,validation
cHTrAwUZtNY,validation
9cFEgJEFFB8_1,validation
TYiNnkTwP0w,validation
JFVB97UDh6o,validation
RCd8Aat8xa4_1,validation
uHTklDGcEfw_1,validation
1p0Yw8NfadM_1,validation
IioAwnwu91s,validation
F9v9eNr0daA_1,validation
guOIIr835FE,validation
09G-3IZyKrI_1,validation
EZpZvb2wicY,validation
2ieSeOjAJZE,validation
j22q83rv6hg,validation
1TiirpYN_W8,validation
gfgQWafpuLo_1,validation
TING64HUZ2k_2,validation
TLN5DkTzcX8,validation
ZH6w06bHVJs,validation
ngk26A8JXKk,validation
RtOOeGlFdh4_1,validation
58CE934Cxk0_1,validation
63LBwsyLl5s,validation
PlEUE-SExy8,validation
iwb4_ty2_fY_1,validation
sMdon0OffjU,validation
ae55QOIEGEk_1,validation
lF3h9t_N8fA,validation
_HPV8-2Xdx8,validation
Us3qUIzVN30_1,validation
EKp6wIukZRc,validation
KRnfvBZ_V14,validation
fccxaqUbuXU_1,validation
4xoxfnCknFc,validation
7nOhCp26zqo,validation
lD_M0hAktqU_1,validation
aodgodCQNX8,validation
u2_aJhGSIpY_1,validation
eWbekocb_go,validation
9jYJjEHnKTw,validation
3v5Id7dDttk,validation
_erfAmrdyIM,validation
b1kVeCRjm1M,validation
mUhcz7RyFqI_1,validation
B6UQh9WuYAY,validation
d4zWp5T3P-w,validation
gwK7IZYEgK8_1,validation
YtxxtvSqLN0,validation
1tRmBdfaCwQ,validation
isrocVWrxaM,validation
-AvE2V_2a-c_1,validation
E3IAqXfMjWA,validation
WPckRR8epk8_1,validation
PY11Ny4fz3A_1,validation
E1g2vckJJek_1,validation
HuPD22JS5QA,validation
kwphB-3eDMU,validation
cMeg0EWN2mY_1,validation
upRlxxQUZp8_1,validation
5oxAsvVFIqs,validation
UfJyWbJ_RpQ_2,validation
AectM0u3HLI_1,validation
EZ9S6g3CBzM,validation
bi4xQMdEcVo_1,validation
0ThvAhpHsDM,validation
P8nCFvhToww_1,validation
wJS3We_1ets_1,validation
s8wH4rgfn20_1,validation
v_7Bg4-cPjg,validation
QX2YCbSelwo,validation
M7fd9b-5J64_1,validation
yHnry-jqo3E_1,validation
Ipvw2kyzr_w_1,validation
j8DclxLUXs4_1,validation
h6LSVGsUiRA,validation
YELxiOno-Q4_1,validation
EEn5WhsNLfA,validation
Q7rYOmLAa2o,validation
7swvJrXBA3I_1,validation
_KD_lxiKv6o_1,validation
ptxxnMh-dvg,validation
E_bwQ8SGo8w,validation
D3MeXacclFw,validation
XnTZYBLuwos,validation
0DYcaZmhlkY,validation
jBmmS3Hm6ik,validation
KIoc3qEV7No_1,validation
6SG2o63BKdM_1,validation
zSXKZb2Frqc_1,validation
-Sbg5dqo9cQ_1,validation
KYknqu3Sq8o,validation
sDKms4XnnWM,validation
wsRNKesle6I_1,validation
39tZrKjvdQM,validation
0n_FeKAXjUI,validation
KcNbuobK5GI,validation
kSPgPYgFMfc,validation
EJF-HPyHiYE,validation
TKsGy30vLtI,validation
1rjhkQSKHSI,validation
NAkU6Uj85R8,validation
2-6FnMinc3U,validation
9cRQJXVdE3I_1,validation
NY2fpEI5uDY_1,validation
690vMI8P9Zc_1,validation
NJWphYVdS5I_1,validation
Ywv9sPO2h8U_1,validation
4onhprzwUMw,validation
NFHHa94P-k8,validation
P29jupnZniw,validation
JHh44ooGaY4,validation
Py0R_2XywOQ,validation
VvCX63OKLoA_1,validation
bFEz8r3xfMI,validation
74CMVSgSmuQ_1,validation
rC5QdAVnv0I,validation
zskDexexPRo_2_Trim,validation
tnQmQCzJKfI,validation
FGFEkUDv0Xs,validation
_zIhoXYpQfQ,validation
jrxgxM0Pj7g,validation
WA9_DgdTz7M_1,validation
PQoocuBF2f8_1,validation
JHyzbf0wbL0,validation
LY6maLw5JZg,validation
5anbkZmuIaQ,validation
9BvwAQ7c9-c,validation
4JLkY7vGCHM_1,validation
1w_bYsmoFKA,validation
1hzdxU-RztQ_1,validation
9oo3hDRFIhM_1,validation
BGIG-XfX4BI,validation
zxwuZPkYjrQ,validation
YscdSP4txHA,validation
My4hzshl_RY_1,validation
jKUC0tUYcIM,validation
IATnhKazi7g,validation
tHSogBpBi5A,validation
tF3WaFt4kdY,validation
vS5fnczMHcA,validation
PyQVgJzE2-Y,validation
F9qYkNV06NE,validation
r_tsg9162uc_1,validation
3fKtgE9aQso,validation
0ly7tC51g_o_1,validation
jOZclErOnvc_1,validation
YkjhmBTDRSE,validation
evjthp31SBc_1,validation
DF_pD6nnqRk,validation
8JwPiK_tqTA,validation
OC3FU_0GKBE,validation
ZuMVWIDZEQI_1,validation
m8c-LCkr39Y,validation
7u54vvW1UKQ,validation
eNwMbD5wsow_1,validation
WAJPb-9uOMI,validation
IP9M9Q_sJlU_1,validation
S1eFafNFNOE,validation
IIkkBf5KDmg,validation
5dPJr4Pent8,validation
OP_7FlLGoAY_1,validation
0RlsG9iQ6rk_1,validation
-Jr9EZz7Epo_1,validation
A3E7kL78NRs_1,validation
0ZMXZUybS9M_1,validation
gjqfGxN2SxE,validation
PLF4Zs0Q80Q,validation
yBcTyoUaFYU_1,validation
E2-FY4q-Kbg,validation
yS4sjP4C-ko,validation
gvEzY4sw5Z0_1,validation
2lX7iTDBWP8_1,validation
3I2-zG4Ymb4,validation
-DDBcacIfeA_1,validation
Q4WiRFOlOu0_1,validation
EekMLY_SxPo_1,validation
zEpIbqDKEh8,validation
5vj022EoOLA,validation
3SRihi99gjc_1,validation
kqm4fF_sp4M,validation
mGWaaXCKdx4_1,validation
59fqI8xBVzw_1,validation
qiTht8WDOvI_1,validation
Q1zbpcSoTws,validation
9hfrwKx2js8_1,validation
SiRYkIO7AmQ_2,validation
kLSAkQXXOVs_1,validation
YgZcsvejUF0,validation
C15CAFPqP9g_1,validation
E93MkvU8Hs8,validation
-js9xT4ze2M_1,validation
9_PxbDV7BcU_1,validation
6s4UdZ5D58o,validation
780_wVKvhts_1,validation
SKzJwTW4NQ8,validation
IijA65GKXKc,validation
7LWzbtBSOi0_2,validation
cW1M5CUdCmk,validation
IvWnYjnrMZg_1,validation
tcLqrt9QnPA_1,validation
QVrRwXgj7GU_1,validation
gp87To3L1DY_1,validation
DcRRjyNfFJs_1,validation
uRwmFRKMF58,validation
mPZ37Qlg4B8,validation
nBp-9HnOvow_1,validation
KmAO72itjok_1,validation
_Zk6T8osdEc,validation
Iub1Yb-tOAI,validation
DNk0c1RwBJ0_1,validation
wru3RdDTafg,validation
E91cfQBn8_4_1,validation
4--6iRQ6-7A,validation
eq2GVYo6G_g,validation
37bLyyxKZKs,validation
jFdwRqDDa_Q,validation
OqzxnQ6fGIw_1,validation
CeGVf78K8jg,validation
u6eoD3GXOZE,validation
1tyx9hWefCk,validation
V5ZoFg0ZI08_1,validation
Swad8O2a5Qc_1,validation
7OSI0FK-ka8_1,validation
W96HGg5hT2Y_1,validation
5JrVqdElpw4,validation
0N47JPzl2Ow_1,validation
8lbfynog1yQ_1,validation
Dhg5hNpQxQU,validation
1z5RuDOokzk,validation
UMGZsGFUVcA_1,validation
E8uf2VM3KCo,validation
5nlcoXAOqFQ,validation
oaBVfRn6GPA_1,validation
IqAQQves3xE,validation
Xbumrid_U8k_1,validation
k-WaxvAgxrU,validation
xS2EEES-n8I_1,validation
QYnm3ITnMb4_1,validation
71zRPKBG0Sw,validation
cclXS3qW2bI,validation
mRodiqQBduE,validation
7ob8md8RHzg_1,validation
-_ecaCc5kEM_1,validation
ExEPNAW_Zk4,validation
SInKhy-06qA,validation
zdGKXf_2HFA,validation
YYJ96CO6dt0,validation
cIyDQeSqcnk,validation
4w6FgMm-XfU_1,validation
-xNmG6y1-9E,validation
0OMlCdUKFSg,validation
e0VLtZBWLHY_1,validation
TlGf_1YuYyE_1,validation
7gjYUfW4BEs_1,validation
tr9YJUmvus8_1,validation
VKeDxmyvczg_1,validation
WuoR5g21H1Q,validation
c5txohM_Pv8,validation
hTe8e7lfC-M_1,validation
63NSXGtnLNQ,validation
jKOcleZ9e5Y,validation
wKDAEDyBAY0,validation
AdV7Zn6p0yg_1,validation
4uvlneM9L7I,validation
ZsQM3Ip3WP4,validation
0TGJCFJv2iU,validation
X4AM6n6lNhw_1,validation
zrNSPG0BAPo,validation
NnETy9fmveQ_1,validation
1tst7-aazJo,validation
oEb4cNh9cng,validation
WYoKVNCSH30_1,validation
md3sDbLwP_I,validation
1OPTSnDAImg,validation
XyDptoi7dw4,validation
3Azhh428me8,validation
4xXU89_oMx0,validation
2tawxaYAZcA,validation
5johRx7KP7k,validation
RjI4uWN3FXg_1,validation
8EF9j5VqHzw,validation
NLlTJ8yeeYM_1,validation
t6HMWWJR398_1,validation
OEZKlgaRH4o,validation
HPhGTpO7cvc_1,validation
Fep0HNXm84k_1,validation
qSuPoYq-8lc,validation
4MB7jUMQvac,validation
MtnXC9CWB6I_1,validation
eU8dCYk_41Y_1,validation
hXHLEKBaaNM,validation
bz7Stt4IzGc,validation
QHpNcX0Ugsc,validation
3MeFx_eYZK0_1,validation
FhsR37rUlRo_1,validation
4mBsmsNlAco,validation
U1TZROWBuoo,validation
bqTLB7fccW8_1,validation
vOW-yOcVU80_2,validation
H1BtHoJ_5gs_1,validation
M0bcUWG8vrg,validation
OelZVA_CCzo,validation
-j9UB4-TMdw,validation
NA5iMrff4Cs,validation
ApkQwiV28bY,validation
F2qZXlYNo38_1,validation
tB9EhSaD8MY_1,validation
5b-82ujbB1g,validation
4TLvls1tSgA_1,validation
BVyAGCPGC9I,validation
0fKqgIRvg-8,validation
AY5ZDfd57vc,validation
7bqtiz4KRnE,validation
7AvSjQ7GV3c_1,validation
yOkZgJliKfo_1,validation
RcWDXAwySlM,validation
8NUflCsxZS0_1,validation
rEtGA49vlaU,validation
-pH80nLq8FY,validation
Adn8_szuH5A,validation
jTC_PIGT7yU_1,validation
lzCeQ6VI2zU,validation
DSr0qd_JY8w,validation
QyL43-YjgK8,validation
cg4E83GKGJk_1,validation
eYe_qYNO81o,validation
DpoUiyIlk2k,validation
0UyMbBSxbM4,validation
qtmO-0Fsjz8_1,validation
oksjclh3Z3M,validation
SMEVutE0yBw,validation
IsvFw88fne8,validation
gBXLHNjB5Co_1,validation
L2Kvwf8SEvE,validation
3bAW9KtLSXk,validation
-37kn1vV9gc_1,validation
yBu6pCi5gag,validation
VylWxxPSBOo,validation
9qhBPFXW-b0,validation
TziAcjoELVE_1,validation
BDSIilJRj-4,validation
8zNQTYikGX0_1,validation
uwDxpyWDKEI,validation
I1i5r5rd7vI_1,validation
sjzz-U6f2E0_1,validation
WjM69tcGYT4,validation
1wmnjSPpUHs,validation
F2SfSlbRkj0,validation
7Le7IfihZ0g,validation
YHRvUilX5yc_1,validation
vBRmLg-XJZc_1,validation
PK4bvgOLUWs,validation
Ystk7l_FXfM,validation
0sE5EMDNsDo,validation
umCgstR_pg8,validation
kBaDVYUWeoc,validation
PFALmbyUi5A,validation
tzW3OXlSkNw_1,validation
_9JUz_eRGKk_1,validation
AXzNbOMMZ6Y,validation
1vpIZUFKZpQ,validation
UpDvz4TFXuY,validation
9j49KqnHN3s,validation
6M1rP2r672o_1,validation
1OGWcDShnx4_1,validation
IGsDuTIs2ZU,validation
EnILR2WEkzc,validation
4ZGhwybcIc0,validation
V0VRDcoop14_1,validation
wRjTHPy0jes,validation
ndCTFD1P_qo,validation
18bO_HQbsF4_1,validation
TN5HogAE-fs,validation
-qEvxlqG6xs_1,validation
bR89wUFYe8I_1,validation
_SL5nKedSfM,validation
D9jI_HByl1Q,validation
tDtdGkG9-OE,validation
xm1ZPkvHnL8_1,validation
Ujw6xa-mmZM,validation
6bb5IDbiyzw,validation
ARS_u1Op3gw,validation
k_yOFdGbgeg,validation
7EmJ9RQmT_w_1,validation
KOn9NUTFkp8_1,validation
BnRQjGF_dIc_1,validation
aSHLJIU6ZeE_1,validation
HDx7Jb5t5L0,validation
KBfrB3Kx5Kw_1,validation
kCUX4h_p3J0_1,validation
3ppf7DdzKvA,validation
3OHkLPutuYM,validation
70wTMPGmS-U,validation
yuJ6ZBt0MBw,validation
EopinjD2-4I_1,validation
acdKVU7bbhw,validation
44ueVmAA5W4,validation
gjPP4lI0HM0,validation
e4lux9dnPcw_1,validation
-EGNTwA_sEE_1,validation
IUxURsL66jY,validation
0vbtRdb9zTI_2,validation
z_736hEJX_M,validation
C5DI23vAhYo_1,validation
1kJrmgJ0EMs,validation
2dd7JFwQPh0,validation
d_-8DagcQRQ,validation
m745tmPqMgI,validation
1gZ9QlblgGs_1,validation
3hTK036o_F4_1,validation
ddUcwkYlh5E,validation
MnSaW7AFr1w_1,validation
-PFwmd8NQgI_1,validation
YSgIm4RE1E4_1,validation
ijZEAkDX9Tw_1,validation
D12hlBiVjck,validation
nGBnt1hkNA4,validation
3kNaobravCU,validation
yUHZhwPUfRk_1,validation
3e4K5QbywVc,validation
Q-S63Q62ZiU,validation
yiVSKw0srMA,validation
XCPgFzW3yUE_1,validation
SwtT_BdLe3A_1,validation
UjkcbDkHvxY,validation
lts3gE45zV4,validation
QkIAlWUDxPo_1,validation
CKRWnL9qBDo_1,validation
ve8zSDsdFzs,validation
0KeSJQiRAgo_1,validation
