epoch,train_loss,train_top1,train_top5,val_loss,val_top1,val_top5,learning_rate,epoch_seconds,best_so_far
1,5.608490113315419,0.0017094017094017094,0.018803418803418803,5.502879190218957,0.009478672985781991,0.03317535545023697,0.001,0.28228015200011214,True
2,5.454456052209577,0.013675213675213675,0.039316239316239315,5.452743724624128,0.004739336492890996,0.018957345971563982,0.001,0.16877957199994853,True
3,5.424851658812955,0.008547008547008548,0.03247863247863248,5.432413467298752,0.004739336492890996,0.023696682464454975,0.001,0.16639093899993895,True
4,5.343201843489949,0.017094017094017096,0.06324786324786325,5.4257586962803845,0.004739336492890996,0.018957345971563982,0.001,0.16151284600027793,True
5,5.289024745093451,0.02735042735042735,0.08034188034188035,5.405478674088609,0.004739336492890996,0.023696682464454975,0.001,0.16205827500016312,True
6,5.275438034025013,0.02905982905982906,0.08376068376068375,5.400594941812669,0.009478672985781991,0.03317535545023697,0.001,0.16378379500019946,True
7,5.044777391710852,0.07521367521367521,0.12991452991452992,5.39023326358524,0.0,0.04739336492890995,0.001,0.16485259699993549,True
8,4.9394404020064915,0.06153846153846154,0.147008547008547,5.386502571015561,0.0,0.037914691943127965,0.001,0.16331505899961485,True
9,4.9554538783864075,0.06324786324786325,0.14017094017094017,5.377819086138106,0.0,0.052132701421800945,0.001,0.16749532899984843,True
10,4.858974077762702,0.05641025641025641,0.15897435897435896,5.378159676682893,0.004739336492890996,0.04265402843601896,0.001,0.15795375199968475,False
11,4.712942641005557,0.08547008547008547,0.19658119658119658,5.400895681426423,0.0,0.052132701421800945,0.001,0.1636060380001254,False
12,4.67103314766517,0.08717948717948718,0.2222222222222222,5.394688732816145,0.004739336492890996,0.04265402843601896,0.001,0.16057515800002875,False
13,4.525213314936711,0.09230769230769231,0.24957264957264957,5.433324775424614,0.009478672985781991,0.061611374407582936,0.001,0.1628610029997617,False
14,4.4111582682682915,0.12478632478632479,0.27521367521367524,5.457200391597658,0.004739336492890996,0.05687203791469194,0.001,0.15740366799991534,False
15,4.402426534636408,0.1452991452991453,0.28888888888888886,5.444228273997375,0.009478672985781991,0.06635071090047394,0.001,0.15835568100010278,False
16,4.215031380123563,0.1641025641025641,0.3384615384615385,5.468790156016418,0.009478672985781991,0.05687203791469194,0.001,0.1580511470001511,False
17,4.218511248857547,0.15042735042735042,0.3504273504273504,5.466410725037633,0.018957345971563982,0.061611374407582936,0.001,0.15972434500008603,False
18,3.988569606878819,0.2,0.4256410256410256,5.51016110379549,0.004739336492890996,0.061611374407582936,0.0005,0.15742461799982266,False
19,3.8110858187716232,0.22564102564102564,0.4512820512820513,5.516593255137945,0.014218009478672985,0.061611374407582936,0.0005,0.15605840200032617,False
20,3.855648683482765,0.2358974358974359,0.42735042735042733,5.513121001528337,0.018957345971563982,0.061611374407582936,0.0005,0.15023894499972812,False
21,3.77741765568399,0.23931623931623933,0.4598290598290598,5.514031229425946,0.014218009478672985,0.06635071090047394,0.0005,0.16188431099999434,False
22,3.671479618855012,0.26837606837606837,0.49743589743589745,5.514389833567832,0.004739336492890996,0.07582938388625593,0.0005,0.15935714100032783,False
23,3.7170138073782635,0.28376068376068375,0.4717948717948718,5.525739278838532,0.014218009478672985,0.06635071090047394,0.0005,0.17163547800009837,False
24,3.6761595823825934,0.28376068376068375,0.517948717948718,5.533382684698602,0.02843601895734597,0.08056872037914692,0.0005,0.16230648300006578,False
25,3.402400995727278,0.335042735042735,0.5487179487179488,5.551810574192571,0.009478672985781991,0.08530805687203792,0.0005,0.16884933499977706,False
26,3.523608820662539,0.3162393162393162,0.5128205128205128,5.530287830750524,0.009478672985781991,0.08056872037914692,0.0005,0.15463665500010393,False
27,3.4038769497830645,0.3230769230769231,0.5726495726495726,5.551992470619238,0.018957345971563982,0.0947867298578199,0.00025,0.14569559699975798,False
28,3.558318513071435,0.3213675213675214,0.5384615384615384,5.556078897268287,0.018957345971563982,0.0995260663507109,0.00025,0.1546268570000393,False
29,3.1778287003182957,0.38803418803418804,0.6085470085470085,5.557741845388548,0.023696682464454975,0.0947867298578199,0.00025,0.15463504099989223,False
30,3.325582346141848,0.3641025641025641,0.588034188034188,5.566145539848725,0.014218009478672985,0.08056872037914692,0.00025,0.14438481000024694,False
31,3.366812827444484,0.37777777777777777,0.6,5.575070593594375,0.02843601895734597,0.08530805687203792,0.00025,0.1477396749996842,False
32,3.283678427313128,0.3572649572649573,0.5623931623931624,5.580726445003708,0.023696682464454975,0.07582938388625593,0.00025,0.1462986690003163,False
33,3.0746626381181246,0.41367521367521365,0.6393162393162393,5.5778646695105385,0.023696682464454975,0.07582938388625593,0.00025,0.14753218400028345,False
34,3.2805982671232305,0.37435897435897436,0.5709401709401709,5.578829367578877,0.03317535545023697,0.09004739336492891,0.00025,0.18121740399965347,False
35,3.4058822754101876,0.3401709401709402,0.5435897435897435,5.587089927275599,0.03317535545023697,0.09004739336492891,0.00025,0.15563658200017016,False
36,3.0772271351936538,0.38803418803418804,0.5863247863247864,5.586440343992405,0.018957345971563982,0.0947867298578199,0.000125,0.15328982600021845,False
37,3.174292713556534,0.39658119658119656,0.5897435897435898,5.588938640757195,0.023696682464454975,0.0995260663507109,0.000125,0.15653621799992834,False
38,3.068891945048275,0.4478632478632479,0.6478632478632479,5.599582742175785,0.037914691943127965,0.09004739336492891,0.000125,0.1747320309996212,False
39,3.1039809842394965,0.42905982905982903,0.6153846153846154,5.598682349327051,0.02843601895734597,0.09004739336492891,0.000125,0.16023450200009393,False
