uid,gloss,feature_shape_ok,normalized_shape_ok,motion_shape_ok,state_shape_ok,finite_features,finite_normalized,finite_motion,structural_pass,original_detection_rate,repaired_detection_rate,sampled_detection_rate,track0_frames,track1_frames,any_hand_frames,both_hand_frames,zero_hand_frames,track0_rate,track1_rate,both_hand_rate,zero_hand_rate,original_state_count,interpolated_state_count,missing_state_count,scale_repairs,min_raw_scale,min_robust_scale,median_robust_scale,max_abs_normalized,max_abs_motion,max_abs_feature,max_feature_value,max_sequence_index,max_source_frame,max_feature_index,max_feature_group,max_track,max_landmark_index,max_landmark_name,max_coordinate,l6_trainable,l7_provisional_usable,feature_values_abs_gt_5_0,feature_values_abs_gt_7_5,feature_values_abs_gt_10_0,feature_values_abs_gt_15_0,feature_values_abs_gt_20_0,feature_values_abs_gt_30_0
syi9ijwHDR0_1,waist,True,True,True,True,True,True,True,True,0.0,0.0,0.0,0,0,0,0,32,0.0,0.0,0.0,1.0,0,0,64,0,,,,0.0,0.0,0.0,0.0,0,0,0,normalized,0,0,WRIST,x,False,False,0,0,0,0,0,0
7kqD46WoJWQ_1,brave,True,True,True,True,True,True,True,True,0.04444444552063942,0.0555555559694767,0.03125,1,0,1,0,31,0.03125,0.0,0.0,0.96875,1,0,63,0,24.50594711303711,24.50594711303711,24.50594711303711,1.0581755638122559,0.3609836995601654,1.0581755638122559,1.0581755638122559,9,26,30,normalized,0,10,MIDDLE_PIP,x,False,False,0,0,0,0,0,0
F9qYkNV06NE,fir,True,True,True,True,True,True,True,True,0.0555555559694767,0.1388888955116272,0.125,4,0,4,0,28,0.125,0.0,0.0,0.875,1,3,60,0,19.53127098083496,19.53127098083496,19.850587844848633,1.8071918487548828,0.03079390525817871,1.8071918487548828,1.8071918487548828,0,0,25,normalized,0,8,INDEX_TIP,y,False,False,0,0,0,0,0,0
8bC_BlQw_eQ_1,earthquake,True,True,True,True,True,True,True,True,0.06666667014360428,0.06666667014360428,0.0625,2,0,2,0,30,0.0625,0.0,0.0,0.9375,2,0,62,0,9.6675386428833,9.6675386428833,11.826650619506836,2.367387533187866,2.580561637878418,2.580561637878418,-2.580561637878418,8,19,151,motion,0,8,INDEX_TIP,y,False,False,0,0,0,0,0,0
i-pOirIukIg_1,size,True,True,True,True,True,True,True,True,0.06666667014360428,0.07500000298023224,0.09375,3,0,3,0,29,0.09375,0.0,0.0,0.90625,3,0,61,0,15.319814682006836,15.319814682006836,17.036067962646484,2.3413848876953125,4.317964553833008,4.317964553833008,4.317964553833008,26,100,163,motion,0,12,MIDDLE_TIP,y,False,False,0,0,0,0,0,0
5NwQvEmIQdY,manner,True,True,True,True,True,True,True,True,0.09890110045671463,0.12087912112474442,0.15625,5,0,5,0,27,0.15625,0.0,0.0,0.84375,5,0,59,0,11.326385498046875,11.326385498046875,15.624320983886719,2.7515552043914795,1.6538782119750977,2.7515552043914795,-2.7515552043914795,24,70,26,normalized,0,8,INDEX_TIP,z,False,False,0,0,0,0,0,0
h01yeVZv5zo,size,True,True,True,True,True,True,True,True,0.11203319579362869,0.12448132783174515,0.15625,5,0,5,0,27,0.15625,0.0,0.0,0.84375,5,0,59,0,5.903481960296631,5.903481960296631,12.785886764526367,6.257312297821045,2.103450059890747,6.257312297821045,-6.257312297821045,23,178,26,normalized,0,8,INDEX_TIP,z,False,False,4,0,0,0,0,0
nGYNwYqr4iM_1,extra,True,True,True,True,True,True,True,True,0.13333334028720856,0.13333334028720856,0.125,4,0,4,0,28,0.125,0.0,0.0,0.875,4,0,60,0,14.3937406539917,14.3937406539917,27.538930892944336,2.24306321144104,1.4302191734313965,2.24306321144104,-2.24306321144104,21,81,13,normalized,0,4,THUMB_TIP,y,False,False,0,0,0,0,0,0
uYfcQkRSvAY,china,True,True,True,True,True,True,True,True,0.140625,0.140625,0.125,4,0,4,0,28,0.125,0.0,0.0,0.875,4,0,60,0,22.821989059448242,22.821989059448242,24.165973663330078,1.977676510810852,2.1557483673095703,2.1557483673095703,2.1557483673095703,14,57,139,motion,0,4,THUMB_TIP,y,False,False,0,0,0,0,0,0
5B0lLJXGREY_1,calcutta,True,True,True,True,True,True,True,True,0.1428571492433548,0.190476194024086,0.1875,6,0,6,0,26,0.1875,0.0,0.0,0.8125,5,1,58,0,3.7822840213775635,3.7822840213775635,12.679438591003418,6.777566432952881,7.036403656005859,7.036403656005859,-7.036403656005859,20,40,162,motion,0,12,MIDDLE_TIP,x,False,False,15,0,0,0,0,0
qoU45G2WmsE,wear,True,True,True,True,True,True,True,True,0.1458333283662796,0.1458333283662796,0.125,4,4,4,4,28,0.125,0.125,0.125,0.875,8,0,56,1,3.5044405460357666,8.134561538696289,18.675573348999023,2.018172264099121,2.5026426315307617,2.5026426315307617,2.5026426315307617,4,12,150,motion,0,8,INDEX_TIP,x,False,False,0,0,0,0,0,0
i07VeT58iLA_1,custody,True,True,True,True,True,True,True,True,0.15833333134651184,0.17499999701976776,0.125,4,0,4,0,28,0.125,0.0,0.0,0.875,4,0,60,0,17.70550537109375,17.70550537109375,20.195438385009766,2.3033382892608643,0.5536341667175293,2.3033382892608643,-2.3033382892608643,11,42,37,normalized,0,12,MIDDLE_TIP,y,False,False,0,0,0,0,0,0
FXkWue_0HsY_1,push,True,True,True,True,True,True,True,True,0.1587301641702652,0.190476194024086,0.15625,5,5,5,5,27,0.15625,0.15625,0.15625,0.84375,8,2,54,0,10.588747024536133,10.588747024536133,14.78078842163086,3.744960069656372,2.3350534439086914,3.744960069656372,-3.744960069656372,13,26,75,normalized,1,4,THUMB_TIP,x,False,False,0,0,0,0,0,0
F-NlKJvZ17E_1,cover,True,True,True,True,True,True,True,True,0.1587301641702652,0.1746031790971756,0.15625,5,3,5,3,27,0.15625,0.09375,0.09375,0.84375,7,1,56,0,9.897180557250977,9.897180557250977,19.06487274169922,2.427272319793701,3.2932026386260986,3.2932026386260986,3.2932026386260986,17,34,152,motion,0,8,INDEX_TIP,z,False,False,0,0,0,0,0,0
uZuvBINbAqo_1,holiday,True,True,True,True,True,True,True,True,0.1733333319425583,0.1733333319425583,0.15625,5,3,5,3,27,0.15625,0.09375,0.09375,0.84375,8,0,56,2,5.898518085479736,5.898518085479736,21.93071746826172,3.2935903072357178,4.632415294647217,4.632415294647217,-4.632415294647217,18,43,246,motion,1,19,PINKY_DIP,x,False,False,0,0,0,0,0,0
NZoSVSZeP7s_1,prohibit,True,True,True,True,True,True,True,True,0.17499999701976776,0.17499999701976776,0.1875,2,5,6,1,26,0.0625,0.15625,0.03125,0.8125,7,0,57,0,11.030064582824707,11.030064582824707,12.680474281311035,3.429304838180542,3.1773648262023926,3.429304838180542,-3.429304838180542,26,100,26,normalized,0,8,INDEX_TIP,z,False,False,0,0,0,0,0,0
tpBaPkXYVZw_2,transfer,True,True,True,True,True,True,True,True,0.1756756752729416,0.18918919563293457,0.1875,4,4,6,2,26,0.125,0.125,0.0625,0.8125,8,0,56,0,8.839214324951172,8.839214324951172,12.754533767700195,3.5671470165252686,1.7112900018692017,3.5671470165252686,-3.5671470165252686,14,33,26,normalized,0,8,INDEX_TIP,z,False,False,0,0,0,0,0,0
Yz6em7jgxK0,weak,True,True,True,True,True,True,True,True,0.18292683362960815,0.18292683362960815,0.1875,6,0,6,0,26,0.1875,0.0,0.0,0.8125,6,0,58,1,10.365114212036133,10.365114212036133,15.531898498535156,2.759044885635376,2.8743982315063477,2.8743982315063477,2.8743982315063477,8,21,175,motion,0,16,RING_TIP,y,False,False,0,0,0,0,0,0
XECPEZiJD4E_2,eliminate,True,True,True,True,True,True,True,True,0.1875,0.21875,0.1875,6,0,6,0,26,0.1875,0.0,0.0,0.8125,5,1,58,1,4.098204612731934,4.098204612731934,12.159774780273438,5.743679046630859,5.006811618804932,5.743679046630859,-5.743679046630859,15,30,26,normalized,0,8,INDEX_TIP,z,False,False,6,0,0,0,0,0
phWVA0eK_x8_1,now,True,True,True,True,True,True,True,True,0.18888889253139496,0.18888889253139496,0.1875,6,0,6,0,26,0.1875,0.0,0.0,0.8125,6,0,58,0,6.61326789855957,6.61326789855957,8.668251037597656,2.9358561038970947,8.924912452697754,8.924912452697754,8.924912452697754,16,46,152,motion,0,8,INDEX_TIP,z,False,False,11,3,0,0,0,0
8gg1c5ZzWQc_1,toilet,True,True,True,True,True,True,True,True,0.18888889253139496,0.18888889253139496,0.15625,5,0,5,0,27,0.15625,0.0,0.0,0.84375,5,0,59,0,3.840820789337158,3.840820789337158,18.041118621826172,2.5677874088287354,3.4545388221740723,3.4545388221740723,-3.4545388221740723,6,17,135,motion,0,3,THUMB_IP,x,False,False,0,0,0,0,0,0
xH84YCP65HE,fitted,True,True,True,True,True,True,True,True,0.19298245012760162,0.19298245012760162,0.1875,6,6,6,6,26,0.1875,0.1875,0.1875,0.8125,12,0,52,2,8.606120109558105,8.606120109558105,17.97573471069336,3.6964759826660156,3.2507376670837402,3.6964759826660156,-3.6964759826660156,16,117,76,normalized,1,4,THUMB_TIP,y,False,False,0,0,0,0,0,0
8HEymPeiThc,network,True,True,True,True,True,True,True,True,0.1944444477558136,0.21296297013759613,0.1875,6,5,6,5,26,0.1875,0.15625,0.15625,0.8125,10,1,53,0,10.307269096374512,10.307269096374512,20.965831756591797,2.4085652828216553,2.96250057220459,2.96250057220459,2.96250057220459,11,76,214,motion,1,8,INDEX_TIP,y,False,False,0,0,0,0,0,0
vzzmwuU-sMg,sad,True,True,True,True,True,True,True,True,0.19587628543376923,0.19587628543376923,0.1875,6,0,6,0,26,0.1875,0.0,0.0,0.8125,6,0,58,0,7.6383209228515625,7.6383209228515625,15.231100082397461,5.0929694175720215,1.926086187362671,5.0929694175720215,-5.0929694175720215,9,28,12,normalized,0,4,THUMB_TIP,x,False,False,1,0,0,0,0,0
c7P3OaUt-LA,owner,True,True,True,True,True,True,True,True,0.19658119976520538,0.19658119976520538,0.1875,6,0,6,0,26,0.1875,0.0,0.0,0.8125,6,0,58,0,13.493424415588379,13.493424415588379,17.37618064880371,2.138434886932373,1.6498761177062988,2.138434886932373,-2.138434886932373,7,26,37,normalized,0,12,MIDDLE_TIP,y,False,False,0,0,0,0,0,0
Bl_SheTtSt0,body,True,True,True,True,True,True,True,True,0.20000000298023224,0.20000000298023224,0.21875,7,6,7,6,25,0.21875,0.1875,0.1875,0.78125,13,0,51,0,10.586472511291504,10.586472511291504,16.734981536865234,2.543911933898926,4.199077129364014,4.199077129364014,4.199077129364014,9,26,227,motion,1,12,MIDDLE_TIP,z,True,False,0,0,0,0,0,0
dv1x5AQM0E8_1,table,True,True,True,True,True,True,True,True,0.20000000298023224,0.20952381193637848,0.21875,7,5,7,5,25,0.21875,0.15625,0.15625,0.78125,11,1,52,2,2.9477193355560303,7.175033092498779,14.561504364013672,4.1991424560546875,4.340727806091309,4.340727806091309,-4.340727806091309,9,30,152,motion,0,8,INDEX_TIP,z,True,False,0,0,0,0,0,0
4ZGhwybcIc0,separate,True,True,True,True,True,True,True,True,0.20000000298023224,0.22499999403953552,0.21875,5,7,7,5,25,0.15625,0.21875,0.15625,0.78125,11,1,52,0,11.20931339263916,11.20931339263916,23.488895416259766,1.9639211893081665,2.5101656913757324,2.5101656913757324,-2.5101656913757324,9,23,147,motion,0,7,INDEX_DIP,x,True,False,0,0,0,0,0,0
eKHR8uZXbHE,tyre,True,True,True,True,True,True,True,True,0.21052631735801697,0.21052631735801697,0.21875,7,0,7,0,25,0.21875,0.0,0.0,0.78125,7,0,57,0,7.339953899383545,7.339953899383545,19.03152084350586,3.5760953426361084,1.8636845350265503,3.5760953426361084,3.5760953426361084,16,58,24,normalized,0,8,INDEX_TIP,x,True,False,0,0,0,0,0,0
b7EQniqN7rs_1,now,True,True,True,True,True,True,True,True,0.21111111342906952,0.21111111342906952,0.21875,7,0,7,0,25,0.21875,0.0,0.0,0.78125,7,0,57,0,8.01413345336914,8.01413345336914,9.613754272460938,3.424225330352783,12.023233413696289,12.023233413696289,12.023233413696289,14,40,152,motion,0,8,INDEX_TIP,z,True,False,27,10,2,0,0,0
8m_WUuSGZHg,pencil leg,True,True,True,True,True,True,True,True,0.2118055522441864,0.2118055522441864,0.21875,7,6,7,6,25,0.21875,0.1875,0.1875,0.78125,13,0,51,0,8.737255096435547,8.737255096435547,19.724655151367188,2.4860215187072754,1.7166799306869507,2.4860215187072754,-2.4860215187072754,23,213,89,normalized,1,8,INDEX_TIP,z,True,False,0,0,0,0,0,0
RZo8XEvx1G8,confirm,True,True,True,True,True,True,True,True,0.21311475336551666,0.21311475336551666,0.21875,7,0,7,0,25,0.21875,0.0,0.0,0.78125,7,0,57,1,18.05301284790039,18.05301284790039,23.34204864501953,2.218353033065796,2.15218448638916,2.218353033065796,-2.218353033065796,15,59,25,normalized,0,8,INDEX_TIP,y,True,False,0,0,0,0,0,0
DMxZHUZ7u88_1,seat,True,True,True,True,True,True,True,True,0.2133333384990692,0.2133333384990692,0.21875,6,4,7,3,25,0.1875,0.125,0.09375,0.78125,10,0,54,0,11.073884963989258,11.073884963989258,18.257322311401367,2.3038291931152344,1.6528637409210205,2.3038291931152344,-2.3038291931152344,12,29,75,normalized,1,4,THUMB_TIP,x,True,False,0,0,0,0,0,0
xcd8lsPxlP4_1,dry,True,True,True,True,True,True,True,True,0.2133333384990692,0.2133333384990692,0.1875,6,5,6,5,26,0.1875,0.15625,0.15625,0.8125,11,0,53,0,3.9988484382629395,3.9988484382629395,10.710282325744629,2.9249892234802246,3.8974769115448,3.8974769115448,-3.8974769115448,10,24,151,motion,0,8,INDEX_TIP,y,True,False,0,0,0,0,0,0
zobbHZq0U4w,come,True,True,True,True,True,True,True,True,0.21621622145175934,0.21621622145175934,0.21875,7,0,7,0,25,0.21875,0.0,0.0,0.78125,7,0,57,0,13.701765060424805,13.701765060424805,21.12997055053711,1.7398931980133057,1.73320734500885,1.7398931980133057,-1.7398931980133057,17,60,25,normalized,0,8,INDEX_TIP,y,True,False,0,0,0,0,0,0
WpleZf7o6Gc_1,welcome,True,True,True,True,True,True,True,True,0.2222222238779068,0.2222222238779068,0.21875,5,6,7,4,25,0.15625,0.1875,0.125,0.78125,11,0,53,0,5.94008207321167,5.94008207321167,16.4689884185791,5.146655082702637,3.736844539642334,5.146655082702637,-5.146655082702637,12,24,89,normalized,1,8,INDEX_TIP,z,True,False,1,0,0,0,0,0
VL83qtgsLCk,printer,True,True,True,True,True,True,True,True,0.22522522509098053,0.22522522509098053,0.21875,6,6,7,5,25,0.1875,0.1875,0.15625,0.78125,9,3,52,0,14.861406326293945,14.861406326293945,23.123226165771484,3.0989255905151367,1.9610950946807861,3.0989255905151367,-3.0989255905151367,18,64,36,normalized,0,12,MIDDLE_TIP,x,True,False,0,0,0,0,0,0
2yARXoO8Nrg_2,amount,True,True,True,True,True,True,True,True,0.23076923191547394,0.24175824224948883,0.21875,7,0,7,0,25,0.21875,0.0,0.0,0.78125,7,0,57,1,18.133060455322266,18.133060455322266,21.818063735961914,1.748200535774231,2.0516910552978516,2.0516910552978516,2.0516910552978516,17,49,138,motion,0,4,THUMB_TIP,x,True,False,0,0,0,0,0,0
lW8hheG6HgY,from,True,True,True,True,True,True,True,True,0.23893804848194122,0.23893804848194122,0.21875,7,0,7,0,25,0.21875,0.0,0.0,0.78125,7,0,57,0,9.149718284606934,9.149718284606934,14.016393661499023,3.4872841835021973,1.753920078277588,3.4872841835021973,3.4872841835021973,14,51,24,normalized,0,8,INDEX_TIP,x,True,False,0,0,0,0,0,0
NmmgvY4gy40_1,cheque,True,True,True,True,True,True,True,True,0.23999999463558197,0.23999999463558197,0.21875,7,6,7,6,25,0.21875,0.1875,0.1875,0.78125,13,0,51,0,15.344414710998535,15.344414710998535,21.364900588989258,2.8910844326019287,0.83738112449646,2.8910844326019287,-2.8910844326019287,15,36,48,normalized,0,16,RING_TIP,x,True,False,0,0,0,0,0,0
1f6OchgCQrE,me,True,True,True,True,True,True,True,True,0.24166665971279144,0.24166665971279144,0.21875,7,0,7,0,25,0.21875,0.0,0.0,0.78125,7,0,57,0,23.70075225830078,23.70075225830078,26.00922393798828,1.9943323135375977,0.8251489400863647,1.9943323135375977,1.9943323135375977,14,54,48,normalized,0,16,RING_TIP,x,True,False,0,0,0,0,0,0
vSK-jsgpaXQ,chesterfield  coat,True,True,True,True,True,True,True,True,0.2460317462682724,0.25,0.21875,7,6,7,6,25,0.21875,0.1875,0.1875,0.78125,13,0,51,1,9.881044387817383,9.881044387817383,14.83717155456543,2.415140390396118,2.3050150871276855,2.415140390396118,-2.415140390396118,18,146,76,normalized,1,4,THUMB_TIP,y,True,False,0,0,0,0,0,0
m1LyTLlhmvA,tease,True,True,True,True,True,True,True,True,0.25333333015441895,0.25333333015441895,0.21875,7,7,7,7,25,0.21875,0.21875,0.21875,0.78125,14,0,50,0,9.05872917175293,9.05872917175293,17.225635528564453,4.1221723556518555,3.4946916103363037,4.1221723556518555,-4.1221723556518555,13,62,76,normalized,1,4,THUMB_TIP,y,True,False,0,0,0,0,0,0
uaaq6GQck4s_1,never,True,True,True,True,True,True,True,True,0.25333333015441895,0.25333333015441895,0.21875,7,7,7,7,25,0.21875,0.21875,0.21875,0.78125,14,0,50,0,3.5007357597351074,3.5007357597351074,10.47179126739502,4.980092525482178,5.656177997589111,5.656177997589111,-5.656177997589111,10,24,202,motion,1,4,THUMB_TIP,y,True,False,1,0,0,0,0,0
NPrAFhC6vWk_1,body,True,True,True,True,True,True,True,True,0.2777777910232544,0.2777777910232544,0.21875,7,7,7,7,25,0.21875,0.21875,0.21875,0.78125,13,1,50,0,9.79179573059082,9.79179573059082,17.734670639038086,3.071582555770874,5.87380313873291,5.87380313873291,-5.87380313873291,13,37,214,motion,1,8,INDEX_TIP,y,True,False,4,0,0,0,0,0
g5Dg60713kw,guilty,True,True,True,True,True,True,True,True,0.28282827138900757,0.28282827138900757,0.21875,7,0,7,0,25,0.21875,0.0,0.0,0.78125,7,0,57,1,8.591428756713867,17.244516372680664,23.603530883789062,1.6334199905395508,1.819219946861267,1.819219946861267,-1.819219946861267,4,25,139,motion,0,4,THUMB_TIP,y,True,False,0,0,0,0,0,0
