uid,detector,frame_index,status,visual_file
T4VLu2P-X9s_1,MediaPipe_Hands,119,VALID,/home/dipshikha/Music/cao/CISLR_RESEARCH/audit/stage5_hand_roi/detector_selection/visual_sanity_check/01_T4VLu2P-X9s_1_MediaPipe_Hands.png
T4VLu2P-X9s_1,OpenCV_Skin_Contour,119,VALID,/home/dipshikha/Music/cao/CISLR_RESEARCH/audit/stage5_hand_roi/detector_selection/visual_sanity_check/01_T4VLu2P-X9s_1_OpenCV_Skin_Contour.png
gR1Kd5i82-0,MediaPipe_Hands,62,NO_ROI,/home/dipshikha/Music/cao/CISLR_RESEARCH/audit/stage5_hand_roi/detector_selection/visual_sanity_check/02_gR1Kd5i82-0_MediaPipe_Hands.png
gR1Kd5i82-0,OpenCV_Skin_Contour,62,VALID,/home/dipshikha/Music/cao/CISLR_RESEARCH/audit/stage5_hand_roi/detector_selection/visual_sanity_check/02_gR1Kd5i82-0_OpenCV_Skin_Contour.png
CtWGmhj6scQ_1,MediaPipe_Hands,49,NO_ROI,/home/dipshikha/Music/cao/CISLR_RESEARCH/audit/stage5_hand_roi/detector_selection/visual_sanity_check/03_CtWGmhj6scQ_1_MediaPipe_Hands.png
CtWGmhj6scQ_1,OpenCV_Skin_Contour,49,VALID,/home/dipshikha/Music/cao/CISLR_RESEARCH/audit/stage5_hand_roi/detector_selection/visual_sanity_check/03_CtWGmhj6scQ_1_OpenCV_Skin_Contour.png
F7wUQReGNEw,MediaPipe_Hands,58,VALID,/home/dipshikha/Music/cao/CISLR_RESEARCH/audit/stage5_hand_roi/detector_selection/visual_sanity_check/04_F7wUQReGNEw_MediaPipe_Hands.png
F7wUQReGNEw,OpenCV_Skin_Contour,58,VALID,/home/dipshikha/Music/cao/CISLR_RESEARCH/audit/stage5_hand_roi/detector_selection/visual_sanity_check/04_F7wUQReGNEw_OpenCV_Skin_Contour.png
Tw2qPxlzf6Q,MediaPipe_Hands,199,VALID,/home/dipshikha/Music/cao/CISLR_RESEARCH/audit/stage5_hand_roi/detector_selection/visual_sanity_check/05_Tw2qPxlzf6Q_MediaPipe_Hands.png
Tw2qPxlzf6Q,OpenCV_Skin_Contour,199,VALID,/home/dipshikha/Music/cao/CISLR_RESEARCH/audit/stage5_hand_roi/detector_selection/visual_sanity_check/05_Tw2qPxlzf6Q_OpenCV_Skin_Contour.png
SIR3vIJJECY,MediaPipe_Hands,154,VALID,/home/dipshikha/Music/cao/CISLR_RESEARCH/audit/stage5_hand_roi/detector_selection/visual_sanity_check/06_SIR3vIJJECY_MediaPipe_Hands.png
SIR3vIJJECY,OpenCV_Skin_Contour,154,VALID,/home/dipshikha/Music/cao/CISLR_RESEARCH/audit/stage5_hand_roi/detector_selection/visual_sanity_check/06_SIR3vIJJECY_OpenCV_Skin_Contour.png
tPNg2Waa57k,MediaPipe_Hands,54,VALID,/home/dipshikha/Music/cao/CISLR_RESEARCH/audit/stage5_hand_roi/detector_selection/visual_sanity_check/07_tPNg2Waa57k_MediaPipe_Hands.png
tPNg2Waa57k,OpenCV_Skin_Contour,54,VALID,/home/dipshikha/Music/cao/CISLR_RESEARCH/audit/stage5_hand_roi/detector_selection/visual_sanity_check/07_tPNg2Waa57k_OpenCV_Skin_Contour.png
u1yq_lnEwGI_2,MediaPipe_Hands,66,VALID,/home/dipshikha/Music/cao/CISLR_RESEARCH/audit/stage5_hand_roi/detector_selection/visual_sanity_check/08_u1yq_lnEwGI_2_MediaPipe_Hands.png
u1yq_lnEwGI_2,OpenCV_Skin_Contour,66,VALID,/home/dipshikha/Music/cao/CISLR_RESEARCH/audit/stage5_hand_roi/detector_selection/visual_sanity_check/08_u1yq_lnEwGI_2_OpenCV_Skin_Contour.png
SvabwOUNAEE,MediaPipe_Hands,60,NO_ROI,/home/dipshikha/Music/cao/CISLR_RESEARCH/audit/stage5_hand_roi/detector_selection/visual_sanity_check/09_SvabwOUNAEE_MediaPipe_Hands.png
SvabwOUNAEE,OpenCV_Skin_Contour,60,VALID,/home/dipshikha/Music/cao/CISLR_RESEARCH/audit/stage5_hand_roi/detector_selection/visual_sanity_check/09_SvabwOUNAEE_OpenCV_Skin_Contour.png
afB8ioKoVh8_1,MediaPipe_Hands,99,VALID,/home/dipshikha/Music/cao/CISLR_RESEARCH/audit/stage5_hand_roi/detector_selection/visual_sanity_check/10_afB8ioKoVh8_1_MediaPipe_Hands.png
afB8ioKoVh8_1,OpenCV_Skin_Contour,99,VALID,/home/dipshikha/Music/cao/CISLR_RESEARCH/audit/stage5_hand_roi/detector_selection/visual_sanity_check/10_afB8ioKoVh8_1_OpenCV_Skin_Contour.png
8I__oqg4_eE,MediaPipe_Hands,52,VALID,/home/dipshikha/Music/cao/CISLR_RESEARCH/audit/stage5_hand_roi/detector_selection/visual_sanity_check/11_8I__oqg4_eE_MediaPipe_Hands.png
8I__oqg4_eE,OpenCV_Skin_Contour,52,VALID,/home/dipshikha/Music/cao/CISLR_RESEARCH/audit/stage5_hand_roi/detector_selection/visual_sanity_check/11_8I__oqg4_eE_OpenCV_Skin_Contour.png
xgtcWuX0mdU_2,MediaPipe_Hands,25,NO_ROI,/home/dipshikha/Music/cao/CISLR_RESEARCH/audit/stage5_hand_roi/detector_selection/visual_sanity_check/12_xgtcWuX0mdU_2_MediaPipe_Hands.png
xgtcWuX0mdU_2,OpenCV_Skin_Contour,25,VALID,/home/dipshikha/Music/cao/CISLR_RESEARCH/audit/stage5_hand_roi/detector_selection/visual_sanity_check/12_xgtcWuX0mdU_2_OpenCV_Skin_Contour.png
