epoch_template_seed,balanced_slot,class_slot,deployment_class_id,gloss,uid,source_video_path,sampling_mode,augmentation_required
42,0,0,0,monday,0q7mwfrGneM_1,/home/dipshikha/Music/cao/CISLR_v1.5-a_videos/0q7mwfrGneM_1.mp4,WITH_REPLACEMENT,True
42,1,1,0,monday,WBIjeM1OYEQ_1,/home/dipshikha/Music/cao/CISLR_v1.5-a_videos/WBIjeM1OYEQ_1.mp4,WITH_REPLACEMENT,True
42,2,2,0,monday,VhiPxEZMhus_1,/home/dipshikha/Music/cao/CISLR_v1.5-a_videos/VhiPxEZMhus_1.mp4,WITH_REPLACEMENT,True
42,3,3,0,monday,SULzv6BHjHs_1,/home/dipshikha/Music/cao/CISLR_v1.5-a_videos/SULzv6BHjHs_1.mp4,WITH_REPLACEMENT,True
42,4,4,0,monday,SULzv6BHjHs_1,/home/dipshikha/Music/cao/CISLR_v1.5-a_videos/SULzv6BHjHs_1.mp4,WITH_REPLACEMENT,True
42,5,5,0,monday,fwjl-PITW-A_1,/home/dipshikha/Music/cao/CISLR_v1.5-a_videos/fwjl-PITW-A_1.mp4,WITH_REPLACEMENT,True
42,6,6,0,monday,0q7mwfrGneM_1,/home/dipshikha/Music/cao/CISLR_v1.5-a_videos/0q7mwfrGneM_1.mp4,WITH_REPLACEMENT,True
42,7,7,0,monday,VhiPxEZMhus_1,/home/dipshikha/Music/cao/CISLR_v1.5-a_videos/VhiPxEZMhus_1.mp4,WITH_REPLACEMENT,True
42,8,8,0,monday,52TTzIUKAAI,/home/dipshikha/Music/cao/CISLR_v1.5-a_videos/52TTzIUKAAI.mp4,WITH_REPLACEMENT,True
42,9,9,0,monday,4SlMtTeUkEE_1,/home/dipshikha/Music/cao/CISLR_v1.5-a_videos/4SlMtTeUkEE_1.mp4,WITH_REPLACEMENT,True
42,10,10,0,monday,UK-aS_5scz4_1,/home/dipshikha/Music/cao/CISLR_v1.5-a_videos/UK-aS_5scz4_1.mp4,WITH_REPLACEMENT,True
42,11,11,0,monday,qjgThWSsOVk_1,/home/dipshikha/Music/cao/CISLR_v1.5-a_videos/qjgThWSsOVk_1.mp4,WITH_REPLACEMENT,True
42,12,12,0,monday,WBIjeM1OYEQ_1,/home/dipshikha/Music/cao/CISLR_v1.5-a_videos/WBIjeM1OYEQ_1.mp4,WITH_REPLACEMENT,True
42,13,13,0,monday,WBIjeM1OYEQ_1,/home/dipshikha/Music/cao/CISLR_v1.5-a_videos/WBIjeM1OYEQ_1.mp4,WITH_REPLACEMENT,True
42,14,14,0,monday,VhiPxEZMhus_1,/home/dipshikha/Music/cao/CISLR_v1.5-a_videos/VhiPxEZMhus_1.mp4,WITH_REPLACEMENT,True
42,15,15,0,monday,WBIjeM1OYEQ_1,/home/dipshikha/Music/cao/CISLR_v1.5-a_videos/WBIjeM1OYEQ_1.mp4,WITH_REPLACEMENT,True
42,16,16,0,monday,UK-aS_5scz4_1,/home/dipshikha/Music/cao/CISLR_v1.5-a_videos/UK-aS_5scz4_1.mp4,WITH_REPLACEMENT,True
42,17,17,0,monday,4SlMtTeUkEE_1,/home/dipshikha/Music/cao/CISLR_v1.5-a_videos/4SlMtTeUkEE_1.mp4,WITH_REPLACEMENT,True
42,18,18,0,monday,fwjl-PITW-A_1,/home/dipshikha/Music/cao/CISLR_v1.5-a_videos/fwjl-PITW-A_1.mp4,WITH_REPLACEMENT,True
42,19,19,0,monday,SULzv6BHjHs_1,/home/dipshikha/Music/cao/CISLR_v1.5-a_videos/SULzv6BHjHs_1.mp4,WITH_REPLACEMENT,True
42,20,0,1,interest,RlC8ZTPuOBU_1,/home/dipshikha/Music/cao/CISLR_v1.5-a_videos/RlC8ZTPuOBU_1.mp4,WITH_REPLACEMENT,True
42,21,1,1,interest,7kHhJbwb-xg,/home/dipshikha/Music/cao/CISLR_v1.5-a_videos/7kHhJbwb-xg.mp4,WITH_REPLACEMENT,True
42,22,2,1,interest,10KuxOH6cYM_1,/home/dipshikha/Music/cao/CISLR_v1.5-a_videos/10KuxOH6cYM_1.mp4,WITH_REPLACEMENT,True
42,23,3,1,interest,tx2Z3baCxLA_1,/home/dipshikha/Music/cao/CISLR_v1.5-a_videos/tx2Z3baCxLA_1.mp4,WITH_REPLACEMENT,True
42,24,4,1,interest,syK7APT1R4w,/home/dipshikha/Music/cao/CISLR_v1.5-a_videos/syK7APT1R4w.mp4,WITH_REPLACEMENT,True
42,25,5,1,interest,c-n55nBWOIc_1,/home/dipshikha/Music/cao/CISLR_v1.5-a_videos/c-n55nBWOIc_1.mp4,WITH_REPLACEMENT,True
42,26,6,1,interest,IOaZtwg1czk_1,/home/dipshikha/Music/cao/CISLR_v1.5-a_videos/IOaZtwg1czk_1.mp4,WITH_REPLACEMENT,True
42,27,7,1,interest,syK7APT1R4w,/home/dipshikha/Music/cao/CISLR_v1.5-a_videos/syK7APT1R4w.mp4,WITH_REPLACEMENT,True
42,28,8,1,interest,RlC8ZTPuOBU_1,/home/dipshikha/Music/cao/CISLR_v1.5-a_videos/RlC8ZTPuOBU_1.mp4,WITH_REPLACEMENT,True
42,29,9,1,interest,IOaZtwg1czk_1,/home/dipshikha/Music/cao/CISLR_v1.5-a_videos/IOaZtwg1czk_1.mp4,WITH_REPLACEMENT,True
42,30,10,1,interest,IOaZtwg1czk_1,/home/dipshikha/Music/cao/CISLR_v1.5-a_videos/IOaZtwg1czk_1.mp4,WITH_REPLACEMENT,True
42,31,11,1,interest,10KuxOH6cYM_1,/home/dipshikha/Music/cao/CISLR_v1.5-a_videos/10KuxOH6cYM_1.mp4,WITH_REPLACEMENT,True
42,32,12,1,interest,0RiCicL3Zg8_1,/home/dipshikha/Music/cao/CISLR_v1.5-a_videos/0RiCicL3Zg8_1.mp4,WITH_REPLACEMENT,True
42,33,13,1,interest,RlC8ZTPuOBU_1,/home/dipshikha/Music/cao/CISLR_v1.5-a_videos/RlC8ZTPuOBU_1.mp4,WITH_REPLACEMENT,True
42,34,14,1,interest,tx2Z3baCxLA_1,/home/dipshikha/Music/cao/CISLR_v1.5-a_videos/tx2Z3baCxLA_1.mp4,WITH_REPLACEMENT,True
42,35,15,1,interest,0RiCicL3Zg8_1,/home/dipshikha/Music/cao/CISLR_v1.5-a_videos/0RiCicL3Zg8_1.mp4,WITH_REPLACEMENT,True
42,36,16,1,interest,syK7APT1R4w,/home/dipshikha/Music/cao/CISLR_v1.5-a_videos/syK7APT1R4w.mp4,WITH_REPLACEMENT,True
42,37,17,1,interest,syK7APT1R4w,/home/dipshikha/Music/cao/CISLR_v1.5-a_videos/syK7APT1R4w.mp4,WITH_REPLACEMENT,True
42,38,18,1,interest,7kHhJbwb-xg,/home/dipshikha/Music/cao/CISLR_v1.5-a_videos/7kHhJbwb-xg.mp4,WITH_REPLACEMENT,True
42,39,19,1,interest,c-n55nBWOIc_1,/home/dipshikha/Music/cao/CISLR_v1.5-a_videos/c-n55nBWOIc_1.mp4,WITH_REPLACEMENT,True
42,40,0,2,thursday,IuIV6N8k4Ik_1,/home/dipshikha/Music/cao/CISLR_v1.5-a_videos/IuIV6N8k4Ik_1.mp4,WITH_REPLACEMENT,True
42,41,1,2,thursday,iKNbZ_6pB5c,/home/dipshikha/Music/cao/CISLR_v1.5-a_videos/iKNbZ_6pB5c.mp4,WITH_REPLACEMENT,True
42,42,2,2,thursday,iKNbZ_6pB5c,/home/dipshikha/Music/cao/CISLR_v1.5-a_videos/iKNbZ_6pB5c.mp4,WITH_REPLACEMENT,True
42,43,3,2,thursday,Y6FhOnbO6UI_1,/home/dipshikha/Music/cao/CISLR_v1.5-a_videos/Y6FhOnbO6UI_1.mp4,WITH_REPLACEMENT,True
42,44,4,2,thursday,2WBsjTVGFDw_1,/home/dipshikha/Music/cao/CISLR_v1.5-a_videos/2WBsjTVGFDw_1.mp4,WITH_REPLACEMENT,True
42,45,5,2,thursday,sjpTILsokjg_1,/home/dipshikha/Music/cao/CISLR_v1.5-a_videos/sjpTILsokjg_1.mp4,WITH_REPLACEMENT,True
42,46,6,2,thursday,ZuEwvrlmnyw_1,/home/dipshikha/Music/cao/CISLR_v1.5-a_videos/ZuEwvrlmnyw_1.mp4,WITH_REPLACEMENT,True
42,47,7,2,thursday,sjpTILsokjg_1,/home/dipshikha/Music/cao/CISLR_v1.5-a_videos/sjpTILsokjg_1.mp4,WITH_REPLACEMENT,True
42,48,8,2,thursday,iKNbZ_6pB5c,/home/dipshikha/Music/cao/CISLR_v1.5-a_videos/iKNbZ_6pB5c.mp4,WITH_REPLACEMENT,True
42,49,9,2,thursday,p8R2zU16-xI_1,/home/dipshikha/Music/cao/CISLR_v1.5-a_videos/p8R2zU16-xI_1.mp4,WITH_REPLACEMENT,True
42,50,10,2,thursday,iKNbZ_6pB5c,/home/dipshikha/Music/cao/CISLR_v1.5-a_videos/iKNbZ_6pB5c.mp4,WITH_REPLACEMENT,True
42,51,11,2,thursday,IuIV6N8k4Ik_1,/home/dipshikha/Music/cao/CISLR_v1.5-a_videos/IuIV6N8k4Ik_1.mp4,WITH_REPLACEMENT,True
42,52,12,2,thursday,Y6FhOnbO6UI_1,/home/dipshikha/Music/cao/CISLR_v1.5-a_videos/Y6FhOnbO6UI_1.mp4,WITH_REPLACEMENT,True
42,53,13,2,thursday,ZuEwvrlmnyw_1,/home/dipshikha/Music/cao/CISLR_v1.5-a_videos/ZuEwvrlmnyw_1.mp4,WITH_REPLACEMENT,True
42,54,14,2,thursday,ZuEwvrlmnyw_1,/home/dipshikha/Music/cao/CISLR_v1.5-a_videos/ZuEwvrlmnyw_1.mp4,WITH_REPLACEMENT,True
42,55,15,2,thursday,2WBsjTVGFDw_1,/home/dipshikha/Music/cao/CISLR_v1.5-a_videos/2WBsjTVGFDw_1.mp4,WITH_REPLACEMENT,True
42,56,16,2,thursday,ZuEwvrlmnyw_1,/home/dipshikha/Music/cao/CISLR_v1.5-a_videos/ZuEwvrlmnyw_1.mp4,WITH_REPLACEMENT,True
42,57,17,2,thursday,IuIV6N8k4Ik_1,/home/dipshikha/Music/cao/CISLR_v1.5-a_videos/IuIV6N8k4Ik_1.mp4,WITH_REPLACEMENT,True
42,58,18,2,thursday,iKNbZ_6pB5c,/home/dipshikha/Music/cao/CISLR_v1.5-a_videos/iKNbZ_6pB5c.mp4,WITH_REPLACEMENT,True
42,59,19,2,thursday,iKNbZ_6pB5c,/home/dipshikha/Music/cao/CISLR_v1.5-a_videos/iKNbZ_6pB5c.mp4,WITH_REPLACEMENT,True
42,60,0,3,christmas,tUV7RnfFTa4,/home/dipshikha/Music/cao/CISLR_v1.5-a_videos/tUV7RnfFTa4.mp4,WITH_REPLACEMENT,True
42,61,1,3,christmas,bJiwFIbDGRQ_1,/home/dipshikha/Music/cao/CISLR_v1.5-a_videos/bJiwFIbDGRQ_1.mp4,WITH_REPLACEMENT,True
42,62,2,3,christmas,SdsEu8iuUpE,/home/dipshikha/Music/cao/CISLR_v1.5-a_videos/SdsEu8iuUpE.mp4,WITH_REPLACEMENT,True
42,63,3,3,christmas,tUV7RnfFTa4,/home/dipshikha/Music/cao/CISLR_v1.5-a_videos/tUV7RnfFTa4.mp4,WITH_REPLACEMENT,True
42,64,4,3,christmas,SdsEu8iuUpE,/home/dipshikha/Music/cao/CISLR_v1.5-a_videos/SdsEu8iuUpE.mp4,WITH_REPLACEMENT,True
42,65,5,3,christmas,9e7G2jc3tso_1,/home/dipshikha/Music/cao/CISLR_v1.5-a_videos/9e7G2jc3tso_1.mp4,WITH_REPLACEMENT,True
42,66,6,3,christmas,tUV7RnfFTa4,/home/dipshikha/Music/cao/CISLR_v1.5-a_videos/tUV7RnfFTa4.mp4,WITH_REPLACEMENT,True
42,67,7,3,christmas,SdsEu8iuUpE,/home/dipshikha/Music/cao/CISLR_v1.5-a_videos/SdsEu8iuUpE.mp4,WITH_REPLACEMENT,True
42,68,8,3,christmas,9WpI_sLgb00,/home/dipshikha/Music/cao/CISLR_v1.5-a_videos/9WpI_sLgb00.mp4,WITH_REPLACEMENT,True
42,69,9,3,christmas,SdsEu8iuUpE,/home/dipshikha/Music/cao/CISLR_v1.5-a_videos/SdsEu8iuUpE.mp4,WITH_REPLACEMENT,True
42,70,10,3,christmas,bJiwFIbDGRQ_1,/home/dipshikha/Music/cao/CISLR_v1.5-a_videos/bJiwFIbDGRQ_1.mp4,WITH_REPLACEMENT,True
42,71,11,3,christmas,9e7G2jc3tso_1,/home/dipshikha/Music/cao/CISLR_v1.5-a_videos/9e7G2jc3tso_1.mp4,WITH_REPLACEMENT,True
42,72,12,3,christmas,SdsEu8iuUpE,/home/dipshikha/Music/cao/CISLR_v1.5-a_videos/SdsEu8iuUpE.mp4,WITH_REPLACEMENT,True
42,73,13,3,christmas,9WpI_sLgb00,/home/dipshikha/Music/cao/CISLR_v1.5-a_videos/9WpI_sLgb00.mp4,WITH_REPLACEMENT,True
42,74,14,3,christmas,bJiwFIbDGRQ_1,/home/dipshikha/Music/cao/CISLR_v1.5-a_videos/bJiwFIbDGRQ_1.mp4,WITH_REPLACEMENT,True
42,75,15,3,christmas,SdsEu8iuUpE,/home/dipshikha/Music/cao/CISLR_v1.5-a_videos/SdsEu8iuUpE.mp4,WITH_REPLACEMENT,True
42,76,16,3,christmas,9e7G2jc3tso_1,/home/dipshikha/Music/cao/CISLR_v1.5-a_videos/9e7G2jc3tso_1.mp4,WITH_REPLACEMENT,True
42,77,17,3,christmas,9e7G2jc3tso_1,/home/dipshikha/Music/cao/CISLR_v1.5-a_videos/9e7G2jc3tso_1.mp4,WITH_REPLACEMENT,True
42,78,18,3,christmas,aYpR1Gsa0_U,/home/dipshikha/Music/cao/CISLR_v1.5-a_videos/aYpR1Gsa0_U.mp4,WITH_REPLACEMENT,True
42,79,19,3,christmas,bJiwFIbDGRQ_1,/home/dipshikha/Music/cao/CISLR_v1.5-a_videos/bJiwFIbDGRQ_1.mp4,WITH_REPLACEMENT,True
42,80,0,4,pencil,xlX3VgcSz_o_1,/home/dipshikha/Music/cao/CISLR_v1.5-a_videos/xlX3VgcSz_o_1.mp4,WITH_REPLACEMENT,True
42,81,1,4,pencil,GQaw-x-oXM0,/home/dipshikha/Music/cao/CISLR_v1.5-a_videos/GQaw-x-oXM0.mp4,WITH_REPLACEMENT,True
42,82,2,4,pencil,0p_iET-2TRw,/home/dipshikha/Music/cao/CISLR_v1.5-a_videos/0p_iET-2TRw.mp4,WITH_REPLACEMENT,True
42,83,3,4,pencil,gzjPlKC1r-w_1,/home/dipshikha/Music/cao/CISLR_v1.5-a_videos/gzjPlKC1r-w_1.mp4,WITH_REPLACEMENT,True
42,84,4,4,pencil,b8uuqEIu8Ag,/home/dipshikha/Music/cao/CISLR_v1.5-a_videos/b8uuqEIu8Ag.mp4,WITH_REPLACEMENT,True
42,85,5,4,pencil,b8uuqEIu8Ag,/home/dipshikha/Music/cao/CISLR_v1.5-a_videos/b8uuqEIu8Ag.mp4,WITH_REPLACEMENT,True
42,86,6,4,pencil,-C18cQCkCcw,/home/dipshikha/Music/cao/CISLR_v1.5-a_videos/-C18cQCkCcw.mp4,WITH_REPLACEMENT,True
42,87,7,4,pencil,EbmFC4EitxU,/home/dipshikha/Music/cao/CISLR_v1.5-a_videos/EbmFC4EitxU.mp4,WITH_REPLACEMENT,True
42,88,8,4,pencil,gzjPlKC1r-w_1,/home/dipshikha/Music/cao/CISLR_v1.5-a_videos/gzjPlKC1r-w_1.mp4,WITH_REPLACEMENT,True
42,89,9,4,pencil,gzjPlKC1r-w_1,/home/dipshikha/Music/cao/CISLR_v1.5-a_videos/gzjPlKC1r-w_1.mp4,WITH_REPLACEMENT,True
42,90,10,4,pencil,GQaw-x-oXM0,/home/dipshikha/Music/cao/CISLR_v1.5-a_videos/GQaw-x-oXM0.mp4,WITH_REPLACEMENT,True
42,91,11,4,pencil,gzjPlKC1r-w_1,/home/dipshikha/Music/cao/CISLR_v1.5-a_videos/gzjPlKC1r-w_1.mp4,WITH_REPLACEMENT,True
42,92,12,4,pencil,gzjPlKC1r-w_1,/home/dipshikha/Music/cao/CISLR_v1.5-a_videos/gzjPlKC1r-w_1.mp4,WITH_REPLACEMENT,True
42,93,13,4,pencil,EbmFC4EitxU,/home/dipshikha/Music/cao/CISLR_v1.5-a_videos/EbmFC4EitxU.mp4,WITH_REPLACEMENT,True
42,94,14,4,pencil,xlX3VgcSz_o_1,/home/dipshikha/Music/cao/CISLR_v1.5-a_videos/xlX3VgcSz_o_1.mp4,WITH_REPLACEMENT,True
42,95,15,4,pencil,EbmFC4EitxU,/home/dipshikha/Music/cao/CISLR_v1.5-a_videos/EbmFC4EitxU.mp4,WITH_REPLACEMENT,True
42,96,16,4,pencil,0p_iET-2TRw,/home/dipshikha/Music/cao/CISLR_v1.5-a_videos/0p_iET-2TRw.mp4,WITH_REPLACEMENT,True
42,97,17,4,pencil,b8uuqEIu8Ag,/home/dipshikha/Music/cao/CISLR_v1.5-a_videos/b8uuqEIu8Ag.mp4,WITH_REPLACEMENT,True
42,98,18,4,pencil,b8uuqEIu8Ag,/home/dipshikha/Music/cao/CISLR_v1.5-a_videos/b8uuqEIu8Ag.mp4,WITH_REPLACEMENT,True
42,99,19,4,pencil,-C18cQCkCcw,/home/dipshikha/Music/cao/CISLR_v1.5-a_videos/-C18cQCkCcw.mp4,WITH_REPLACEMENT,True
42,100,0,5,mother,VqekGul5Xb0_1,/home/dipshikha/Music/cao/CISLR_v1.5-a_videos/VqekGul5Xb0_1.mp4,WITH_REPLACEMENT,True
42,101,1,5,mother,Kxj8mG2kNCc,/home/dipshikha/Music/cao/CISLR_v1.5-a_videos/Kxj8mG2kNCc.mp4,WITH_REPLACEMENT,True
42,102,2,5,mother,VqekGul5Xb0_1,/home/dipshikha/Music/cao/CISLR_v1.5-a_videos/VqekGul5Xb0_1.mp4,WITH_REPLACEMENT,True
42,103,3,5,mother,0t5NaJwemgI_1,/home/dipshikha/Music/cao/CISLR_v1.5-a_videos/0t5NaJwemgI_1.mp4,WITH_REPLACEMENT,True
42,104,4,5,mother,VqekGul5Xb0_1,/home/dipshikha/Music/cao/CISLR_v1.5-a_videos/VqekGul5Xb0_1.mp4,WITH_REPLACEMENT,True
42,105,5,5,mother,VqekGul5Xb0_1,/home/dipshikha/Music/cao/CISLR_v1.5-a_videos/VqekGul5Xb0_1.mp4,WITH_REPLACEMENT,True
42,106,6,5,mother,VqekGul5Xb0_1,/home/dipshikha/Music/cao/CISLR_v1.5-a_videos/VqekGul5Xb0_1.mp4,WITH_REPLACEMENT,True
42,107,7,5,mother,UbLgHH4sOtA_1,/home/dipshikha/Music/cao/CISLR_v1.5-a_videos/UbLgHH4sOtA_1.mp4,WITH_REPLACEMENT,True
42,108,8,5,mother,QlqLuC-1u1U_1,/home/dipshikha/Music/cao/CISLR_v1.5-a_videos/QlqLuC-1u1U_1.mp4,WITH_REPLACEMENT,True
42,109,9,5,mother,VqekGul5Xb0_1,/home/dipshikha/Music/cao/CISLR_v1.5-a_videos/VqekGul5Xb0_1.mp4,WITH_REPLACEMENT,True
42,110,10,5,mother,Kxj8mG2kNCc,/home/dipshikha/Music/cao/CISLR_v1.5-a_videos/Kxj8mG2kNCc.mp4,WITH_REPLACEMENT,True
42,111,11,5,mother,VqekGul5Xb0_1,/home/dipshikha/Music/cao/CISLR_v1.5-a_videos/VqekGul5Xb0_1.mp4,WITH_REPLACEMENT,True
42,112,12,5,mother,UbLgHH4sOtA_1,/home/dipshikha/Music/cao/CISLR_v1.5-a_videos/UbLgHH4sOtA_1.mp4,WITH_REPLACEMENT,True
42,113,13,5,mother,QlqLuC-1u1U_1,/home/dipshikha/Music/cao/CISLR_v1.5-a_videos/QlqLuC-1u1U_1.mp4,WITH_REPLACEMENT,True
42,114,14,5,mother,UbLgHH4sOtA_1,/home/dipshikha/Music/cao/CISLR_v1.5-a_videos/UbLgHH4sOtA_1.mp4,WITH_REPLACEMENT,True
42,115,15,5,mother,UbLgHH4sOtA_1,/home/dipshikha/Music/cao/CISLR_v1.5-a_videos/UbLgHH4sOtA_1.mp4,WITH_REPLACEMENT,True
42,116,16,5,mother,0t5NaJwemgI_1,/home/dipshikha/Music/cao/CISLR_v1.5-a_videos/0t5NaJwemgI_1.mp4,WITH_REPLACEMENT,True
42,117,17,5,mother,0t5NaJwemgI_1,/home/dipshikha/Music/cao/CISLR_v1.5-a_videos/0t5NaJwemgI_1.mp4,WITH_REPLACEMENT,True
42,118,18,5,mother,Kxj8mG2kNCc,/home/dipshikha/Music/cao/CISLR_v1.5-a_videos/Kxj8mG2kNCc.mp4,WITH_REPLACEMENT,True
42,119,19,5,mother,0t5NaJwemgI_1,/home/dipshikha/Music/cao/CISLR_v1.5-a_videos/0t5NaJwemgI_1.mp4,WITH_REPLACEMENT,True
42,120,0,6,tuesday,NC0iEaE7Ba4,/home/dipshikha/Music/cao/CISLR_v1.5-a_videos/NC0iEaE7Ba4.mp4,WITH_REPLACEMENT,True
42,121,1,6,tuesday,jrqLjBjjrHA_1,/home/dipshikha/Music/cao/CISLR_v1.5-a_videos/jrqLjBjjrHA_1.mp4,WITH_REPLACEMENT,True
42,122,2,6,tuesday,YMsS8QIdWM0,/home/dipshikha/Music/cao/CISLR_v1.5-a_videos/YMsS8QIdWM0.mp4,WITH_REPLACEMENT,True
42,123,3,6,tuesday,NC0iEaE7Ba4,/home/dipshikha/Music/cao/CISLR_v1.5-a_videos/NC0iEaE7Ba4.mp4,WITH_REPLACEMENT,True
42,124,4,6,tuesday,qw9d-nRDzKM_1,/home/dipshikha/Music/cao/CISLR_v1.5-a_videos/qw9d-nRDzKM_1.mp4,WITH_REPLACEMENT,True
42,125,5,6,tuesday,YMsS8QIdWM0,/home/dipshikha/Music/cao/CISLR_v1.5-a_videos/YMsS8QIdWM0.mp4,WITH_REPLACEMENT,True
42,126,6,6,tuesday,7WLX7jxH84k_1,/home/dipshikha/Music/cao/CISLR_v1.5-a_videos/7WLX7jxH84k_1.mp4,WITH_REPLACEMENT,True
42,127,7,6,tuesday,jrqLjBjjrHA_1,/home/dipshikha/Music/cao/CISLR_v1.5-a_videos/jrqLjBjjrHA_1.mp4,WITH_REPLACEMENT,True
42,128,8,6,tuesday,YMsS8QIdWM0,/home/dipshikha/Music/cao/CISLR_v1.5-a_videos/YMsS8QIdWM0.mp4,WITH_REPLACEMENT,True
42,129,9,6,tuesday,YMsS8QIdWM0,/home/dipshikha/Music/cao/CISLR_v1.5-a_videos/YMsS8QIdWM0.mp4,WITH_REPLACEMENT,True
42,130,10,6,tuesday,YMsS8QIdWM0,/home/dipshikha/Music/cao/CISLR_v1.5-a_videos/YMsS8QIdWM0.mp4,WITH_REPLACEMENT,True
42,131,11,6,tuesday,YMsS8QIdWM0,/home/dipshikha/Music/cao/CISLR_v1.5-a_videos/YMsS8QIdWM0.mp4,WITH_REPLACEMENT,True
42,132,12,6,tuesday,7WLX7jxH84k_1,/home/dipshikha/Music/cao/CISLR_v1.5-a_videos/7WLX7jxH84k_1.mp4,WITH_REPLACEMENT,True
42,133,13,6,tuesday,YMsS8QIdWM0,/home/dipshikha/Music/cao/CISLR_v1.5-a_videos/YMsS8QIdWM0.mp4,WITH_REPLACEMENT,True
42,134,14,6,tuesday,jrqLjBjjrHA_1,/home/dipshikha/Music/cao/CISLR_v1.5-a_videos/jrqLjBjjrHA_1.mp4,WITH_REPLACEMENT,True
42,135,15,6,tuesday,FLG6F5h_LiY_1,/home/dipshikha/Music/cao/CISLR_v1.5-a_videos/FLG6F5h_LiY_1.mp4,WITH_REPLACEMENT,True
42,136,16,6,tuesday,YMsS8QIdWM0,/home/dipshikha/Music/cao/CISLR_v1.5-a_videos/YMsS8QIdWM0.mp4,WITH_REPLACEMENT,True
42,137,17,6,tuesday,7WLX7jxH84k_1,/home/dipshikha/Music/cao/CISLR_v1.5-a_videos/7WLX7jxH84k_1.mp4,WITH_REPLACEMENT,True
42,138,18,6,tuesday,NC0iEaE7Ba4,/home/dipshikha/Music/cao/CISLR_v1.5-a_videos/NC0iEaE7Ba4.mp4,WITH_REPLACEMENT,True
42,139,19,6,tuesday,NC0iEaE7Ba4,/home/dipshikha/Music/cao/CISLR_v1.5-a_videos/NC0iEaE7Ba4.mp4,WITH_REPLACEMENT,True
42,140,0,7,friday,zmcws5FplEc_1,/home/dipshikha/Music/cao/CISLR_v1.5-a_videos/zmcws5FplEc_1.mp4,WITH_REPLACEMENT,True
42,141,1,7,friday,RaT4rhSnixI_1,/home/dipshikha/Music/cao/CISLR_v1.5-a_videos/RaT4rhSnixI_1.mp4,WITH_REPLACEMENT,True
42,142,2,7,friday,RaT4rhSnixI_1,/home/dipshikha/Music/cao/CISLR_v1.5-a_videos/RaT4rhSnixI_1.mp4,WITH_REPLACEMENT,True
42,143,3,7,friday,SFP1Y49gip0_1,/home/dipshikha/Music/cao/CISLR_v1.5-a_videos/SFP1Y49gip0_1.mp4,WITH_REPLACEMENT,True
42,144,4,7,friday,zmcws5FplEc_1,/home/dipshikha/Music/cao/CISLR_v1.5-a_videos/zmcws5FplEc_1.mp4,WITH_REPLACEMENT,True
42,145,5,7,friday,j_ERp4-Cqbg_1,/home/dipshikha/Music/cao/CISLR_v1.5-a_videos/j_ERp4-Cqbg_1.mp4,WITH_REPLACEMENT,True
42,146,6,7,friday,Gl6b4xJGc5k_1,/home/dipshikha/Music/cao/CISLR_v1.5-a_videos/Gl6b4xJGc5k_1.mp4,WITH_REPLACEMENT,True
42,147,7,7,friday,RaT4rhSnixI_1,/home/dipshikha/Music/cao/CISLR_v1.5-a_videos/RaT4rhSnixI_1.mp4,WITH_REPLACEMENT,True
42,148,8,7,friday,j_ERp4-Cqbg_1,/home/dipshikha/Music/cao/CISLR_v1.5-a_videos/j_ERp4-Cqbg_1.mp4,WITH_REPLACEMENT,True
42,149,9,7,friday,Gl6b4xJGc5k_1,/home/dipshikha/Music/cao/CISLR_v1.5-a_videos/Gl6b4xJGc5k_1.mp4,WITH_REPLACEMENT,True
42,150,10,7,friday,j_ERp4-Cqbg_1,/home/dipshikha/Music/cao/CISLR_v1.5-a_videos/j_ERp4-Cqbg_1.mp4,WITH_REPLACEMENT,True
42,151,11,7,friday,RaT4rhSnixI_1,/home/dipshikha/Music/cao/CISLR_v1.5-a_videos/RaT4rhSnixI_1.mp4,WITH_REPLACEMENT,True
42,152,12,7,friday,zmcws5FplEc_1,/home/dipshikha/Music/cao/CISLR_v1.5-a_videos/zmcws5FplEc_1.mp4,WITH_REPLACEMENT,True
42,153,13,7,friday,SFP1Y49gip0_1,/home/dipshikha/Music/cao/CISLR_v1.5-a_videos/SFP1Y49gip0_1.mp4,WITH_REPLACEMENT,True
42,154,14,7,friday,a8g9AMsHvlI_1,/home/dipshikha/Music/cao/CISLR_v1.5-a_videos/a8g9AMsHvlI_1.mp4,WITH_REPLACEMENT,True
42,155,15,7,friday,b_lBAwm-AC4_1,/home/dipshikha/Music/cao/CISLR_v1.5-a_videos/b_lBAwm-AC4_1.mp4,WITH_REPLACEMENT,True
42,156,16,7,friday,Gl6b4xJGc5k_1,/home/dipshikha/Music/cao/CISLR_v1.5-a_videos/Gl6b4xJGc5k_1.mp4,WITH_REPLACEMENT,True
42,157,17,7,friday,a8g9AMsHvlI_1,/home/dipshikha/Music/cao/CISLR_v1.5-a_videos/a8g9AMsHvlI_1.mp4,WITH_REPLACEMENT,True
42,158,18,7,friday,a8g9AMsHvlI_1,/home/dipshikha/Music/cao/CISLR_v1.5-a_videos/a8g9AMsHvlI_1.mp4,WITH_REPLACEMENT,True
42,159,19,7,friday,j_ERp4-Cqbg_1,/home/dipshikha/Music/cao/CISLR_v1.5-a_videos/j_ERp4-Cqbg_1.mp4,WITH_REPLACEMENT,True
42,160,0,8,rubber,z4D6TU11HbE,/home/dipshikha/Music/cao/CISLR_v1.5-a_videos/z4D6TU11HbE.mp4,WITH_REPLACEMENT,True
42,161,1,8,rubber,wWlOXeR9qnc_1,/home/dipshikha/Music/cao/CISLR_v1.5-a_videos/wWlOXeR9qnc_1.mp4,WITH_REPLACEMENT,True
42,162,2,8,rubber,TwRRZw_m1Po_1,/home/dipshikha/Music/cao/CISLR_v1.5-a_videos/TwRRZw_m1Po_1.mp4,WITH_REPLACEMENT,True
42,163,3,8,rubber,TwRRZw_m1Po_1,/home/dipshikha/Music/cao/CISLR_v1.5-a_videos/TwRRZw_m1Po_1.mp4,WITH_REPLACEMENT,True
42,164,4,8,rubber,TwRRZw_m1Po_1,/home/dipshikha/Music/cao/CISLR_v1.5-a_videos/TwRRZw_m1Po_1.mp4,WITH_REPLACEMENT,True
42,165,5,8,rubber,z4D6TU11HbE,/home/dipshikha/Music/cao/CISLR_v1.5-a_videos/z4D6TU11HbE.mp4,WITH_REPLACEMENT,True
42,166,6,8,rubber,LKNKVzQj9S4_1,/home/dipshikha/Music/cao/CISLR_v1.5-a_videos/LKNKVzQj9S4_1.mp4,WITH_REPLACEMENT,True
42,167,7,8,rubber,5GbIspbaNZA_2,/home/dipshikha/Music/cao/CISLR_v1.5-a_videos/5GbIspbaNZA_2.mp4,WITH_REPLACEMENT,True
42,168,8,8,rubber,LKNKVzQj9S4_1,/home/dipshikha/Music/cao/CISLR_v1.5-a_videos/LKNKVzQj9S4_1.mp4,WITH_REPLACEMENT,True
42,169,9,8,rubber,5GbIspbaNZA_2,/home/dipshikha/Music/cao/CISLR_v1.5-a_videos/5GbIspbaNZA_2.mp4,WITH_REPLACEMENT,True
42,170,10,8,rubber,5GbIspbaNZA_2,/home/dipshikha/Music/cao/CISLR_v1.5-a_videos/5GbIspbaNZA_2.mp4,WITH_REPLACEMENT,True
42,171,11,8,rubber,5GbIspbaNZA_2,/home/dipshikha/Music/cao/CISLR_v1.5-a_videos/5GbIspbaNZA_2.mp4,WITH_REPLACEMENT,True
42,172,12,8,rubber,wWlOXeR9qnc_1,/home/dipshikha/Music/cao/CISLR_v1.5-a_videos/wWlOXeR9qnc_1.mp4,WITH_REPLACEMENT,True
42,173,13,8,rubber,wWlOXeR9qnc_1,/home/dipshikha/Music/cao/CISLR_v1.5-a_videos/wWlOXeR9qnc_1.mp4,WITH_REPLACEMENT,True
42,174,14,8,rubber,wWlOXeR9qnc_1,/home/dipshikha/Music/cao/CISLR_v1.5-a_videos/wWlOXeR9qnc_1.mp4,WITH_REPLACEMENT,True
42,175,15,8,rubber,TwRRZw_m1Po_1,/home/dipshikha/Music/cao/CISLR_v1.5-a_videos/TwRRZw_m1Po_1.mp4,WITH_REPLACEMENT,True
42,176,16,8,rubber,wWlOXeR9qnc_1,/home/dipshikha/Music/cao/CISLR_v1.5-a_videos/wWlOXeR9qnc_1.mp4,WITH_REPLACEMENT,True
42,177,17,8,rubber,5GbIspbaNZA_2,/home/dipshikha/Music/cao/CISLR_v1.5-a_videos/5GbIspbaNZA_2.mp4,WITH_REPLACEMENT,True
42,178,18,8,rubber,z4D6TU11HbE,/home/dipshikha/Music/cao/CISLR_v1.5-a_videos/z4D6TU11HbE.mp4,WITH_REPLACEMENT,True
42,179,19,8,rubber,TwRRZw_m1Po_1,/home/dipshikha/Music/cao/CISLR_v1.5-a_videos/TwRRZw_m1Po_1.mp4,WITH_REPLACEMENT,True
42,180,0,9,wash,hUlyxPexDU0,/home/dipshikha/Music/cao/CISLR_v1.5-a_videos/hUlyxPexDU0.mp4,WITH_REPLACEMENT,True
42,181,1,9,wash,6SgubmEkZQM_1,/home/dipshikha/Music/cao/CISLR_v1.5-a_videos/6SgubmEkZQM_1.mp4,WITH_REPLACEMENT,True
42,182,2,9,wash,OkC4seOp-00,/home/dipshikha/Music/cao/CISLR_v1.5-a_videos/OkC4seOp-00.mp4,WITH_REPLACEMENT,True
42,183,3,9,wash,Ygj0IRouWKg,/home/dipshikha/Music/cao/CISLR_v1.5-a_videos/Ygj0IRouWKg.mp4,WITH_REPLACEMENT,True
42,184,4,9,wash,OkC4seOp-00,/home/dipshikha/Music/cao/CISLR_v1.5-a_videos/OkC4seOp-00.mp4,WITH_REPLACEMENT,True
42,185,5,9,wash,OkC4seOp-00,/home/dipshikha/Music/cao/CISLR_v1.5-a_videos/OkC4seOp-00.mp4,WITH_REPLACEMENT,True
42,186,6,9,wash,6SgubmEkZQM_1,/home/dipshikha/Music/cao/CISLR_v1.5-a_videos/6SgubmEkZQM_1.mp4,WITH_REPLACEMENT,True
42,187,7,9,wash,Ika-iBJ4-Ns,/home/dipshikha/Music/cao/CISLR_v1.5-a_videos/Ika-iBJ4-Ns.mp4,WITH_REPLACEMENT,True
42,188,8,9,wash,Ika-iBJ4-Ns,/home/dipshikha/Music/cao/CISLR_v1.5-a_videos/Ika-iBJ4-Ns.mp4,WITH_REPLACEMENT,True
42,189,9,9,wash,Ika-iBJ4-Ns,/home/dipshikha/Music/cao/CISLR_v1.5-a_videos/Ika-iBJ4-Ns.mp4,WITH_REPLACEMENT,True
42,190,10,9,wash,Ygj0IRouWKg,/home/dipshikha/Music/cao/CISLR_v1.5-a_videos/Ygj0IRouWKg.mp4,WITH_REPLACEMENT,True
42,191,11,9,wash,Ygj0IRouWKg,/home/dipshikha/Music/cao/CISLR_v1.5-a_videos/Ygj0IRouWKg.mp4,WITH_REPLACEMENT,True
42,192,12,9,wash,Ygj0IRouWKg,/home/dipshikha/Music/cao/CISLR_v1.5-a_videos/Ygj0IRouWKg.mp4,WITH_REPLACEMENT,True
42,193,13,9,wash,Ika-iBJ4-Ns,/home/dipshikha/Music/cao/CISLR_v1.5-a_videos/Ika-iBJ4-Ns.mp4,WITH_REPLACEMENT,True
42,194,14,9,wash,hUlyxPexDU0,/home/dipshikha/Music/cao/CISLR_v1.5-a_videos/hUlyxPexDU0.mp4,WITH_REPLACEMENT,True
42,195,15,9,wash,6SgubmEkZQM_1,/home/dipshikha/Music/cao/CISLR_v1.5-a_videos/6SgubmEkZQM_1.mp4,WITH_REPLACEMENT,True
42,196,16,9,wash,Ika-iBJ4-Ns,/home/dipshikha/Music/cao/CISLR_v1.5-a_videos/Ika-iBJ4-Ns.mp4,WITH_REPLACEMENT,True
42,197,17,9,wash,6SgubmEkZQM_1,/home/dipshikha/Music/cao/CISLR_v1.5-a_videos/6SgubmEkZQM_1.mp4,WITH_REPLACEMENT,True
42,198,18,9,wash,Ika-iBJ4-Ns,/home/dipshikha/Music/cao/CISLR_v1.5-a_videos/Ika-iBJ4-Ns.mp4,WITH_REPLACEMENT,True
42,199,19,9,wash,hUlyxPexDU0,/home/dipshikha/Music/cao/CISLR_v1.5-a_videos/hUlyxPexDU0.mp4,WITH_REPLACEMENT,True
