epoch,train_loss,train_top1,train_top5,val_loss,val_top1,val_top5,lr,best
1,5.549045600239029,0.011965811965811967,0.03076923076923077,5.578496318292844,0.014218009478672985,0.03317535545023697,0.0005,True
2,5.4268752562694065,0.02735042735042735,0.05811965811965812,5.5153476683449405,0.018957345971563982,0.023696682464454975,0.0005,True
3,5.334343057616144,0.035897435897435895,0.07008547008547009,5.475922238770255,0.009478672985781991,0.023696682464454975,0.0005,False
4,5.197948899228349,0.06153846153846154,0.11452991452991453,5.439126597761543,0.014218009478672985,0.04265402843601896,0.0005,False
5,5.130924014556102,0.044444444444444446,0.1282051282051282,5.421626088743526,0.014218009478672985,0.02843601895734597,0.0005,False
6,4.961201380053137,0.07521367521367521,0.18461538461538463,5.404033755804125,0.0,0.07109004739336493,0.0005,False
7,4.695757739564293,0.1282051282051282,0.23247863247863249,5.414837211229225,0.009478672985781991,0.07109004739336493,0.0005,False
8,4.426991587826329,0.1606837606837607,0.30427350427350425,5.421995965225436,0.018957345971563982,0.06635071090047394,0.0005,False
9,4.041221302391118,0.24957264957264957,0.441025641025641,5.399936230826717,0.018957345971563982,0.09004739336492891,0.0005,False
10,3.7434461699591743,0.3076923076923077,0.5418803418803418,5.3941564672931115,0.037914691943127965,0.10900473933649289,0.0005,True
11,3.4878272619002906,0.37948717948717947,0.6256410256410256,5.424302153112764,0.023696682464454975,0.08530805687203792,0.0005,False
12,3.202427235627786,0.4735042735042735,0.7008547008547008,5.414449922281419,0.03317535545023697,0.09004739336492891,0.0005,False
13,2.9274231083372717,0.5418803418803418,0.7794871794871795,5.427054124985826,0.04265402843601896,0.0947867298578199,0.0005,True
14,2.746585728979518,0.5726495726495726,0.7743589743589744,5.4301227257715015,0.04265402843601896,0.0947867298578199,0.0005,False
15,2.480397329574976,0.6615384615384615,0.8564102564102564,5.436562233061587,0.061611374407582936,0.11848341232227488,0.0005,True
16,2.1885507722186226,0.7247863247863248,0.9025641025641026,5.452103404637197,0.06635071090047394,0.11374407582938388,0.0005,True
17,2.116778387167515,0.7418803418803419,0.9247863247863248,5.435971892840489,0.061611374407582936,0.12322274881516587,0.0005,False
18,1.8423254408388057,0.8307692307692308,0.958974358974359,5.4311281968067044,0.07582938388625593,0.11848341232227488,0.0005,True
19,1.7006093098567083,0.8598290598290599,0.9487179487179487,5.455005309028083,0.061611374407582936,0.13270142180094788,0.00025,False
20,1.519424221250746,0.8905982905982905,0.976068376068376,5.472968553479814,0.06635071090047394,0.14218009478672985,0.00025,False
21,1.4800616464044294,0.9076923076923077,0.9692307692307692,5.48038768090343,0.07109004739336493,0.14691943127962084,0.00025,False
22,1.4062899202363104,0.9264957264957265,0.9829059829059829,5.489505442397855,0.05687203791469194,0.13270142180094788,0.00025,False
23,1.2918581980925339,0.9282051282051282,0.9777777777777777,5.5082769913696,0.052132701421800945,0.12796208530805686,0.00025,False
24,1.201044450662075,0.9538461538461539,0.9897435897435898,5.524766451939588,0.05687203791469194,0.12796208530805686,0.00025,False
25,1.167286153532501,0.9675213675213675,0.9965811965811966,5.53435519069292,0.061611374407582936,0.13744075829383887,0.00025,False
26,1.0663151749178894,0.9658119658119658,0.9931623931623932,5.556311155382491,0.06635071090047394,0.13744075829383887,0.00025,False
27,1.0760194872179603,0.9658119658119658,0.9931623931623932,5.5675918999441425,0.061611374407582936,0.14218009478672985,0.00025,False
28,1.0369351847558959,0.9692307692307692,0.9897435897435898,5.571639806738397,0.052132701421800945,0.15639810426540285,0.000125,False
29,1.0023264424413698,0.976068376068376,0.9914529914529915,5.567948133459589,0.052132701421800945,0.15165876777251186,0.000125,False
30,0.967731417549981,0.9726495726495726,0.9931623931623932,5.5730990459568694,0.052132701421800945,0.14218009478672985,0.000125,False
31,0.9482432422474918,0.9777777777777777,0.9948717948717949,5.570958155591341,0.052132701421800945,0.14218009478672985,0.000125,False
32,0.9250781194776552,0.9846153846153847,0.9948717948717949,5.573120383854726,0.052132701421800945,0.14218009478672985,0.000125,False
33,0.8516595216897818,0.9897435897435898,0.9982905982905983,5.578469633491118,0.04739336492890995,0.15165876777251186,0.000125,False
34,0.8853504094303164,0.9846153846153847,0.9965811965811966,5.580217363710087,0.04739336492890995,0.15165876777251186,0.000125,False
35,0.8557381075671595,0.9880341880341881,0.9948717948717949,5.594895078107644,0.04739336492890995,0.14691943127962084,0.000125,False
36,0.8661603240885286,0.9863247863247864,1.0,5.605310103339606,0.052132701421800945,0.16113744075829384,0.000125,False
37,0.8267809266718025,0.9863247863247864,0.9965811965811966,5.600815535721621,0.052132701421800945,0.17061611374407584,6.25e-05,False
38,0.8231494665145874,0.9914529914529915,0.9982905982905983,5.598744778836508,0.04739336492890995,0.16113744075829384,6.25e-05,False
39,0.8234485644560594,0.9897435897435898,1.0,5.603696242327938,0.04739336492890995,0.15639810426540285,6.25e-05,False
40,0.7834254034564027,0.9931623931623932,0.9982905982905983,5.607174102728965,0.052132701421800945,0.15639810426540285,6.25e-05,False
41,0.7799393009935689,0.9931623931623932,0.9982905982905983,5.607813769607183,0.05687203791469194,0.16587677725118483,6.25e-05,False
42,0.7863434205707321,0.9965811965811966,0.9982905982905983,5.606603102661422,0.05687203791469194,0.17061611374407584,6.25e-05,False
43,0.7867314629065685,0.9931623931623932,1.0,5.608314830545001,0.052132701421800945,0.16113744075829384,6.25e-05,False
