epoch,train_loss,val_loss,seconds
1,0.1018188762693451,0.00596943823620677,1.9901866912841797
2,0.03178975269055137,0.005785092090566953,1.9235210418701172
3,0.02543695647126207,0.006131440090636413,1.908156394958496
4,0.023422731301532343,0.005418810682992141,1.928328275680542
5,0.021101297345012426,0.005188671251138051,1.918872594833374
6,0.016399406899626438,0.0038252732095619044,1.9010965824127197
7,0.015285226194044719,0.0037203094301124415,1.9142348766326904
8,0.015177271866167966,0.004180063959211111,1.9381098747253418
9,0.014840576833543869,0.0037814941412458816,2.0843124389648438
10,0.015048506705520244,0.003774884312103192,1.914139747619629
11,0.013824048631179791,0.0035243163195749125,1.942817211151123
12,0.011683693370566918,0.0029828750217954316,1.9349133968353271
13,0.011387849011673378,0.0030845423073818288,1.996600866317749
14,0.011934848000796942,0.003123154708494743,1.9511494636535645
15,0.011128335528505536,0.002876492061962684,1.951625108718872
16,0.010118183447048068,0.0027140197344124317,1.9029669761657715
17,0.010301700112624811,0.0028183413669466972,1.9499375820159912
18,0.010324107859140405,0.0026069659118851027,1.9122521877288818
19,0.009596809135893216,0.002622921330233415,1.9403188228607178
20,0.00849999150691124,0.0023592126866181693,1.944502592086792
21,0.008961393712804867,0.0022736574367930493,1.92702054977417
22,0.008892173126626473,0.0021386300989737115,1.9252018928527832
23,0.008481166074768854,0.0023452692354718843,1.9508631229400635
24,0.008196211240899105,0.0020991194372375808,1.9472787380218506
25,0.00867167767137289,0.0021841609850525856,1.964353084564209
26,0.007611798265805611,0.002180513615409533,1.9491922855377197
27,0.008551807321894627,0.0020518613358338675,1.9412579536437988
28,0.008310890111785669,0.0020490312793602548,1.9213168621063232
29,0.008222598349675536,0.00209866122653087,1.944014072418213
30,0.008549792351774298,0.00211164983920753,1.9743893146514893
