Experiment,Temporal Pooling,Prototype Videos,Test Videos,Top-1,Top-5,Recall@10,MRR,Mean Rank,Median Rank
Existing Roi,mean,4417,2210,10.180995475113122,18.868778280542987,21.764705882352942,0.1407994441962064,1753.4447963800906,1718.0
Existing Roi,max,4417,2210,12.352941176470589,18.28054298642534,20.90497737556561,0.1524394270738781,1668.7909502262444,1463.5
Existing Roi,mean_max,4417,2210,12.39819004524887,19.366515837104075,21.357466063348415,0.1549176410773325,1700.0764705882352,1557.5
Existing Roi,median,4417,2210,9.095022624434389,16.78733031674208,21.085972850678733,0.12831613669244976,1752.906334841629,1671.5
Tight Roi,mean,4417,2210,10.361990950226245,19.185520361990953,21.900452488687783,0.14336552120217758,1753.5683257918552,1667.5
Tight Roi,max,4417,2210,12.805429864253393,17.963800904977376,20.633484162895925,0.15431464739180967,1680.775113122172,1462.0
Tight Roi,mean_max,4417,2210,12.624434389140271,19.185520361990953,21.447963800904976,0.15663008691780916,1706.025339366516,1548.0
Tight Roi,median,4417,2210,9.366515837104073,17.149321266968325,21.266968325791854,0.13127027681034537,1758.1506787330318,1648.0
Padded Roi,mean,4417,2210,9.864253393665159,18.416289592760183,22.126696832579185,0.13803129925473462,1738.466515837104,1633.0
Padded Roi,max,4417,2210,12.714932126696832,18.823529411764707,20.81447963800905,0.15578262838303447,1664.8647058823528,1452.5
Padded Roi,mean_max,4417,2210,12.624434389140271,20.0,21.67420814479638,0.15856524489276952,1690.9524886877828,1532.5
Padded Roi,median,4417,2210,8.687782805429864,16.968325791855204,21.266968325791854,0.1274158705261518,1734.8126696832578,1672.5
