epoch,train_loss,train_accuracy,time_seconds
1,8.377277716268964,0.0005659950192438306,485.44495153427124
2,6.988106185234265,0.003961965134706815,533.7026336193085
3,5.712025812532072,0.01935702965813901,370.0654819011688
4,4.493140086022226,0.06279714738510302,356.7637207508087
5,3.6670582992393075,0.12961285940683723,361.11460757255554
6,3.1025161173161755,0.1952399818881594,361.57249331474304
7,2.6892888163289577,0.2596785148290695,360.1461396217346
8,2.35419818894583,0.32372085125650896,367.747679233551
9,2.0980532670253162,0.3761036902875255,358.6503367424011
10,1.8659286413199225,0.4335804844917365,358.4918746948242
