global_epoch,stage,stage_epoch,train_loss,train_top1,train_top5,val_loss,val_top1,val_top5
1,HEAD,1,5.368491417253521,0.704225352112676,3.0985915492957745,5.366943359375,0.6578947368421053,2.6315789473684212
2,HEAD,2,5.35229423415493,1.6901408450704225,4.929577464788732,5.360338712993421,0.32894736842105265,2.6315789473684212
3,HEAD,3,5.340173855633803,2.112676056338028,7.605633802816901,5.351947985197368,1.9736842105263157,4.276315789473684
4,HEAD,4,5.331734154929578,3.380281690140845,8.309859154929578,5.345998663651316,1.9736842105263157,4.605263157894737
5,HEAD,5,5.315905589788732,4.647887323943662,12.816901408450704,5.3403577302631575,3.289473684210526,6.907894736842105
6,HEAD,6,5.290107834507042,5.774647887323944,15.070422535211268,5.333380448190789,2.960526315789474,6.25
7,HEAD,7,5.28597051056338,6.338028169014085,16.338028169014084,5.327161287006579,3.289473684210526,8.223684210526315
8,HEAD,8,5.270075924295774,7.746478873239437,15.774647887323944,5.320608038651316,2.960526315789474,7.894736842105263
9,FINETUNE4,1,5.101067341549296,27.6056338028169,51.971830985915496,5.2085217927631575,11.842105263157896,25.0
10,FINETUNE4,2,5.022513204225352,41.40845070422535,64.78873239436619,5.182257401315789,14.473684210526315,26.644736842105264
11,FINETUNE4,3,4.978675176056338,45.91549295774648,70.98591549295774,5.166439658717105,13.157894736842104,28.94736842105263
12,FINETUNE4,4,4.944426716549295,52.67605633802817,76.7605633802817,5.153461657072368,15.131578947368421,29.276315789473685
13,FINETUNE4,5,4.932966549295775,50.70422535211268,77.1830985915493,5.144891036184211,16.44736842105263,31.25
14,FINETUNE4,6,4.914563160211268,57.04225352112676,80.98591549295774,5.1367444490131575,15.460526315789474,33.88157894736842
15,FINETUNE4,7,4.888187720070422,59.15492957746479,84.36619718309859,5.127839740953948,17.43421052631579,34.86842105263158
16,FINETUNE4,8,4.871346830985916,62.11267605633803,88.02816901408451,5.1177014802631575,18.75,34.21052631578947
17,FINETUNE4,9,4.856420554577465,69.29577464788733,88.45070422535211,5.108796772203948,19.07894736842105,39.473684210526315
18,FINETUNE4,10,4.831525088028169,70.4225352112676,89.15492957746478,5.103335731907895,19.736842105263158,39.473684210526315
19,FINETUNE4,11,4.817418573943662,72.3943661971831,91.26760563380282,5.097553453947368,21.05263157894737,39.473684210526315
20,FINETUNE4,12,4.790993617957747,78.73239436619718,93.66197183098592,5.091398540296052,21.710526315789473,41.11842105263158
21,FINETUNE4,13,4.773514524647887,78.30985915492958,95.07042253521126,5.0840100740131575,22.69736842105263,43.421052631578945
22,FINETUNE4,14,4.771610915492958,81.83098591549296,96.33802816901408,5.079345703125,23.68421052631579,44.73684210526316
23,FINETUNE4,15,4.754335387323944,81.97183098591549,96.33802816901408,5.0752724095394735,21.710526315789473,44.4078947368421
24,FINETUNE4,16,4.735359815140845,85.77464788732394,97.1830985915493,5.071109169407895,22.039473684210527,46.05263157894737
25,FINETUNE4,17,4.7260728433098596,82.67605633802818,97.32394366197182,5.064208984375,24.342105263157894,45.06578947368421
26,FINETUNE4,18,4.703928257042254,88.45070422535211,98.16901408450704,5.057077508223684,25.657894736842106,45.06578947368421
27,FINETUNE4,19,4.694877860915493,86.61971830985915,98.45070422535211,5.052490234375,26.31578947368421,47.03947368421053
28,FINETUNE4,20,4.6719355193661976,89.29577464788733,98.30985915492958,5.048031455592105,26.973684210526315,47.03947368421053
29,FINETUNE4,21,4.653466109154929,89.29577464788733,98.87323943661971,5.043559827302632,26.973684210526315,47.69736842105263
30,FINETUNE4,22,4.650368617957747,91.83098591549296,99.15492957746478,5.037289268092105,28.289473684210527,48.026315789473685
31,FINETUNE4,23,4.6328125,92.53521126760563,99.85915492957747,5.031995271381579,29.605263157894736,48.026315789473685
32,FINETUNE4,24,4.621258802816901,93.38028169014085,99.15492957746478,5.0285387541118425,29.93421052631579,49.671052631578945
33,FINETUNE4,25,4.598987676056338,94.36619718309859,99.5774647887324,5.024079975328948,30.263157894736842,48.68421052631579
