uid,gloss,true_class,rgb_pred,landmark_pred,rgb_correct,landmark_correct,both_correct,rgb_only,landmark_only,neither
IMlXe5o44pc_1,address,0,0,0,1,1,1,0,0,0
kmxkFZgrfuY,address,0,198,163,0,0,0,0,0,1
QRTBO6eAlFY,adult,1,150,79,0,0,0,0,0,1
g9R8d7G2MuY,adult,1,1,1,1,1,1,0,0,0
6M1rP2r672o_1,aeroplane,2,1,19,0,0,0,0,0,1
VdR3IR0wqDY,air,3,13,132,0,0,0,0,0,1
eJ5kLxC1ViY,air,3,214,57,0,0,0,0,0,1
fAjax7qngzk,allow,4,202,146,0,0,0,0,0,1
Zgmvl6IgXuY,amazon,5,5,201,1,0,0,1,0,0
C6Lf2U0ZDmQ_1,angry,6,6,6,1,1,1,0,0,0
i089w0q0af8_1,angry,6,6,6,1,1,1,0,0,0
3Y7KPnUv9kA,animals,7,129,101,0,0,0,0,0,1
ZBUU3_QSSZ0_1,ant,8,8,8,1,1,1,0,0,0
qkl0Ad2_chc_1,ant,8,8,146,1,0,0,1,0,0
q_0AgxMXZkU_1,area,9,9,16,1,0,0,1,0,0
r7VLa40tjvM,area,9,9,134,1,0,0,1,0,0
SvabwOUNAEE,august,10,185,71,0,0,0,0,0,1
_NCg6SOF43E,august,10,83,49,0,0,0,0,0,1
fUfGwnc4Hmo,australia,11,159,119,0,0,0,0,0,1
4joUJiIztMI_1,bad,12,12,12,1,1,1,0,0,0
l8lwU4wIOz4,bad,12,13,16,0,0,0,0,0,1
vKabvg9GjnY_1,behind,13,195,211,0,0,0,0,0,1
otXF356rVzQ,bell,14,153,197,0,0,0,0,0,1
tOHjjyuut4A_1,bell,14,198,32,0,0,0,0,0,1
2vUvW-0XfUE,bharatiya janata party,15,150,123,0,0,0,0,0,1
2cW9Z4UPvgA_1,bill,16,16,16,1,1,1,0,0,0
42WTTq2hqh8_1,bill,16,16,93,1,0,0,1,0,0
QRTZR4dcC6k_2,black,17,17,11,1,0,0,1,0,0
-JcpfOHc0nE,blood pressure,18,123,18,0,1,0,0,1,0
-j9UB4-TMdw,blouse,19,153,14,0,0,0,0,0,1
6zvOKDKmWRc_1,blouse,19,19,19,1,1,1,0,0,0
N6zCu36_1xI_2,blue,20,17,29,0,0,0,0,0,1
doWXendPFc0,bowl,21,73,171,0,0,0,0,0,1
G7LqVtoayeo,brain,22,150,203,0,0,0,0,0,1
O2_3lA8kVVE,brain,22,22,22,1,1,1,0,0,0
rOcFkQzLhLQ_1,brother,23,23,23,1,1,1,0,0,0
FG0lFws-PWo_1,brown,24,24,24,1,1,1,0,0,0
Tm_V8zmIsCA_1,buffalo,25,25,25,1,1,1,0,0,0
_OCCVPF3icI,buffalo,25,91,77,0,0,0,0,0,1
1wmnjSPpUHs,calculator,26,9,49,0,0,0,0,0,1
63BPw0sMbtQ_1,calculator,26,147,188,0,0,0,0,0,1
GiOVSFEP2UQ,call,27,130,56,0,0,0,0,0,1
-R02rqkyxHc_1,can,28,56,70,0,0,0,0,0,1
8G5NgkTRK8s,capital,29,1,121,0,0,0,0,0,1
GrNwG3wnIsI_1,capital,29,141,120,0,0,0,0,0,1
p0IHOoCCGNU,carpenter,30,207,141,0,0,0,0,0,1
wPofP8PotLg_1,cat,31,31,198,1,0,0,1,0,0
wubfL2VbBLY,cat,31,5,4,0,0,0,0,0,1
pD08WIZUULQ_1,chappels,32,32,41,1,0,0,1,0,0
SPF11a6Uwy4_1,chennai,33,63,198,0,0,0,0,0,1
amBz3VzA608_1,cheque,34,176,87,0,0,0,0,0,1
VsCf7FnMXn0_1,cholera,35,35,146,1,0,0,1,0,0
9e7G2jc3tso_1,christmas,36,141,158,0,0,0,0,0,1
aYpR1Gsa0_U,christmas,36,177,111,0,0,0,0,0,1
FR_SoS24QTs_1,clever,37,92,37,0,1,0,0,1,0
yFMHg6sTd6Y,clever,37,37,72,1,0,0,1,0,0
Yf38Dy5zOF4,coconut,38,128,78,0,0,0,0,0,1
8FkwA1OENww_1,cold,39,192,74,0,0,0,0,0,1
LdB-xdR0WlM_2,cold,39,138,136,0,0,0,0,0,1
sSvBHFI6AOk,date,40,178,204,0,0,0,0,0,1
yGWvP26FbEo,date,40,40,205,1,0,0,1,0,0
11derBixy2I_1,day,41,10,167,0,0,0,0,0,1
xLArhlTY728_1,day,41,10,167,0,0,0,0,0,1
B1plqHKGoW4_1,deer,42,42,42,1,1,1,0,0,0
SOMg4XV_dEY,diwali,43,43,4,1,0,0,1,0,0
e3OA2Ag2N8I_1,dog,44,62,100,0,0,0,0,0,1
jR_zotBN7O0_1,donkey,45,45,45,1,1,1,0,0,0
rihHzABTIPg,drawer,46,106,196,0,0,0,0,0,1
bTfZoLcLD1s,drug,47,47,26,1,0,0,1,0,0
z4AQcUmPyxg,drug,47,47,82,1,0,0,1,0,0
JZLbNmS3Lu4_1,duck,48,99,48,0,1,0,0,1,0
oA3QZPn2m1k,duck,48,198,201,0,0,0,0,0,1
F7wUQReGNEw,earth,49,5,13,0,0,0,0,0,1
ZSOCalqaCTw_1,east,50,145,208,0,0,0,0,0,1
aXX2ysgHZTA,east,50,19,64,0,0,0,0,0,1
-Jr9EZz7Epo_1,eclipse,51,51,164,1,0,0,1,0,0
kU3ISrjeygE,elephant,52,184,35,0,0,0,0,0,1
lr-4dzTcjB8,engine,53,178,96,0,0,0,0,0,1
1mWlliCFyxM,escape,54,10,64,0,0,0,0,0,1
jTfsjVTVmKg_1,evening,55,108,66,0,0,0,0,0,1
v0cK8a9s14I_1,evening,55,55,55,1,1,1,0,0,0
TXA5pIG0jEM,expensive,56,56,147,1,0,0,1,0,0
DJzxcG2JLTA,experiment,57,57,57,1,1,1,0,0,0
A-XKL0nXLoA_2,explain,58,57,157,0,0,0,0,0,1
B34fwmoOvvI_1,false,59,59,59,1,1,1,0,0,0
K5qR4GaiYqc,form,60,5,73,0,0,0,0,0,1
VyDyh75isWg,form,60,141,92,0,0,0,0,0,1
RaT4rhSnixI_1,friday,61,40,61,0,1,0,0,1,0
j_ERp4-Cqbg_1,friday,61,61,177,1,0,0,1,0,0
zmcws5FplEc_1,friday,61,40,177,0,0,0,0,0,1
e6oOrAWzRak_1,frog,62,62,11,1,0,0,1,0,0
mL4_qchOSsM_1,gas stove,63,166,63,0,1,0,0,1,0
KOn9NUTFkp8_1,glass,64,180,64,0,1,0,0,1,0
e7LFVgiUCr8,gloves,65,198,76,0,0,0,0,0,1
ZePqDGIfLng_1,goat,66,66,66,1,1,1,0,0,0
cvBDFoHc-SI_1,goat,66,127,66,0,1,0,0,1,0
Ge1eIkRgtJk,gold,67,92,111,0,0,0,0,0,1
DG2hfDpWdMQ_1,good,68,68,163,1,0,0,1,0,0
GZq28EIBmQs,good,68,208,213,0,0,0,0,0,1
wwQV7dGvw0s_2,green,69,69,69,1,1,1,0,0,0
18NS94mBGS4,grow,70,65,207,0,0,0,0,0,1
7ktA4sMqKSo_1,grow,70,155,70,0,1,0,0,1,0
bvRVxOWJdMw_1,guilty,71,12,68,0,0,0,0,0,1
-MS1EdYqs48,gujarat,72,187,79,0,0,0,0,0,1
TrDii_6LlNg,gujarat,72,107,15,0,0,0,0,0,1
iaF0G6EmWk8_1,hanuman,73,197,73,0,1,0,0,1,0
96JTPuAvmno,hard,74,74,21,1,0,0,1,0,0
bDA6y9S2bb4,hard,74,5,90,0,0,0,0,0,1
b2hjMDOnYnw_1,hardworking,75,75,75,1,1,1,0,0,0
OcSgDKInrg8,hot,76,112,92,0,0,0,0,0,1
v-Mcteg34pI_1,hot,76,108,69,0,0,0,0,0,1
DkjjHEZzsHE_1,husband,77,209,14,0,0,0,0,0,1
iURwZntu130_1,increase,78,172,194,0,0,0,0,0,1
k9C_uq11Ja0,increase,78,87,152,0,0,0,0,0,1
FdxGN0ru6F8,india,79,194,142,0,0,0,0,0,1
gOHt4silLhA,india,79,128,131,0,0,0,0,0,1
xvZaGiHtuz0_1,insult,80,80,80,1,1,1,0,0,0
c-n55nBWOIc_1,interest,81,81,81,1,1,1,0,0,0
jMWvOjMUjYk_1,interest,81,84,101,0,0,0,0,0,1
tx2Z3baCxLA_1,interest,81,189,213,0,0,0,0,0,1
-nITY8LhYgc,iron,82,198,10,0,0,0,0,0,1
sfpvbKAz4Oo,iron,82,150,176,0,0,0,0,0,1
HTy7MUaROK8,january,83,40,40,0,0,0,0,0,1
Mo-VXbTe0bs_1,january,83,40,100,0,0,0,0,0,1
JabTaO_zQ-M_2,key,84,54,84,0,1,0,0,1,0
EzA7vpG_mnw,kitchen,85,129,85,0,1,0,0,1,0
WwL2FQcTAlg_1,kitchen,85,85,134,1,0,0,1,0,0
Hdvjnsplcx8_1,knife,86,86,86,1,1,1,0,0,0
WdBygG07nkU,knife,86,91,126,0,0,0,0,0,1
VTDRIXo-Bpg_1,kurta,87,87,87,1,1,1,0,0,0
-A1P5WbuNo8,ladder,88,88,113,1,0,0,1,0,0
jU4EzkHyLHA_1,land,89,46,1,0,0,0,0,0,1
zyUvGZAlkOs_1,land,89,46,93,0,0,0,0,0,1
tg9QaW7Pvm8,leaf,90,91,45,0,0,0,0,0,1
u6x6Qk463V4,leaf,90,90,68,1,0,0,1,0,0
vBJxSJ5_mvw_1,learn,91,49,173,0,0,0,0,0,1
NAiENsui-oc_1,lie,92,6,92,0,1,0,0,1,0
XFG6tJjEar8,lie,92,184,67,0,0,0,0,0,1
QMEYstHkpA0_2,light,93,22,11,0,0,0,0,0,1
YEHQWC5VjX4_2,light,93,50,157,0,0,0,0,0,1
i5FfdjLi5IQ,magic,94,141,63,0,0,0,0,0,1
VLeir-T0xmU,magnet,95,91,58,0,0,0,0,0,1
i-W0qokTIeM,mechanic,96,96,160,1,0,0,1,0,0
fCJA3uu02WA,melt,97,97,97,1,1,1,0,0,0
KKXbxgBsRoQ_1,mistake,98,81,12,0,0,0,0,0,1
vu__40Wbws4_1,mixer,99,99,93,1,0,0,1,0,0
0YIk1iTjDVY_1,monday,100,61,100,0,1,0,0,1,0
4SlMtTeUkEE_1,monday,100,100,100,1,1,1,0,0,0
52TTzIUKAAI,monday,100,198,102,0,0,0,0,0,1
WBIjeM1OYEQ_1,monday,100,100,94,1,0,0,1,0,0
D-6KziM3_ac,monkey,101,106,126,0,0,0,0,0,1
iNldnD33t8M_2,month,102,136,168,0,0,0,0,0,1
xA8hTvpWbh0_1,month,102,61,113,0,0,0,0,0,1
oh90rIHoAuQ_1,morning,103,103,103,1,1,1,0,0,0
QlqLuC-1u1U_1,mother,104,209,34,0,0,0,0,0,1
UbLgHH4sOtA_1,mother,104,104,40,1,0,0,1,0,0
SjfLsGRnuGo,name,105,105,121,1,0,0,1,0,0
gfTQT5gzASQ_1,name,105,12,163,0,0,0,0,0,1
3g-VyVR_iyU,nervous,106,106,167,1,0,0,1,0,0
WjM69tcGYT4,next,107,36,6,0,0,0,0,0,1
igW552_dD_o_1,next,107,56,52,0,0,0,0,0,1
pPNhLjhDOcs_1,night,108,108,142,1,0,0,1,0,0
fU3FLT8aa_A,october,109,109,182,1,0,0,1,0,0
bmMd8l2xZaE,official,110,117,210,0,0,0,0,0,1
tRNnbHdT9Ms_1,old,111,108,33,0,0,0,0,0,1
PFH8OX7kSEA,online,112,88,44,0,0,0,0,0,1
78YXhG9tLvk_1,orange,113,17,8,0,0,0,0,0,1
wxZHsP8osZo_1,orange,113,17,27,0,0,0,0,0,1
OfCw-0gAd6E,order,114,137,9,0,0,0,0,0,1
b0-O_EoAR7c_1,order,114,172,76,0,0,0,0,0,1
P8q4ktLxy-A_1,pain,115,115,115,1,1,1,0,0,0
UvsWlQg31Ts,pain,115,211,6,0,0,0,0,0,1
cM_xDZOtPsc,paint,116,117,93,0,0,0,0,0,1
XYyZ0xYVA6I,pakistan,117,22,140,0,0,0,0,0,1
yS482mzgCwo,pass,118,108,131,0,0,0,0,0,1
yXtu327tJ28,peacock,119,128,14,0,0,0,0,0,1
60gcpXhOpxg,pen,120,120,91,1,0,0,1,0,0
yk1x10hOd1M,pen,120,208,104,0,0,0,0,0,1
-C18cQCkCcw,pencil,121,26,184,0,0,0,0,0,1
b8uuqEIu8Ag,pencil,121,195,40,0,0,0,0,0,1
xlX3VgcSz_o_1,pencil,121,154,178,0,0,0,0,0,1
ObrkXqrK96M,peon,122,134,81,0,0,0,0,0,1
ne5dJi6f9aQ,permanent,123,123,192,1,0,0,1,0,0
pWdhIAVSNh4_1,pig,124,124,124,1,1,1,0,0,0
aGRreliJps4_1,pillow,125,125,125,1,1,1,0,0,0
EilGxC4fZ4g_1,plate,126,146,126,0,1,0,0,1,0
ifC99YlyRZE_1,poision,127,127,127,1,1,1,0,0,0
7DFNLpdTyc8_1,praise,128,56,68,0,0,0,0,0,1
VFLmd-lcwZw_1,praise,128,118,49,0,0,0,0,0,1
CpbiUt_BR3U,process,129,89,51,0,0,0,0,0,1
Ds0rhfDqBrM_1,profit,130,103,22,0,0,0,0,0,1
8edWFVV1lo4,projector,131,141,141,0,0,0,0,0,1
rlMareW0lTU,projector,131,141,141,0,0,0,0,0,1
Je-ZDJTfVsw_1,promise,132,140,27,0,0,0,0,0,1
i51r2vobqyY,promotion,133,26,5,0,0,0,0,0,1
zZVuyuVTFW0,promotion,133,137,184,0,0,0,0,0,1
nDjjCfmeT28_1,put,134,155,14,0,0,0,0,0,1
Dvpc0R8CfI0,quantity,135,128,67,0,0,0,0,0,1
zmrOAZ6FeHA_2,radio,136,136,173,1,0,0,1,0,0
l88Gk4kRlBE,reception,137,87,167,0,0,0,0,0,1
Q3oaDDt1Yc8_1,record,138,135,171,0,0,0,0,0,1
7Vn056hXh9U_1,red,139,139,139,1,1,1,0,0,0
HJLgJ0K4-pk,reduce,140,121,79,0,0,0,0,0,1
nVGUO-aBw6o,remove,141,137,143,0,0,0,0,0,1
IgilYoGrZlg,repair,142,142,198,1,0,0,1,0,0
-Lnou_Pop1o,reservation,143,137,148,0,0,0,0,0,1
4fOrzw3MpL4_1,reservation,143,74,138,0,0,0,0,0,1
MsxYYS8q9Hw_1,result,144,144,104,1,0,0,1,0,0
IOp7Ml6b4sk,right,145,145,41,1,0,0,1,0,0
amQEVitOUn4_1,right,145,145,145,1,1,1,0,0,0
YnZWnAEfIPw,round,146,41,14,0,0,0,0,0,1
5mRd9gulCKs,rubber,147,141,147,0,1,0,0,1,0
LKNKVzQj9S4_1,rubber,147,147,147,1,1,1,0,0,0
TkWzFh1m6KU_1,run,148,148,213,1,0,0,1,0,0
K4bb2bBt1uY,same,149,174,116,0,0,0,0,0,1
eoIofO9ALwg_1,same,149,156,166,0,0,0,0,0,1
WV786dTqOyQ,sandwich,150,150,198,1,0,0,1,0,0
zEth840lEVE,sari,151,159,118,0,0,0,0,0,1
Eni6gYBX_-g,saturday,152,179,96,0,0,0,0,0,1
vFAuNQe7ng8_1,saturday,152,61,40,0,0,0,0,0,1
UJyI-681CrM,scratch,153,174,73,0,0,0,0,0,1
zGhfj0f_3bI_1,see,154,154,33,1,0,0,1,0,0
PpE3Mdz1Z4w,seed,155,174,136,0,0,0,0,0,1
xwAdIP51jIs,separate,156,129,9,0,0,0,0,0,1
CSY_YI5A3uw_1,september,157,157,100,1,0,0,1,0,0
X9PzLJ-yL6s_1,september,157,157,157,1,1,1,0,0,0
1B3HK-qQTHI_1,share,158,192,65,0,0,0,0,0,1
w_FY56WkUPM,shawl,159,174,175,0,0,0,0,0,1
hdLBSjdqvIg,sheep,160,160,160,1,1,1,0,0,0
UgLgrXYY9Es,shine,161,174,186,0,0,0,0,0,1
XzUB9q5Buyw_1,sick,162,162,178,1,0,0,1,0,0
tLOTRTxqIS4_1,sick,162,162,164,1,0,0,1,0,0
p_jiAp79UAM_1,silk,163,163,163,1,1,1,0,0,0
VJlRCE_Tw3A_1,silver,164,59,164,0,1,0,0,1,0
42axCoiER4s,similar,165,172,17,0,0,0,0,0,1
FQYd1BVpZ54,sit,166,156,159,0,0,0,0,0,1
h01yeVZv5zo,size,167,167,167,1,1,1,0,0,0
lo-tct1Ryrc,smell,168,200,162,0,0,0,0,0,1
4TymgqvinvY,socks,169,198,87,0,0,0,0,0,1
Lypi1wvlQ5s_1,socks,169,169,169,1,1,1,0,0,0
TiPPYhh323E,sorry,170,128,100,0,0,0,0,0,1
SEVIbuIk3AU_2,sphere,171,138,145,0,0,0,0,0,1
QmWhfW8wyMs,start,172,128,197,0,0,0,0,0,1
aQHSHQkL47I_1,sunday,173,109,194,0,0,0,0,0,1
tYDAioUJUPQ_1,sunday,173,61,173,0,1,0,0,1,0
gdk1_A6_e80_1,suspect,174,4,154,0,0,0,0,0,1
30OIyeGhcQM,swallow,175,174,164,0,0,0,0,0,1
J84aAikfD88,sweater,176,214,204,0,0,0,0,0,1
BvOKe8KiGPU,tall,177,5,87,0,0,0,0,0,1
fJyBgRTcBhA,tall,177,177,121,1,0,0,1,0,0
kGNjIYbroko_1,taste,178,178,178,1,1,1,0,0,0
TjSYqjfk-lc,temperature,179,179,214,1,0,0,1,0,0
Yz4vZ5ALDfw,thank you,180,184,162,0,0,0,0,0,1
wK8amEJAK1Y,thank you,180,184,162,0,0,0,0,0,1
uuzch67c-xE,thermometer,181,139,17,0,0,0,0,0,1
2WBsjTVGFDw_1,thursday,182,166,166,0,0,0,0,0,1
ca4NtqH_cx0_1,thursday,182,204,182,0,1,0,0,1,0
iKNbZ_6pB5c,thursday,182,83,193,0,0,0,0,0,1
hx3Ig7Z6Fjs,tortoise,183,183,197,1,0,0,1,0,0
mKjjkYe1ZSg_1,tortoise,183,183,78,1,0,0,1,0,0
P2YHoSAHJUg_1,train,184,122,69,0,0,0,0,0,1
IRT4-x0KYrI_1,tree,185,185,148,1,0,0,1,0,0
5Dmdenxy5PQ_1,triangle,186,186,186,1,1,1,0,0,0
KLpXMM5NiYQ,triangle,186,137,131,0,0,0,0,0,1
3EU1DcenjJw,tripura,187,187,16,1,0,0,1,0,0
QzVK5LtCZkw_1,trouble,188,188,188,1,1,1,0,0,0
IhUPDOGqMaw,true,189,189,68,1,0,0,1,0,0
b7Y145D3Gi4_1,trunk,190,190,166,1,0,0,1,0,0
Ksqo7pUZGnM_1,trust,191,140,130,0,0,0,0,0,1
oXDA73D5WAM,try,192,184,36,0,0,0,0,0,1
7WLX7jxH84k_1,tuesday,193,100,207,0,0,0,0,0,1
qw9d-nRDzKM_1,tuesday,193,100,207,0,0,0,0,0,1
ZThUGVQhL08,umbrella,194,155,151,0,0,0,0,0,1
OUQa0HC_ORM_1,understand,195,25,66,0,0,0,0,0,1
dPSB-HxRET4,understand,195,195,177,1,0,0,1,0,0
_2S9CpnbPLk_1,volcano,196,203,196,0,1,0,0,1,0
bh3kxVL3EWA,volcano,196,159,89,0,0,0,0,0,1
I3haAOluERo,wait,197,174,111,0,0,0,0,0,1
6SgubmEkZQM_1,wash,198,148,105,0,0,0,0,0,1
OkC4seOp-00,wash,198,128,88,0,0,0,0,0,1
yjI4oup9SFU,watch,199,198,198,0,0,0,0,0,1
vWkwy9ebsQg_1,water,200,200,200,1,1,1,0,0,0
IPUJ9bHGQgM,waterfall,201,201,201,1,1,1,0,0,0
SWi723tppLE_1,weak,202,94,121,0,0,0,0,0,1
nHdz1IK9ydw,weak,202,114,121,0,0,0,0,0,1
f0qHlVNwotw_1,wedding,203,160,105,0,0,0,0,0,1
Wp4jKO4IYgU_1,wednesday,204,204,177,1,0,0,1,0,0
YVKW4zFBxRs_1,wednesday,204,204,149,1,0,0,1,0,0
H-CvK4W6-SM,week,205,185,205,0,1,0,0,1,0
sNYOD_Qd7Mw,week,205,89,183,0,0,0,0,0,1
lDO3r1artKs,weight,206,174,127,0,0,0,0,0,1
x5dEKDXkXQY_1,welder,207,198,122,0,0,0,0,0,1
_DzQr-7t3Wo,why,208,142,14,0,0,0,0,0,1
podfgBVY9ak,wife,209,77,77,0,0,0,0,0,1
cqpttv1IB28_1,wood,210,198,65,0,0,0,0,0,1
xIh1wMuXgJs_1,wood,210,198,3,0,0,0,0,0,1
ezlHYwdmu_c_2,work,211,198,129,0,0,0,0,0,1
t9pvXOgaJe8,work,211,208,102,0,0,0,0,0,1
7usxzuFAysI_1,year,212,183,212,0,1,0,0,1,0
oMptigXjs8w,year,212,174,0,0,0,0,0,0,1
D1NuUfSrJq8_1,yellow,213,213,213,1,1,1,0,0,0
JSf7HjXTT78_1,yellow,213,17,173,0,0,0,0,0,1
r3EgB2AGF3s_1,yellow,213,213,173,1,0,0,1,0,0
dQABEhftkDY,zoo,214,5,182,0,0,0,0,0,1
