class_id,gloss,total_videos,train_videos,validation_videos,train_percent,validation_percent
0,address,5,3,2,60.0,40.0
1,adult,5,3,2,60.0,40.0
2,aeroplane,4,3,1,75.0,25.0
3,air,5,3,2,60.0,40.0
4,allow,4,3,1,75.0,25.0
5,amazon,4,3,1,75.0,25.0
6,angry,7,5,2,71.42857142857143,28.57142857142857
7,animals,4,3,1,75.0,25.0
8,ant,6,4,2,66.66666666666666,33.33333333333333
9,area,5,3,2,60.0,40.0
10,august,7,5,2,71.42857142857143,28.57142857142857
11,australia,4,3,1,75.0,25.0
12,bad,6,4,2,66.66666666666666,33.33333333333333
13,behind,4,3,1,75.0,25.0
14,bell,5,3,2,60.0,40.0
15,bharatiya janata party,4,3,1,75.0,25.0
16,bill,7,5,2,71.42857142857143,28.57142857142857
17,black,4,3,1,75.0,25.0
18,blood pressure,4,3,1,75.0,25.0
19,blouse,5,3,2,60.0,40.0
20,blue,4,3,1,75.0,25.0
21,bowl,4,3,1,75.0,25.0
22,brain,6,4,2,66.66666666666666,33.33333333333333
23,brother,4,3,1,75.0,25.0
24,brown,4,3,1,75.0,25.0
25,buffalo,5,3,2,60.0,40.0
26,calculator,5,3,2,60.0,40.0
27,call,4,3,1,75.0,25.0
28,can,4,3,1,75.0,25.0
29,capital,5,3,2,60.0,40.0
30,carpenter,4,3,1,75.0,25.0
31,cat,6,4,2,66.66666666666666,33.33333333333333
32,chappels,4,3,1,75.0,25.0
33,chennai,4,3,1,75.0,25.0
34,cheque,4,3,1,75.0,25.0
35,cholera,4,3,1,75.0,25.0
36,christmas,8,5,3,62.5,37.5
37,clever,5,3,2,60.0,40.0
38,coconut,4,3,1,75.0,25.0
39,cold,5,3,2,60.0,40.0
40,date,7,5,2,71.42857142857143,28.57142857142857
41,day,5,3,2,60.0,40.0
42,deer,4,3,1,75.0,25.0
43,diwali,4,3,1,75.0,25.0
44,dog,4,3,1,75.0,25.0
45,donkey,4,3,1,75.0,25.0
46,drawer,4,3,1,75.0,25.0
47,drug,5,3,2,60.0,40.0
48,duck,6,4,2,66.66666666666666,33.33333333333333
49,earth,4,3,1,75.0,25.0
50,east,5,3,2,60.0,40.0
51,eclipse,4,3,1,75.0,25.0
52,elephant,4,3,1,75.0,25.0
53,engine,4,3,1,75.0,25.0
54,escape,4,3,1,75.0,25.0
55,evening,5,3,2,60.0,40.0
56,expensive,4,3,1,75.0,25.0
57,experiment,4,3,1,75.0,25.0
58,explain,4,3,1,75.0,25.0
59,false,4,3,1,75.0,25.0
60,form,5,3,2,60.0,40.0
61,friday,9,6,3,66.66666666666666,33.33333333333333
62,frog,4,3,1,75.0,25.0
63,gas stove,4,3,1,75.0,25.0
64,glass,4,3,1,75.0,25.0
65,gloves,4,3,1,75.0,25.0
66,goat,6,4,2,66.66666666666666,33.33333333333333
67,gold,4,3,1,75.0,25.0
68,good,6,4,2,66.66666666666666,33.33333333333333
69,green,4,3,1,75.0,25.0
70,grow,6,4,2,66.66666666666666,33.33333333333333
71,guilty,4,3,1,75.0,25.0
72,gujarat,5,3,2,60.0,40.0
73,hanuman,4,3,1,75.0,25.0
74,hard,5,3,2,60.0,40.0
75,hardworking,4,3,1,75.0,25.0
76,hot,6,4,2,66.66666666666666,33.33333333333333
77,husband,4,3,1,75.0,25.0
78,increase,7,5,2,71.42857142857143,28.57142857142857
79,india,7,5,2,71.42857142857143,28.57142857142857
80,insult,4,3,1,75.0,25.0
81,interest,10,7,3,70.0,30.0
82,iron,7,5,2,71.42857142857143,28.57142857142857
83,january,5,3,2,60.0,40.0
84,key,4,3,1,75.0,25.0
85,kitchen,5,3,2,60.0,40.0
86,knife,5,3,2,60.0,40.0
87,kurta,4,3,1,75.0,25.0
88,ladder,4,3,1,75.0,25.0
89,land,6,4,2,66.66666666666666,33.33333333333333
90,leaf,6,4,2,66.66666666666666,33.33333333333333
91,learn,4,3,1,75.0,25.0
92,lie,5,3,2,60.0,40.0
93,light,7,5,2,71.42857142857143,28.57142857142857
94,magic,4,3,1,75.0,25.0
95,magnet,4,3,1,75.0,25.0
96,mechanic,4,3,1,75.0,25.0
97,melt,4,3,1,75.0,25.0
98,mistake,4,3,1,75.0,25.0
99,mixer,4,3,1,75.0,25.0
100,monday,13,9,4,69.23076923076923,30.76923076923077
101,monkey,4,3,1,75.0,25.0
102,month,6,4,2,66.66666666666666,33.33333333333333
103,morning,4,3,1,75.0,25.0
104,mother,8,5,3,62.5,37.5
105,name,7,5,2,71.42857142857143,28.57142857142857
106,nervous,4,3,1,75.0,25.0
107,next,5,3,2,60.0,40.0
108,night,4,3,1,75.0,25.0
109,october,4,3,1,75.0,25.0
110,official,4,3,1,75.0,25.0
111,old,4,3,1,75.0,25.0
112,online,4,3,1,75.0,25.0
113,orange,5,3,2,60.0,40.0
114,order,5,3,2,60.0,40.0
115,pain,5,3,2,60.0,40.0
116,paint,4,3,1,75.0,25.0
117,pakistan,4,3,1,75.0,25.0
118,pass,4,3,1,75.0,25.0
119,peacock,4,3,1,75.0,25.0
120,pen,5,3,2,60.0,40.0
121,pencil,9,6,3,66.66666666666666,33.33333333333333
122,peon,4,3,1,75.0,25.0
123,permanent,4,3,1,75.0,25.0
124,pig,4,3,1,75.0,25.0
125,pillow,4,3,1,75.0,25.0
126,plate,4,3,1,75.0,25.0
127,poision,4,3,1,75.0,25.0
128,praise,5,3,2,60.0,40.0
129,process,4,3,1,75.0,25.0
130,profit,4,3,1,75.0,25.0
131,projector,5,3,2,60.0,40.0
132,promise,4,3,1,75.0,25.0
133,promotion,5,3,2,60.0,40.0
134,put,4,3,1,75.0,25.0
135,quantity,4,3,1,75.0,25.0
136,radio,4,3,1,75.0,25.0
137,reception,4,3,1,75.0,25.0
138,record,4,3,1,75.0,25.0
139,red,4,3,1,75.0,25.0
140,reduce,4,3,1,75.0,25.0
141,remove,4,3,1,75.0,25.0
142,repair,4,3,1,75.0,25.0
143,reservation,6,4,2,66.66666666666666,33.33333333333333
144,result,4,3,1,75.0,25.0
145,right,5,3,2,60.0,40.0
146,round,4,3,1,75.0,25.0
147,rubber,7,5,2,71.42857142857143,28.57142857142857
148,run,4,3,1,75.0,25.0
149,same,5,3,2,60.0,40.0
150,sandwich,4,3,1,75.0,25.0
151,sari,4,3,1,75.0,25.0
152,saturday,6,4,2,66.66666666666666,33.33333333333333
153,scratch,4,3,1,75.0,25.0
154,see,4,3,1,75.0,25.0
155,seed,4,3,1,75.0,25.0
156,separate,4,3,1,75.0,25.0
157,september,5,3,2,60.0,40.0
158,share,4,3,1,75.0,25.0
159,shawl,4,3,1,75.0,25.0
160,sheep,4,3,1,75.0,25.0
161,shine,4,3,1,75.0,25.0
162,sick,6,4,2,66.66666666666666,33.33333333333333
163,silk,4,3,1,75.0,25.0
164,silver,4,3,1,75.0,25.0
165,similar,4,3,1,75.0,25.0
166,sit,4,3,1,75.0,25.0
167,size,4,3,1,75.0,25.0
168,smell,4,3,1,75.0,25.0
169,socks,5,3,2,60.0,40.0
170,sorry,4,3,1,75.0,25.0
171,sphere,4,3,1,75.0,25.0
172,start,4,3,1,75.0,25.0
173,sunday,7,5,2,71.42857142857143,28.57142857142857
174,suspect,4,3,1,75.0,25.0
175,swallow,4,3,1,75.0,25.0
176,sweater,4,3,1,75.0,25.0
177,tall,5,3,2,60.0,40.0
178,taste,4,3,1,75.0,25.0
179,temperature,4,3,1,75.0,25.0
180,thank you,6,4,2,66.66666666666666,33.33333333333333
181,thermometer,4,3,1,75.0,25.0
182,thursday,11,8,3,72.72727272727273,27.27272727272727
183,tortoise,5,3,2,60.0,40.0
184,train,4,3,1,75.0,25.0
185,tree,4,3,1,75.0,25.0
186,triangle,5,3,2,60.0,40.0
187,tripura,4,3,1,75.0,25.0
188,trouble,4,3,1,75.0,25.0
189,true,4,3,1,75.0,25.0
190,trunk,4,3,1,75.0,25.0
191,trust,4,3,1,75.0,25.0
192,try,4,3,1,75.0,25.0
193,tuesday,8,5,3,62.5,37.5
194,umbrella,4,3,1,75.0,25.0
195,understand,5,3,2,60.0,40.0
196,volcano,5,3,2,60.0,40.0
197,wait,4,3,1,75.0,25.0
198,wash,7,5,2,71.42857142857143,28.57142857142857
199,watch,4,3,1,75.0,25.0
200,water,4,3,1,75.0,25.0
201,waterfall,4,3,1,75.0,25.0
202,weak,5,3,2,60.0,40.0
203,wedding,4,3,1,75.0,25.0
204,wednesday,7,5,2,71.42857142857143,28.57142857142857
205,week,6,4,2,66.66666666666666,33.33333333333333
206,weight,4,3,1,75.0,25.0
207,welder,4,3,1,75.0,25.0
208,why,4,3,1,75.0,25.0
209,wife,4,3,1,75.0,25.0
210,wood,5,3,2,60.0,40.0
211,work,5,3,2,60.0,40.0
212,year,5,3,2,60.0,40.0
213,yellow,8,5,3,62.5,37.5
214,zoo,4,3,1,75.0,25.0
