epoch,ssl_loss,lr,seconds
1,1.9157823902889364,0.0004998076445420604,123.67172074317932
2,1.5893882640357155,0.0004992308747664154,49.12198543548584
3,1.4954554467525296,0.000498270580010254,48.71166253089905
4,1.4603706042743423,0.0004969282409784867,48.210134506225586
5,1.4255991618610122,0.0004952059274606059,48.00071883201599
6,1.3981047151158157,0.0004931062951392202,47.997039556503296
7,1.370388077300729,0.000490632581495185,47.97741508483887
8,1.3601967235213344,0.00048778860081564085,47.91931438446045
9,1.3497082897760335,0.0004845787383126598,48.03618383407593
10,1.3550099273329799,0.000481007943361566,48.049318075180054
11,1.3061163876820536,0.0004770817218693577,48.01271343231201
12,1.283824103549846,0.0004728061277849977,47.94843935966492
13,1.3098481083379208,0.00046818775376466284,47.938645362854004
14,1.2933888018709943,0.00046323372100634595,47.925837993621826
15,1.2675249298799385,0.00045795166826948506,47.90686368942261
16,1.2883616292360918,0.00045234974009654937,48.02907848358154
17,1.2630544843025577,0.0004464365742547458,48.063658714294434
18,1.2736974445361535,0.00044022128841720773,47.995410442352295
19,1.2307193406577248,0.00043371346610420353,47.856085538864136
20,1.2526860619054256,0.00042692314190604356,48.11911725997925
21,1.2490271190995152,0.00041986078601046893,47.91451811790466
22,1.2449677789095537,0.0004125372880583808,47.90318465232849
23,1.2438520748638413,0.0004049639403528035,47.91038227081299
24,1.2425638645598032,0.00039715242044697195,47.89886522293091
25,1.2252009921860927,0.0003891147731383907,47.912084102630615
26,1.2375621274837012,0.00038086339189662914,47.94047784805298
27,1.2027575882893164,0.0003724109997534902,47.873936891555786
28,1.2089762652961953,0.0003637706296850168,48.151689767837524
29,1.1960258773229655,0.00035495560451558825,47.96158409118652
30,1.2060319208404393,0.0003459795163750898,47.77004837989807
31,1.1953970882499103,0.00033685620574083443,47.73989129066467
32,1.189203575976844,0.00032759974009654934,47.72816324234009
33,1.1897783858104818,0.00031822439224133596,47.71901822090149
34,1.1715430762003927,0.00030874461828204835,47.780903816223145
35,1.2003460543826945,0.00029917503534302397,47.81710338592529
36,1.1854230205989578,0.00028953039902753755,47.722092628479004
37,1.1690121651853171,0.00027982558066573044,47.671857595443726
38,1.1747052102412991,0.00027007554438409725,47.77130579948425
39,1.1754461891442827,0.00026029532403188754,47.619004249572754
40,1.173734417239439,0.0002504999999999999,47.64886999130249
41,1.1835023448305222,0.00024070467596811233,47.817466735839844
42,1.145490640575446,0.00023092445561590262,47.637925148010254
43,1.161055326461792,0.00022117441933426946,47.75950765609741
44,1.158410258084825,0.0002114696009724624,47.725067377090454
45,1.1430648623160946,0.00020182496465697596,47.731892347335815
46,1.1517274101961006,0.00019225538171795158,47.664249897003174
47,1.1587771362471349,0.00018277560775866388,47.62968587875366
48,1.15732936893852,0.0001734002599034506,47.61638307571411
49,1.151560379463492,0.00016414379425916552,47.656442165374756
50,1.1414391346348143,0.00015502048362491007,47.7805757522583
51,1.1222603025945646,0.00014604439548441173,47.78739786148071
52,1.1544356160950893,0.00013722937031498305,47.71018052101135
53,1.1322201623499972,0.00012858900024650968,47.72046494483948
54,1.1478055796576936,0.00012013660810337075,47.87019991874695
55,1.1261153736160796,0.0001118852268616092,47.66277623176575
56,1.1302515088933185,0.00010384757955302795,47.686397552490234
57,1.1310336809713863,9.603605964719646e-05,47.7107048034668
58,1.1251310011715565,8.846271194161918e-05,47.62744379043579
59,1.1182114256238473,8.113921398953105e-05,47.65207314491272
60,1.152325339108995,7.407685809395638e-05,47.671518087387085
61,1.1425758004188538,6.72865338957964e-05,47.57421398162842
62,1.140371985227159,6.077871158279225e-05,47.71951103210449
63,1.1161197892670494,5.456342574525408e-05,47.66978454589844
64,1.122476464915044,4.865025990345061e-05,47.686784982681274
65,1.1232501239452548,4.3048331730515e-05,47.600027561187744
66,1.1135547878672776,3.776627899365398e-05,47.83664584159851
67,1.1124403725550012,3.2812246235337144e-05,47.63333296775818
68,1.1427094085702618,2.8193872215002225e-05,47.790149450302124
69,1.1219124302123358,2.3918278130642192e-05,47.626596450805664
70,1.1091383967584776,1.999205663843395e-05,47.612375259399414
71,1.1060799047784897,1.6421261687340197e-05,49.28959560394287
72,1.1087593517257173,1.321139918435919e-05,51.68349075317383
73,1.1136992214952859,1.0367418504815029e-05,49.87220883369446
74,1.104496145132676,7.893704860779697e-06,49.27789306640625
75,1.1104699645227598,5.7940725393940064e-06,49.129191160202026
76,1.1433434827813824,4.071759021513154e-06,49.07315516471863
77,1.1060059232619202,2.7294199897458896e-06,49.04378080368042
78,1.1172952142733972,1.7691252335845729e-06,49.09007716178894
79,1.1185842480474306,1.1923554579396362e-06,48.77910375595093
80,1.1244480239534842,1e-06,48.785842418670654
