epoch,train_loss,train_top1,train_top5,val_loss,val_top1,val_top5,encoder_lr,classifier_lr,seconds
1,5.573186683654785,0.3418803418803419,2.051282051282051,5.475396212808329,0.47393364928909953,2.843601895734597,0.00015,0.0003,1.2116672992706299
2,5.347851341606205,1.3675213675213675,4.273504273504273,5.3927940553963465,1.4218009478672986,3.7914691943127963,0.00015,0.0003,1.1961417198181152
3,5.222366478096726,3.58974358974359,8.376068376068377,5.3260920691829154,2.3696682464454977,6.6350710900473935,0.00015,0.0003,1.189011812210083
4,5.0340742103055,4.957264957264957,13.504273504273504,5.2587663121698025,2.3696682464454977,9.004739336492891,0.00015,0.0003,1.20603609085083
5,4.943050226390871,5.811965811965812,16.923076923076923,5.20916249514756,2.843601895734597,11.848341232227488,0.00015,0.0003,1.1877036094665527
6,4.8170305553664505,6.3247863247863245,18.46153846153846,5.164947010329549,3.7914691943127963,11.374407582938389,0.00015,0.0003,1.184816598892212
7,4.699879189026661,8.717948717948717,24.786324786324787,5.1174428361287045,5.213270142180095,12.322274881516588,0.00015,0.0003,1.194326400756836
8,4.565836017152183,12.136752136752136,29.05982905982906,5.073632622217115,7.109004739336493,14.218009478672986,0.00015,0.0003,1.190664291381836
9,4.465410459143484,10.76923076923077,34.35897435897436,5.03523851005952,6.6350710900473935,14.691943127962086,0.00015,0.0003,1.189056634902954
10,4.361616029494848,15.213675213675213,37.94871794871795,5.000570972948843,8.530805687203792,16.113744075829384,0.00015,0.0003,1.2003748416900635
11,4.30648757901966,16.068376068376068,42.73504273504273,4.963630642371155,8.056872037914692,19.43127962085308,0.00015,0.0003,1.1802070140838623
12,4.20655691195757,19.82905982905983,45.81196581196581,4.943376678991092,9.004739336492891,21.327014218009477,0.00015,0.0003,1.19069504737854
13,4.074455349261944,23.76068376068376,49.572649572649574,4.914056420891206,10.90047393364929,21.327014218009477,0.00015,0.0003,1.2049131393432617
14,4.001459443263519,24.786324786324787,52.47863247863248,4.886979878231247,9.95260663507109,22.748815165876778,0.00015,0.0003,1.1847641468048096
15,3.9193612514398035,29.4017094017094,54.7008547008547,4.857471651375576,10.90047393364929,22.748815165876778,0.00015,0.0003,1.1900155544281006
16,3.831113598489354,28.54700854700855,59.65811965811966,4.833424993035917,9.95260663507109,25.118483412322274,0.00015,0.0003,1.1896028518676758
17,3.7863786379496256,30.256410256410255,58.46153846153846,4.817741812122941,11.374407582938389,25.592417061611375,0.00015,0.0003,1.1892690658569336
18,3.6775785103822365,32.99145299145299,63.07692307692308,4.790596482878048,11.848341232227488,25.118483412322274,0.00015,0.0003,1.1897730827331543
19,3.6008476701557126,37.0940170940171,65.98290598290598,4.779139105177603,12.796208530805687,27.96208530805687,0.00015,0.0003,1.193145751953125
20,3.538842847612169,39.48717948717949,66.15384615384616,4.7550069347942046,12.796208530805687,27.488151658767773,0.00015,0.0003,1.1900386810302734
21,3.395142627781273,42.56410256410256,70.5982905982906,4.737776306568164,12.796208530805687,28.436018957345972,0.00015,0.0003,1.1901459693908691
22,3.325823684023996,43.76068376068376,72.99145299145299,4.710314088523106,15.639810426540285,28.436018957345972,0.00015,0.0003,1.1911945343017578
23,3.2758246641892654,47.00854700854701,75.72649572649573,4.688945530715147,16.113744075829384,29.85781990521327,0.00015,0.0003,1.1927335262298584
24,3.202699123692309,46.324786324786324,76.06837606837607,4.6802557158809135,14.218009478672986,31.27962085308057,0.00015,0.0003,1.1837732791900635
25,3.1696266647078035,46.15384615384615,75.8974358974359,4.66230796976677,14.691943127962086,30.805687203791468,0.00015,0.0003,1.1838855743408203
26,3.110291784237593,48.717948717948715,78.46153846153847,4.658063680639764,16.113744075829384,32.22748815165877,0.00015,0.0003,1.1897294521331787
27,2.968295311724019,52.99145299145299,81.88034188034187,4.6299717753984355,17.061611374407583,31.27962085308057,0.00015,0.0003,1.1910996437072754
28,2.9396454868153628,51.965811965811966,82.3931623931624,4.6206399433985705,18.009478672985782,31.753554502369667,0.00015,0.0003,1.1945202350616455
29,2.824289581510756,57.77777777777778,84.44444444444444,4.601277260983725,18.009478672985782,31.753554502369667,0.00015,0.0003,1.1921160221099854
30,2.7600691721989556,56.41025641025641,86.32478632478633,4.593345187851603,18.009478672985782,34.12322274881517,0.00015,0.0003,1.1901061534881592
31,2.7341057479891004,60.68376068376068,87.00854700854701,4.575654475044865,18.95734597156398,34.12322274881517,0.00015,0.0003,1.2010207176208496
32,2.640127902560764,64.61538461538461,87.6923076923077,4.566783588644452,18.009478672985782,35.07109004739336,0.00015,0.0003,1.1859753131866455
33,2.595895711784689,63.41880341880342,89.57264957264957,4.580106592856312,18.95734597156398,32.22748815165877,0.00015,0.0003,1.1799066066741943
34,2.549261771308051,63.41880341880342,87.86324786324786,4.559022991578161,18.009478672985782,35.54502369668246,0.00015,0.0003,1.1827781200408936
35,2.4693291338081034,67.86324786324786,90.5982905982906,4.542065243020442,21.327014218009477,35.54502369668246,0.00015,0.0003,1.1901073455810547
36,2.409946823120117,68.88888888888889,91.45299145299145,4.529055229295486,21.80094786729858,34.59715639810427,0.00015,0.0003,1.1907837390899658
37,2.3826898705246102,69.4017094017094,90.5982905982906,4.5188408937499425,20.85308056872038,36.492890995260666,0.00015,0.0003,1.192373275756836
38,2.3284401746896597,70.5982905982906,90.5982905982906,4.504265401035688,22.274881516587676,37.44075829383886,0.00015,0.0003,1.194795846939087
39,2.262243491360265,74.1880341880342,91.45299145299145,4.489207758157739,23.696682464454977,36.492890995260666,0.00015,0.0003,1.192352294921875
40,2.2115908899877827,74.52991452991454,92.47863247863248,4.473357336216063,23.696682464454977,37.44075829383886,0.00015,0.0003,1.1987404823303223
41,2.137519868214925,76.41025641025641,93.84615384615384,4.45749583176527,22.274881516587676,37.91469194312796,0.00015,0.0003,1.1810476779937744
42,2.0774531902411044,77.43589743589743,93.16239316239316,4.447648882300933,23.222748815165875,38.86255924170616,0.00015,0.0003,1.1742184162139893
43,1.98531557229849,80.85470085470085,95.38461538461539,4.448092774757277,23.222748815165875,38.86255924170616,0.00015,0.0003,1.1804697513580322
44,1.9237629521606314,82.05128205128206,95.21367521367522,4.446559641598525,22.748815165876778,36.96682464454976,0.00015,0.0003,1.1795175075531006
45,1.9265561093631973,81.19658119658119,95.55555555555556,4.452387536306516,24.170616113744074,37.91469194312796,0.00015,0.0003,1.1877825260162354
46,1.8847145015357907,81.53846153846153,95.04273504273505,4.441718682293644,23.222748815165875,37.91469194312796,0.00015,0.0003,1.192167043685913
47,1.8648853986691205,83.41880341880342,94.1880341880342,4.420912062387331,25.118483412322274,39.33649289099526,0.00015,0.0003,1.199702262878418
48,1.7345784929063586,83.24786324786325,96.58119658119658,4.429301948908946,25.592417061611375,37.44075829383886,0.00015,0.0003,1.1925628185272217
49,1.737334638579279,85.12820512820512,95.21367521367522,4.442390337939511,23.222748815165875,39.33649289099526,0.00015,0.0003,1.1884093284606934
50,1.7341885505578456,83.93162393162393,94.87179487179488,4.432334219674929,23.222748815165875,36.96682464454976,0.00015,0.0003,1.1780376434326172
51,1.6625457376496404,88.2051282051282,96.41025641025641,4.407089698936137,22.274881516587676,38.388625592417064,0.00015,0.0003,1.1759393215179443
52,1.5919837972037814,88.37606837606837,96.23931623931624,4.437567837430403,24.644549763033176,36.96682464454976,0.00015,0.0003,1.1863338947296143
53,1.645730116428473,85.47008547008546,94.7008547008547,4.424968694623613,24.644549763033176,36.96682464454976,0.00015,0.0003,1.1789562702178955
54,1.447070677871378,90.76923076923077,97.77777777777777,4.420044625539915,25.118483412322274,37.44075829383886,0.00015,0.0003,1.1788697242736816
55,1.5519376542833117,89.74358974358974,95.8974358974359,4.415440012493405,24.644549763033176,37.91469194312796,0.00015,0.0003,1.1858227252960205
56,1.4936796636662932,89.74358974358974,96.75213675213675,4.416411413400659,26.066350710900473,37.91469194312796,0.00015,0.0003,1.1890292167663574
57,1.4521287221174974,89.91452991452991,96.06837606837607,4.404652826028977,26.540284360189574,37.44075829383886,0.00015,0.0003,1.1958110332489014
58,1.4564144912947956,87.86324786324786,95.8974358974359,4.406084908128349,26.540284360189574,38.388625592417064,0.00015,0.0003,1.1928601264953613
59,1.3783508455651439,91.28205128205128,95.72649572649573,4.425052317397855,25.592417061611375,37.44075829383886,0.00015,0.0003,1.1815404891967773
60,1.3620001847927388,91.11111111111111,96.58119658119658,4.365949990060092,27.96208530805687,37.91469194312796,0.00015,0.0003,1.1928796768188477
61,1.3633418631349874,91.45299145299145,96.23931623931624,4.3684995931471695,27.488151658767773,39.33649289099526,0.00015,0.0003,1.1877269744873047
62,1.3471908066007825,90.94017094017094,95.38461538461539,4.400767308275847,26.066350710900473,37.44075829383886,0.00015,0.0003,1.1798031330108643
63,1.301690880050007,90.94017094017094,95.8974358974359,4.398496004077495,26.540284360189574,37.91469194312796,0.00015,0.0003,1.1812331676483154
64,1.2803204991878607,92.3076923076923,96.75213675213675,4.395759939582427,25.118483412322274,38.388625592417064,0.00015,0.0003,1.1877388954162598
65,1.2559373350224943,91.45299145299145,95.55555555555556,4.420034639078294,25.592417061611375,38.86255924170616,0.00015,0.0003,1.1777639389038086
66,1.2319388892915515,94.35897435897436,96.75213675213675,4.400754182824591,26.066350710900473,39.81042654028436,7.5e-05,0.00015,1.1828396320343018
67,1.1904923718199771,93.5042735042735,96.06837606837607,4.405209814767702,27.488151658767773,38.86255924170616,7.5e-05,0.00015,1.1851630210876465
68,1.1897827574330517,93.33333333333333,96.92307692307692,4.4071381487552586,27.01421800947867,39.81042654028436,7.5e-05,0.00015,1.181567668914795
69,1.1659632542194465,93.67521367521367,96.92307692307692,4.396240652454972,27.96208530805687,38.388625592417064,7.5e-05,0.00015,1.1802661418914795
70,1.1166442972982031,94.01709401709402,97.09401709401709,4.400419438619749,27.96208530805687,38.388625592417064,7.5e-05,0.00015,1.1836912631988525
71,1.0984727678135928,94.1880341880342,97.43589743589743,4.388116486264631,28.436018957345972,38.86255924170616,7.5e-05,0.00015,1.1944751739501953
72,1.1469899801107553,93.33333333333333,96.58119658119658,4.394397907347476,27.01421800947867,38.388625592417064,3.75e-05,7.5e-05,1.181380033493042
73,1.130359742580316,94.1880341880342,96.58119658119658,4.392977445611456,26.540284360189574,39.33649289099526,3.75e-05,7.5e-05,1.181232213973999
74,1.094230036246471,94.35897435897436,96.06837606837607,4.402979855288827,26.540284360189574,38.86255924170616,3.75e-05,7.5e-05,1.178511381149292
75,1.095107454723782,93.84615384615384,97.43589743589743,4.3994626750313275,28.436018957345972,38.388625592417064,3.75e-05,7.5e-05,1.1847078800201416
76,1.0448520815270579,95.38461538461539,97.09401709401709,4.410173886195178,26.540284360189574,39.33649289099526,3.75e-05,7.5e-05,1.1820483207702637
77,1.134728710875552,93.33333333333333,95.8974358974359,4.422905144533275,27.01421800947867,37.91469194312796,3.75e-05,7.5e-05,1.177504301071167
78,1.088236807146643,93.67521367521367,97.43589743589743,4.3955620114837215,27.01421800947867,38.86255924170616,1.875e-05,3.75e-05,1.1805343627929688
79,1.0592191584089883,93.84615384615384,97.09401709401709,4.387016664749074,27.01421800947867,37.91469194312796,1.875e-05,3.75e-05,1.189018964767456
80,1.059009303802099,93.67521367521367,97.43589743589743,4.3898719724320685,27.96208530805687,39.33649289099526,1.875e-05,3.75e-05,1.1784298419952393
81,1.0612347570239988,95.04273504273505,96.92307692307692,4.39399611441445,27.96208530805687,38.86255924170616,1.875e-05,3.75e-05,1.1904354095458984
82,1.041324832704332,94.7008547008547,97.94871794871794,4.382647030726428,27.01421800947867,39.33649289099526,1.875e-05,3.75e-05,1.187227725982666
83,1.1561862354604606,92.13675213675214,96.58119658119658,4.390142065653869,27.96208530805687,38.86255924170616,1.875e-05,3.75e-05,1.1814484596252441
84,1.0588639238960722,94.1880341880342,97.09401709401709,4.3758922549785595,27.01421800947867,38.388625592417064,9.375e-06,1.875e-05,1.1867763996124268
85,1.0656648509522788,94.87179487179488,97.09401709401709,4.382025908519871,27.488151658767773,39.81042654028436,9.375e-06,1.875e-05,1.193312406539917
86,1.042200919909355,95.04273504273505,96.92307692307692,4.392668800896378,27.488151658767773,37.44075829383886,9.375e-06,1.875e-05,1.1803832054138184
87,1.051622963970543,95.04273504273505,97.09401709401709,4.387623045681777,27.488151658767773,39.33649289099526,9.375e-06,1.875e-05,1.1792590618133545
88,1.0674994146721994,94.01709401709402,96.92307692307692,4.386947636355721,27.96208530805687,38.86255924170616,9.375e-06,1.875e-05,1.1876814365386963
89,1.02008865837358,95.38461538461539,97.43589743589743,4.376151218233515,28.436018957345972,37.91469194312796,9.375e-06,1.875e-05,1.189939022064209
90,1.0677345850528814,94.7008547008547,96.41025641025641,4.3848755822927465,27.488151658767773,38.388625592417064,4.6875e-06,9.375e-06,1.18605637550354
91,1.0282129030961258,95.21367521367522,97.43589743589743,4.386818424785306,27.488151658767773,38.388625592417064,4.6875e-06,9.375e-06,1.1865813732147217
92,1.0991283406559218,93.5042735042735,96.23931623931624,4.395310343159318,28.436018957345972,38.388625592417064,4.6875e-06,9.375e-06,1.1784887313842773
93,1.0620419528749254,94.1880341880342,96.41025641025641,4.387988296165285,27.96208530805687,38.388625592417064,4.6875e-06,9.375e-06,1.1835594177246094
94,1.0740455515364296,93.5042735042735,96.92307692307692,4.387209071932245,28.436018957345972,38.388625592417064,4.6875e-06,9.375e-06,1.188525676727295
95,1.0674940418993306,94.7008547008547,96.75213675213675,4.402010741392018,27.01421800947867,38.388625592417064,4.6875e-06,9.375e-06,1.1823480129241943
96,1.1069678767114624,93.67521367521367,96.58119658119658,4.392844982056821,27.96208530805687,39.33649289099526,2.34375e-06,4.6875e-06,1.174558162689209
97,1.0617926764691996,94.35897435897436,97.6068376068376,4.3907205098048205,27.488151658767773,39.33649289099526,2.34375e-06,4.6875e-06,1.1858503818511963
98,1.1053584123269105,93.33333333333333,95.38461538461539,4.393940118816792,27.01421800947867,38.388625592417064,2.34375e-06,4.6875e-06,1.1801776885986328
99,1.046444256285317,93.84615384615384,97.09401709401709,4.386368195592509,27.96208530805687,38.86255924170616,2.34375e-06,4.6875e-06,1.1742546558380127
100,1.0529933707326906,94.01709401709402,96.75213675213675,4.395652981166026,27.96208530805687,38.388625592417064,2.34375e-06,4.6875e-06,1.1829900741577148
