epoch,train_loss,holdout_loss,learning_rate,train_full,train_context,train_hand0,train_hand1,holdout_full,holdout_context,holdout_hand0,holdout_hand1,seconds,best
1,0.8343262885746203,0.668070727361823,0.0003,1265,2854,1499,462,118,221,141,50,70.09607219696045,True
2,0.3927868193701694,0.4271950605061819,0.0002991810233575568,1324,2847,1433,476,118,221,141,50,33.242270946502686,True
3,0.33923703965387847,0.3672695497015737,0.0002967330663097039,1245,2856,1521,458,118,221,141,50,45.63709568977356,True
4,0.3108742359437441,0.3448667091581057,0.0002926829491861254,1235,2886,1451,508,118,221,141,50,49.82638669013977,True
5,0.29527973250338907,0.325309252485914,0.00028707504591756876,1224,2934,1482,440,118,221,141,50,50.893083572387695,True
6,0.28113621347828915,0.3089077486463313,0.00027997079786577355,1214,2845,1568,453,118,221,141,50,50.450209617614746,True
7,0.2756371123226065,0.3111334167280287,0.0002714480406590546,1237,2835,1530,478,118,221,141,50,50.40742778778076,False
8,0.2640902804700952,0.3010165051469263,0.0002616001514088704,1270,2813,1519,478,118,221,141,50,49.639305114746094,True
9,0.26748815194556586,0.2957455132367476,0.0002505350256506492,1240,2840,1505,495,118,221,141,50,50.4624559879303,True
10,0.2590639904925698,0.28924731401340015,0.00023837389521772463,1219,2908,1501,452,118,221,141,50,49.8355827331543,True
11,0.2566005760117581,0.28673572543094744,0.00022524999999999992,1230,2818,1526,506,118,221,141,50,50.63579750061035,True
12,0.2524916769642579,0.2787890825912637,0.0002113071281398321,1264,2879,1502,435,118,221,141,50,50.40090608596802,True
13,0.24960639006213137,0.2773009016828717,0.00019669804065905458,1197,2880,1523,480,118,221,141,50,51.17880153656006,True
14,0.24887136252302872,0.2780923638984842,0.00018158279777725494,1277,2853,1463,487,118,221,141,50,51.18825078010559,False
15,0.24526746947514383,0.2688995173236109,0.00016612700525851415,1218,2848,1552,462,118,221,141,50,50.824650049209595,True
16,0.24196070197381472,0.2653533643146731,0.0001505,1297,2871,1445,467,118,221,141,50,51.88153958320618,True
17,0.23772252092235965,0.27075094136427036,0.0001348729947414858,1238,2877,1495,470,118,221,141,50,70.00728154182434,False
18,0.24128864203628742,0.25815863392825394,0.00011941720222274492,1206,2936,1497,441,118,221,141,50,117.68165731430054,True
19,0.23802576535626463,0.2612022893608741,0.00010430195934094534,1273,2832,1495,480,118,221,141,50,124.14195442199707,False
20,0.23386018574237824,0.2602777709938445,8.969287186016786e-05,1251,2816,1552,461,118,221,141,50,68.06865692138672,False
21,0.23345628851338437,0.25576181428612405,7.575000000000001e-05,1273,2929,1452,426,118,221,141,50,39.70765566825867,True
22,0.23192229412103954,0.2592622859298058,6.262610478227527e-05,1199,2848,1553,480,118,221,141,50,42.90801000595093,False
23,0.23226596681695236,0.25635191039094385,5.046497434935074e-05,1237,2882,1537,424,118,221,141,50,39.71955418586731,False
24,0.22997188426946338,0.25488591517479914,3.939984859112959e-05,1228,2778,1600,474,118,221,141,50,38.82468509674072,True
25,0.23163517666490455,0.2509242556848616,2.9551959340945373e-05,1203,2877,1552,448,118,221,141,50,38.249027252197266,True
26,0.22860770351008364,0.2513483536693285,2.1029202134226415e-05,1219,2928,1458,475,118,221,141,50,38.56070899963379,False
27,0.2311492262702239,0.25024180502261756,1.3924954082431155e-05,1220,2869,1514,477,118,221,141,50,38.486069202423096,True
28,0.22824526570345227,0.2534615472240268,8.317050813874547e-06,1269,2869,1455,487,118,221,141,50,38.77313995361328,False
29,0.2282455386299836,0.2525897463256458,4.26693369029605e-06,1267,2876,1479,458,118,221,141,50,37.96038031578064,False
30,0.229672635542719,0.2495831074017399,1.8189766424431266e-06,1289,2853,1495,443,118,221,141,50,37.65489602088928,True
