epoch,train_loss,val_loss,lr,elapsed
1,0.648414288749214,0.523677537849042,0.0009972609476841367,1.031412124633789
2,0.504946832396403,0.4465051555120682,0.0009890738003669028,1.0367348194122314
3,0.45477978346728476,0.4125107808853622,0.0009755282581475768,1.0174741744995117
4,0.43281597800615457,0.39546881276813156,0.0009567727288213003,1.0043718814849854
5,0.41481496105674937,0.3834984676222486,0.0009330127018922195,1.0426414012908936
6,0.403589617554881,0.36809751919909517,0.0009045084971874739,1.1041755676269531
7,0.3967144116133201,0.36459037401993905,0.0008715724127386972,1.30324387550354
8,0.3918059458251761,0.3571860965689232,0.0008345653031794292,0.8897795677185059
9,0.3852639305992287,0.35708834604601547,0.0007938926261462366,0.9113996028900146
10,0.38042321876317514,0.3547671007584675,0.00075,0.87860107421875
11,0.37609172743909497,0.3446165739489252,0.0007033683215379003,0.8517687320709229
12,0.3711709537926842,0.3396810501157174,0.0006545084971874739,0.8425712585449219
13,0.36814377713604135,0.3416978596452651,0.0006039558454088797,0.8424272537231445
14,0.36749418367858694,0.3365739123643633,0.0005522642316338269,0.8333725929260254
15,0.3650544097944468,0.3374956113844328,0.0005000000000000002,0.8518416881561279
16,0.3608770653480241,0.33925019371922344,0.0004477357683661734,0.83677077293396
17,0.3595979724611555,0.3279175662669155,0.00039604415459112036,0.8405914306640625
18,0.3568662622896563,0.3292647403472368,0.0003454915028125264,0.905362606048584
19,0.3561328914986939,0.32835166142219513,0.00029663167846210003,0.8694055080413818
20,0.3546826025518049,0.32886599362334323,0.00025000000000000017,0.9306917190551758
21,0.353514503030216,0.3289839671954028,0.00020610737385376354,0.9613955020904541
22,0.35026409595954316,0.32470207868568046,0.00016543469682057108,0.9113528728485107
23,0.34811527012776927,0.3195149651792092,0.00012842758726130303,0.8412632942199707
24,0.3479291335875247,0.3238012036396599,9.549150281252637e-05,0.8197200298309326
25,0.3487893668543391,0.3174787478019158,6.698729810778068e-05,0.8142657279968262
26,0.3467043515513925,0.32141463447592816,4.322727117869953e-05,0.8675549030303955
27,0.34619679295716166,0.3245206457745491,2.447174185242324e-05,0.7944517135620117
28,0.34566406968261015,0.3156219652667251,1.092619963309716e-05,0.791022539138794
29,0.34350043635408417,0.31482152257736185,2.7390523158633003e-06,0.8039703369140625
30,0.3432608687577127,0.3201506301401044,0.0,0.8051083087921143
