model,test_uid,true_gloss,rank_of_correct,top5_prototype_uids,top5_glosses,top5_similarities
mean_pool,-NIz596Y27Q_1,severally,1,-NIz596Y27Q | o4zm0Ga1olU_1 | TGckzkVJiio_1 | xBvqQ50Vlcg_1 | 06FBQEEqthQ_1,severally | self explanatory | seniority | settle | seizure,0.9701 | 0.8799 | 0.8588 | 0.8275 | 0.8256
mean_pool,06tYXs9inPk_1,branch,9,sOfglCTtdsY_1 | WBM9qyakPIo_1 | 50rdgc3m1wM_1 | XCYJTR2fzss_1 | FhsR37rUlRo_1,creeper | trunk | lotus | assembly | easter,0.9117 | 0.8844 | 0.7188 | 0.6945 | 0.6917
mean_pool,08E4Dr0zyKk_2,difference,133,i5D0tObXY54_2 | y89shn98vQo_2 | qGXvLJud7iE_2 | ShXISzBU1Ug_2 | 039-5dIML0I_2,density | total energy | hexadecimal | gas equation | depth,0.9233 | 0.9229 | 0.9032 | 0.8996 | 0.8943
mean_pool,0i1qCUd3BdM_1,increase,2214,ihytBUA_38Q_1 | LJDiOMjjmgQ_1 | 0NPpa4rNMoI_1 | exZSpHQ5Zhg_1 | YHRvUilX5yc_1,industry | inefficient | input | index | incharge,0.9055 | 0.8893 | 0.8873 | 0.8611 | 0.8355
mean_pool,0p_iET-2TRw,pencil,2,60gcpXhOpxg | -C18cQCkCcw | W4I02aYytbg | YQflbkaOx2g | 1wmnjSPpUHs,pen | pencil | pencil box | table | calculator,0.8575 | 0.8224 | 0.7754 | 0.7437 | 0.7230
mean_pool,0q7mwfrGneM_1,monday,27,7usxzuFAysI_1 | 11derBixy2I_1 | 5SkNxNsxu_E_1 | 3SRqBpgSrqI_1 | 9ZFVsuD_DOA_1,year | day | date | week | month,0.9463 | 0.8245 | 0.8232 | 0.7737 | 0.7675
mean_pool,10KuxOH6cYM_1,interest,3126,1hghU7py9HI_1 | SPVkNI9K4wA_1 | JsdNgRcC4wU_1 | MJelSVaA5KY_1 | 0rN_yoKLCRw_1,corruption | calm | bring | roar | vault,0.8321 | 0.8018 | 0.6958 | 0.6810 | 0.6176
mean_pool,1DMSk1W0LSY_1,amritsar,2223,6YdDaQpd7-E_1 | AectM0u3HLI_1 | MeKJPAuFOgk_1 | 4KttVgLezuY_1 | qgH8zxbIQr4_1,bangalore | ahemedabad | bhopal | mysore | banaras,0.8441 | 0.8434 | 0.8366 | 0.8184 | 0.8082
mean_pool,1KCDw7XLgU0,mahavir jayanti,1,0TGJCFJv2iU | OQ1e6lpNybo | 3v5Id7dDttk | 3MoTC6iB3xQ | nZC6NXo3SAc,mahavir jayanti | maha shivaratri | buddha purnima | organization | truck,0.9277 | 0.8113 | 0.7219 | 0.6997 | 0.6253
mean_pool,1NqEYBhtmZE,sign,3569,hZGHZ9sLtlg | Srl_Gk0vjLE | wKDAEDyBAY0 | GZagTSm_qhM | PFALmbyUi5A,railway track | tattoo | life jacket | shade | microphone,0.8611 | 0.8386 | 0.8346 | 0.8319 | 0.8290
bilstm,-NIz596Y27Q_1,severally,1,-NIz596Y27Q | TGckzkVJiio_1 | o4zm0Ga1olU_1 | 06FBQEEqthQ_1 | xBvqQ50Vlcg_1,severally | seniority | self explanatory | seizure | settle,0.9809 | 0.9254 | 0.9136 | 0.9017 | 0.8786
bilstm,06tYXs9inPk_1,branch,27,sOfglCTtdsY_1 | WBM9qyakPIo_1 | 50rdgc3m1wM_1 | gIbD-xkQiJg_1 | XCYJTR2fzss_1,creeper | trunk | lotus | riots | assembly,0.8991 | 0.8276 | 0.7527 | 0.7173 | 0.6800
bilstm,08E4Dr0zyKk_2,difference,390,i5D0tObXY54_2 | CowXY9IdbxA_2 | ShXISzBU1Ug_2 | y89shn98vQo_2 | qGXvLJud7iE_2,density | uniform | gas equation | total energy | hexadecimal,0.9248 | 0.9189 | 0.9181 | 0.9106 | 0.9079
bilstm,0i1qCUd3BdM_1,increase,1938,ihytBUA_38Q_1 | 0NPpa4rNMoI_1 | exZSpHQ5Zhg_1 | P18HvmCotMU_1 | 8-ifVHALpCw_1,industry | input | index | information | endorsement,0.9367 | 0.8981 | 0.8911 | 0.8821 | 0.8672
bilstm,0p_iET-2TRw,pencil,3,W4I02aYytbg | 60gcpXhOpxg | -C18cQCkCcw | 1wmnjSPpUHs | FIj5kYw23Og,pencil box | pen | pencil | calculator | sikkim,0.8330 | 0.8131 | 0.8005 | 0.7405 | 0.7364
bilstm,0q7mwfrGneM_1,monday,22,7usxzuFAysI_1 | 11derBixy2I_1 | 5SkNxNsxu_E_1 | 9ZFVsuD_DOA_1 | 3SRqBpgSrqI_1,year | day | date | month | week,0.9444 | 0.8516 | 0.8094 | 0.7801 | 0.7800
bilstm,10KuxOH6cYM_1,interest,3625,1hghU7py9HI_1 | SPVkNI9K4wA_1 | JsdNgRcC4wU_1 | 0rN_yoKLCRw_1 | Gfmu5xPqDlI_1,corruption | calm | bring | vault | versus,0.8560 | 0.8048 | 0.7269 | 0.6771 | 0.6113
bilstm,1DMSk1W0LSY_1,amritsar,2492,AectM0u3HLI_1 | MeKJPAuFOgk_1 | 6YdDaQpd7-E_1 | i1HQutvRGa4_1 | HZJbA05pxEg_1,ahemedabad | bhopal | bangalore | cochin | ooty,0.8806 | 0.8773 | 0.8428 | 0.8237 | 0.8175
bilstm,1KCDw7XLgU0,mahavir jayanti,2,OQ1e6lpNybo | 0TGJCFJv2iU | __Rz2PaTB1c | 3v5Id7dDttk | 3MoTC6iB3xQ,maha shivaratri | mahavir jayanti | malayalam | buddha purnima | organization,0.9122 | 0.8964 | 0.7416 | 0.7091 | 0.6989
bilstm,1NqEYBhtmZE,sign,1970,wKDAEDyBAY0 | PFALmbyUi5A | Srl_Gk0vjLE | GZagTSm_qhM | WDHSvLNLkdM,life jacket | microphone | tattoo | shade | body piercing,0.8616 | 0.8615 | 0.8338 | 0.8301 | 0.8132
bilstm_attention,-NIz596Y27Q_1,severally,1,-NIz596Y27Q | o4zm0Ga1olU_1 | TGckzkVJiio_1 | xBvqQ50Vlcg_1 | 06FBQEEqthQ_1,severally | self explanatory | seniority | settle | seizure,0.9798 | 0.9128 | 0.8929 | 0.8749 | 0.8497
bilstm_attention,06tYXs9inPk_1,branch,10,sOfglCTtdsY_1 | WBM9qyakPIo_1 | 50rdgc3m1wM_1 | 7Ef8k8x0ESQ_1 | hGE-45zVP8w_1,creeper | trunk | lotus | bud | flower,0.9041 | 0.8620 | 0.7063 | 0.6623 | 0.6577
bilstm_attention,08E4Dr0zyKk_2,difference,138,i5D0tObXY54_2 | qGXvLJud7iE_2 | K6ef6wLNV6A_2 | y89shn98vQo_2 | AwsLVn18lwo_2,density | hexadecimal | negative error | total energy | least count,0.9670 | 0.9584 | 0.9562 | 0.9517 | 0.9512
bilstm_attention,0i1qCUd3BdM_1,increase,3116,ihytBUA_38Q_1 | 0NPpa4rNMoI_1 | LJDiOMjjmgQ_1 | exZSpHQ5Zhg_1 | P18HvmCotMU_1,industry | input | inefficient | index | information,0.9430 | 0.9284 | 0.9073 | 0.8965 | 0.8832
bilstm_attention,0p_iET-2TRw,pencil,2,60gcpXhOpxg | -C18cQCkCcw | YQflbkaOx2g | W4I02aYytbg | 36-jdo8Gt4o,pen | pencil | table | pencil box | sun,0.8526 | 0.8070 | 0.7919 | 0.7876 | 0.7262
bilstm_attention,0q7mwfrGneM_1,monday,21,7usxzuFAysI_1 | 11derBixy2I_1 | 5SkNxNsxu_E_1 | 9ZFVsuD_DOA_1 | 3SRqBpgSrqI_1,year | day | date | month | week,0.9472 | 0.8744 | 0.8300 | 0.8013 | 0.7767
bilstm_attention,10KuxOH6cYM_1,interest,2365,1hghU7py9HI_1 | SPVkNI9K4wA_1 | JsdNgRcC4wU_1 | 0rN_yoKLCRw_1 | EDX7B93iM9k_1,corruption | calm | bring | vault | hip,0.8505 | 0.8066 | 0.6442 | 0.6244 | 0.5956
bilstm_attention,1DMSk1W0LSY_1,amritsar,3065,MeKJPAuFOgk_1 | AectM0u3HLI_1 | 6YdDaQpd7-E_1 | CGWUtV3bpgc_1 | qgH8zxbIQr4_1,bhopal | ahemedabad | bangalore | kanpur | banaras,0.8787 | 0.8760 | 0.8386 | 0.8343 | 0.8258
bilstm_attention,1KCDw7XLgU0,mahavir jayanti,1,0TGJCFJv2iU | OQ1e6lpNybo | 3v5Id7dDttk | __Rz2PaTB1c | eUB3bcNRzU8,mahavir jayanti | maha shivaratri | buddha purnima | malayalam | brain tumor  inside,0.9042 | 0.8612 | 0.8122 | 0.7346 | 0.6955
bilstm_attention,1NqEYBhtmZE,sign,1882,Srl_Gk0vjLE | hZGHZ9sLtlg | wKDAEDyBAY0 | WDHSvLNLkdM | PFALmbyUi5A,tattoo | railway track | life jacket | body piercing | microphone,0.8698 | 0.8671 | 0.8486 | 0.8346 | 0.8287
temporal_transformer,-NIz596Y27Q_1,severally,1,-NIz596Y27Q | o4zm0Ga1olU_1 | TGckzkVJiio_1 | xBvqQ50Vlcg_1 | 06FBQEEqthQ_1,severally | self explanatory | seniority | settle | seizure,0.9734 | 0.8912 | 0.8434 | 0.8375 | 0.8238
temporal_transformer,06tYXs9inPk_1,branch,16,WBM9qyakPIo_1 | sOfglCTtdsY_1 | 50rdgc3m1wM_1 | XCYJTR2fzss_1 | hGE-45zVP8w_1,trunk | creeper | lotus | assembly | flower,0.9009 | 0.8951 | 0.7482 | 0.7241 | 0.7240
temporal_transformer,08E4Dr0zyKk_2,difference,202,i5D0tObXY54_2 | K6ef6wLNV6A_2 | ShXISzBU1Ug_2 | y89shn98vQo_2 | qGXvLJud7iE_2,density | negative error | gas equation | total energy | hexadecimal,0.9374 | 0.9309 | 0.9285 | 0.9274 | 0.9262
temporal_transformer,0i1qCUd3BdM_1,increase,1801,ihytBUA_38Q_1 | LJDiOMjjmgQ_1 | 0NPpa4rNMoI_1 | exZSpHQ5Zhg_1 | P18HvmCotMU_1,industry | inefficient | input | index | information,0.9267 | 0.9018 | 0.8975 | 0.8928 | 0.8519
temporal_transformer,0p_iET-2TRw,pencil,3,60gcpXhOpxg | YQflbkaOx2g | -C18cQCkCcw | W4I02aYytbg | 1wmnjSPpUHs,pen | table | pencil | pencil box | calculator,0.8885 | 0.8237 | 0.8107 | 0.8004 | 0.7070
temporal_transformer,0q7mwfrGneM_1,monday,49,7usxzuFAysI_1 | 11derBixy2I_1 | 5SkNxNsxu_E_1 | 3SRqBpgSrqI_1 | 9ZFVsuD_DOA_1,year | day | date | week | month,0.9485 | 0.8471 | 0.8278 | 0.8065 | 0.7447
temporal_transformer,10KuxOH6cYM_1,interest,2563,1hghU7py9HI_1 | SPVkNI9K4wA_1 | MJelSVaA5KY_1 | JsdNgRcC4wU_1 | EDX7B93iM9k_1,corruption | calm | roar | bring | hip,0.8593 | 0.8320 | 0.6968 | 0.6840 | 0.6581
temporal_transformer,1DMSk1W0LSY_1,amritsar,1894,6YdDaQpd7-E_1 | MeKJPAuFOgk_1 | AectM0u3HLI_1 | 4KttVgLezuY_1 | CGWUtV3bpgc_1,bangalore | bhopal | ahemedabad | mysore | kanpur,0.8646 | 0.8575 | 0.8475 | 0.7987 | 0.7937
temporal_transformer,1KCDw7XLgU0,mahavir jayanti,1,0TGJCFJv2iU | OQ1e6lpNybo | 3v5Id7dDttk | 3MoTC6iB3xQ | __Rz2PaTB1c,mahavir jayanti | maha shivaratri | buddha purnima | organization | malayalam,0.9544 | 0.8886 | 0.8618 | 0.7916 | 0.7785
temporal_transformer,1NqEYBhtmZE,sign,4242,hZGHZ9sLtlg | Srl_Gk0vjLE | GZagTSm_qhM | wKDAEDyBAY0 | PFALmbyUi5A,railway track | tattoo | shade | life jacket | microphone,0.8460 | 0.8332 | 0.8254 | 0.8236 | 0.7783
