frame,timestamp_sec,hand_count,palm_ms,landmark_ms,complete_frame_ms
1,0.1979302749987255,1,4.639073000362259,5.797875999633106,197.36014599948248
2,0.20775741299985384,0,4.667995999625418,0.0,7.395280999844545
3,0.2188663639990409,0,5.5851050001365365,0.0,7.628568000654923
4,0.22796470899993437,0,5.221264000283554,0.0,6.78613199852407
5,0.23709164599858923,0,4.919504999634228,0.0,6.830651998825488
6,0.26933485999870754,0,5.563636999795563,0.0,26.193097000941634
7,0.304702258999896,0,5.271564001304796,0.0,32.73508299935202
8,0.33663353500014637,0,4.70393899922783,0.0,29.300451999006327
9,0.375618570998995,0,6.3751580000825925,0.0,34.815671999240294
10,0.40483558399864705,0,5.301016999510466,0.0,25.850795000224025
11,0.4373356269989017,0,5.265883999527432,0.0,29.319547000341117
12,0.4729587330002687,0,5.580387000009068,0.0,32.565539000643184
13,0.5165215229990281,1,8.996583999760333,5.398221001087222,40.69158700076514
14,0.5377823729995725,0,5.054186000052141,0.0,18.30928299932566
15,0.5725153179992049,0,4.7430089998670155,0.0,31.734122998386738
16,0.6046082129996648,0,4.8359149986936245,0.0,29.313365999769303
17,0.6456128699992405,1,4.633904000002076,3.862345000015921,37.36023100100283
18,0.673683072998756,0,5.508988999281428,0.0,24.969480000436306
19,0.7096808179994696,1,4.394477000460029,3.922101999705774,33.25568400032353
20,0.7409007730002486,0,4.741888000353356,0.0,28.46755300015502
21,0.772889521000252,0,5.09952699940186,0.0,29.314567998881103
22,0.8118127669986279,1,5.474146999404184,5.065725999884307,36.07029599879752
23,0.8405975779987784,0,4.80126399997971,0.0,24.806057999740005
24,0.8727129729995795,0,5.164693000551779,0.0,29.236588001367636
25,0.9090095229985309,0,5.260273999738274,0.0,33.58184599892411
26,0.9408873029988172,0,5.002122999940184,0.0,29.08374599974195
27,0.9793064479999884,1,5.281963000015821,4.738712001199019,35.38535000006959
28,1.008194463000109,0,4.307000001062988,0.0,26.04686500126263
29,1.0413613179989625,0,5.28989699887461,0.0,30.263174001447624
30,1.0780907219996152,0,6.005717001244193,0.0,33.80251099952147
31,1.1093581400000403,0,5.166266000742326,0.0,28.440654999940307
32,1.1412929620000796,0,5.601975000899984,0.0,29.245413999888115
33,1.1840133759997116,1,6.2220840009103995,4.525791000560275,39.9036779999733
34,1.2156110349988012,1,5.206277999604936,4.60338900120405,28.753414000675548
35,1.247822590999931,1,5.26847900073335,5.266796000796603,28.453909000745625
36,1.283598740999878,1,5.401898000854999,4.944899999827612,33.00012599902402
37,1.3155442119987129,1,5.528474001039285,4.340440000305534,29.176771000493318
38,1.3518144839999877,1,5.409571000200231,5.374387999836472,32.051760999820544
39,1.3843018039988237,1,5.656733001160319,4.608107999956701,29.624452001371537
40,1.4166830239992123,1,6.782295000448357,4.427114999998594,29.629991000547307
41,1.4527701389997674,1,6.310942000709474,4.581490000418853,33.067846999983885
42,1.4834341289988515,1,5.397138000262203,4.875116001130664,27.67658999982814
43,1.5087826660001156,0,4.8386010003014235,0.0,22.336521999022807
44,1.5450188269987848,0,4.977337999662268,0.0,33.34753799936152
45,1.5831582809987594,1,5.0707160007732455,4.339167000580346,35.3189220004424
46,1.6187977259996842,1,4.752646000270033,4.473046999919461,32.69750500112423
47,1.6508431160000328,1,5.297841000356129,4.201662000923534,29.02244500000961
48,1.6823656910000864,1,4.62689199957822,3.9443210007448215,28.168007000203943
49,1.7245840769992355,2,4.995020000933437,8.65815899851441,39.10885799996322
50,1.7555729479990987,2,4.892074999588658,7.667447998755961,28.189556000143057
51,1.7890778759992827,2,4.827540000405861,8.52149499951338,30.6695099989156
52,1.8254207789996144,2,5.931654999585589,9.201398999721278,33.66722899954766
53,1.857042300998728,2,5.122928001583205,8.494175001033,28.76327200101514
54,1.892676355999356,2,5.295647000821191,8.069065999734448,32.87451200048963
55,1.9235956719985552,2,4.3381460000091465,8.157984002536978,28.04710099917429
56,1.957074002999434,2,5.013874000724172,8.268502999271732,30.644003998531844
57,1.9935639489995083,2,4.8473359984200215,9.339125999758835,33.73681300035969
58,2.0235378349989332,2,4.5747980002488475,7.64445499953581,27.071177000834723
59,2.0557538289995136,2,4.498030999457114,8.087579000857659,28.496033999545034
60,2.0918596479987173,2,4.831167001611902,7.976279001013609,33.28923300068709
61,2.1265355289997387,2,4.90284500119742,9.784222000234877,31.811831999220885
62,2.162167189999309,2,5.12540199997602,9.024883998790756,32.71943400068267
63,2.1936686859990004,2,5.030323000028147,8.787389000644907,28.699417000098038
64,2.223377177999282,2,4.7139569996943465,7.43445099942619,26.83032599998114
65,2.2546490039985656,1,4.704951999883633,4.333116001362214,28.347867999400478
66,2.2860104699993826,1,4.342774000178906,4.353252999862889,28.5224509989348
67,2.328057729999273,2,4.879752999841003,8.148737000738038,39.20080100033374
68,2.35395600999982,1,4.447170998901129,4.35458500032837,23.062550000759074
69,2.3874485559990717,1,5.186772999877576,4.374140000436455,30.509393000102136
70,2.427984313999332,2,4.4806399982917355,8.395158001803793,37.471690000529634
71,2.4537809020002896,1,4.50190800074779,3.7144699999771547,23.08762500069861
72,2.486703889999262,1,4.400397001518286,3.8880510001035873,30.033050999918487
73,2.5224840359987866,1,4.827991000638576,3.924967000784818,32.98268499929691
74,2.5542174269994575,1,4.74313999984588,3.9731930010020733,28.931142000146792
75,2.5956074819987407,2,4.577904001052957,8.404554999287939,38.50801199951093
76,2.6218396589993063,1,4.396059001010144,3.8761199994041817,23.394183001073543
77,2.6540490409988706,1,4.1480349991616094,3.671733998999116,28.368175000650808
78,2.6906020989990793,1,4.995200000848854,4.11282299864979,33.736081000824925
79,2.726983589998781,2,4.512788000283763,7.780177998938598,33.71145799974329
80,2.7552941719986848,1,5.643840000630007,4.301779999877908,25.46591600003012
81,2.7896458140003233,1,4.512516999966465,4.041875999973854,31.61138299947197
82,2.821367303999068,1,4.5217030001367675,3.676382000776357,28.736893998939195
83,2.858978362999551,1,5.70209400029853,4.008947000329499,34.67975900093734
84,2.8914093619987398,1,5.157239000254776,4.604912001013872,29.45785299925774
85,2.9233640689999447,1,5.223938998824451,4.53357500009588,29.19743700113031
86,2.958135651999328,1,4.513038000368397,4.076496999914525,31.873100999291637
87,2.9962531459987076,2,5.185389998587198,8.123182000417728,35.3065190010966
88,3.023952174999067,1,5.374508000386413,5.0959199998033,24.970160999146174
89,3.0603158339999936,1,6.339083000057144,4.673736000768258,32.04276399992523
90,3.096113580999372,2,4.775398001584108,8.454905000689905,33.054782999897725
91,3.12704788299925,1,4.9084749989560805,3.6459679995459737,28.043004000210203
92,3.160772964998614,1,4.796805998921627,6.80446400110668,30.91055999902892
93,3.1901955349985656,1,4.492711999773746,3.889913999955752,26.62257399970258
94,3.226359897000293,1,5.217636999077513,4.005169999800273,33.35506999974314
95,3.2587712399999873,1,5.17487100114522,4.349885999545222,29.66240900059347
96,3.295227063999846,2,4.309384001317085,8.246592000432429,33.67926999999327
97,3.3259856019994913,1,4.246170999977039,4.31535499956226,27.952001000812743
98,3.3675740509988827,2,7.28964199879556,10.125822998816147,38.785017999543925
99,3.398664722999456,2,4.59622699963802,8.179673999620718,28.031802999976208
100,3.4320818340002006,2,4.281995001292671,8.122540997646865,30.64278099918738
101,3.463464839000153,2,4.694561999713187,7.527867999669979,28.49580299880472
102,3.4934428809992824,1,4.289889999199659,3.856695000649779,25.61656499892706
103,3.532237395998891,2,4.681860000346205,8.41221900191158,35.79694600011862
104,3.567557147998741,2,4.601266000463511,7.858989998567267,31.628202999854693
105,3.594165126000007,1,5.2805810009886045,3.8596899994445266,23.761428999932832
106,3.6263719339985983,1,4.866781000600895,4.108023998924182,28.099154000301496
107,3.663653252999211,1,5.185990999962087,4.5640089992957655,34.544486999948276
108,3.694969186999515,1,4.640715998903033,3.6875219993817154,28.600659999938216
109,3.726536350999595,1,4.655112001273665,4.350698000052944,28.464767001423752
110,3.7622807230000035,1,4.9599470003158785,3.9710590008326108,32.65890500006208
111,3.79429706999872,1,4.312300001402036,3.8135470003908267,28.30964099848643
112,3.8297388199989655,1,4.931725999995251,3.6983520003559534,32.55919700131926
113,3.8639802549987508,1,4.9456319993623765,5.212528001720784,31.4481910008908
114,3.8933704270002636,1,4.656876000808552,3.8315900001180125,26.584766999803833
115,3.930111740999564,1,4.837548000068637,3.770701001485577,33.69475799991051
116,3.9688408879992494,2,5.632780001178617,7.937440001114737,35.7682339999883
117,3.9993877679989964,2,4.591378999975859,8.103706999463611,27.63331099959032
118,4.036349034999148,2,4.866660001425771,7.795407000230625,34.13031600030081
119,4.071765138998671,2,4.98912900002324,10.679962999347481,32.628781998937484
120,4.099264671000128,1,4.763404998811893,4.122329999518115,24.6518809999543
121,4.130272053998851,1,5.112590000862838,4.14270600049349,26.997033000952797
122,4.169836633998784,2,5.432040999949095,9.17747699895699,36.91820899985032
123,4.19964237899876,1,5.421743000624701,4.842788001042209,26.934652001727954
124,4.22974580600021,1,4.626130999895395,3.9699869994365145,27.423174999057665
125,4.263691210999241,1,5.119372000990552,5.0512100006017135,31.17565400134481
126,4.306298450999748,2,4.512346999035799,11.463032999017742,39.88629599916749
127,4.330257662999429,1,4.87738999981957,4.138418998991256,21.153405999939423
128,4.375066598999183,2,6.920802999957232,8.52523100002145,41.97257499981788
129,4.39825446299983,1,4.406858000947977,4.203513999527786,20.457843000258435
130,4.4308025800000905,1,4.559881999739446,4.647618001399678,29.812576998665463
131,4.4665563679991465,1,4.474809999010176,4.66672299990023,32.90220000053523
132,4.4999473319985555,1,4.702276000898564,4.385971000374411,30.502931000228273
133,4.534955756998897,1,4.8715089997131145,3.916431000106968,32.27134200096771
134,4.56609956399916,1,4.655782999179792,3.9384409992635483,28.282671999477316
135,4.596877897000013,1,4.270014000212541,3.7530900008277968,26.922179999019136
136,4.63301933799994,1,4.230442998959916,3.9951520011527464,32.79950599971926
137,4.6712078689997725,2,4.5207120001578005,8.210488998884102,35.29854399857868
138,4.697591214999193,1,4.4462489986472065,4.08015399989381,23.56210200014175
139,4.7342290229989885,1,4.314714000429376,4.236744000081671,33.87223400022776
140,4.766101723000247,1,4.905018999124877,4.041314999994938,28.8586420010688
141,4.804205591999562,1,5.5259689997910755,4.815209000298637,35.155798999767285
142,4.8393130539989215,2,4.867581999860704,7.200623000244377,32.04609999920649
143,4.87139842400029,2,4.306688999349717,8.047476001593168,29.151725999327027
144,4.908120232999863,2,4.683532999479212,7.885536999310716,33.989604000453255
145,4.938895289998982,2,4.4162750000396045,7.933742999739479,26.414972000566195
146,4.967301503000272,1,4.878240999460104,4.010599999674014,25.542883999150945
147,5.007039953999993,2,4.455825999684748,7.740016000752803,36.816657999224844
148,5.040092582999932,2,5.405703999713296,7.259657999384217,30.247733999203774
149,5.070569286999671,1,4.7012949999043485,4.070687000421458,27.356104999853414
150,5.109682720998535,2,5.008644000554341,8.939921001001494,36.10737000053632
151,5.136020033998648,1,5.13625200073875,4.693270000643679,22.60426000066218
152,5.170066048998706,1,4.670088999773725,4.073121999681462,31.18983900094463
153,5.2039829320001445,1,5.105828000523616,5.175932999918587,31.21248900060891
154,5.239854720999574,2,4.795071999978973,8.095773000604822,32.99097899980552
155,5.270414542999788,1,5.118150000271271,3.9677829990978353,27.811468999061617
156,5.301996572999997,1,4.702367001300445,3.9209989990922622,28.552994999699877
157,5.3468121599998994,2,5.481358999531949,10.173077000217745,42.07809299987275
158,5.369202357000177,1,4.628864999176585,3.719719999935478,19.43448400015768
159,5.401884203000009,1,4.863955000473652,3.758098000616883,29.756877000181703
160,5.4370463929990365,1,4.567415000565234,3.7924799999018433,32.334685000023455
161,5.475070278998828,2,4.698488999565598,7.436554000378237,35.11018699828128
162,5.5023791389994585,1,4.721620000054827,4.26287099980982,24.635652000142727
163,5.53820033699958,1,5.4108530002849875,4.409312999996473,33.03992600012862
164,5.5691788280000765,1,4.701796000517788,3.9552210000692867,28.141619000962237
165,5.612419429999136,2,4.288497000743519,9.443102000659565,38.77001999899221
166,5.638477032998708,1,4.467176000616746,4.325081999922986,23.04895500128623
167,5.669938847999219,1,5.018461000872776,4.299325999454595,27.62267099933524
168,5.711905823000052,2,5.2788180000789,8.79475200054003,37.86955999930797
169,5.738127810000151,1,4.609310999512672,4.056903000673628,23.29322100013087
170,5.778690694998659,2,4.550395000478602,8.034692998990067,37.72538299926964
171,5.813108563999776,2,5.840952000653488,7.910672000434715,31.699438999567064
172,5.837028215999453,1,4.277277001165203,3.9152290009951685,21.12491500156466
173,5.874151050998989,1,4.2722570015030215,4.193707000013092,34.17072800039023
174,5.906767579999723,1,4.899418998320471,3.9698870004940545,29.43847800088406
175,5.93962108300002,1,5.468596000355319,4.1029050007637125,30.063996000535553
176,5.975433384999633,1,4.6562450006604195,4.732620998765924,33.01962000114145
177,6.0060426849995565,1,4.304946000047494,4.121828000279493,27.89675199892372
178,6.048756504998892,2,5.377693998525501,8.471574001305271,39.9951700001111
179,6.077308779000305,1,5.423155000244151,5.463045999931637,25.42559299945424
180,6.111764895998931,2,5.113571000038064,7.506919999286765,31.328576000305475
181,6.142075551999369,1,4.547448999801418,4.098075998626882,27.38784100074554
182,6.172994385999118,1,4.531451000730158,3.806916000030469,28.058960999260307
183,6.211945398999887,2,5.595323000306962,8.267029999842634,35.79525100030878
184,6.24784423500023,2,4.578665999360965,8.249096001236467,33.156965000671335
185,6.280051391999223,2,5.018751999159576,7.590649998746812,29.491601999325212
186,6.317975037998622,2,6.443218000640627,8.721362000869703,34.79626599983021
187,6.348247084999457,2,5.407646998719429,8.518037997419015,26.737288000731496
188,6.37273699599973,1,4.298784999264171,4.012712999610812,21.5977309999289
189,6.409804482000254,1,4.271256000720314,3.87378599953081,34.11082999991777
190,6.446870144000059,2,4.720750001069973,7.738424999843119,34.331294998992234
191,6.479816261999076,2,5.173929999727989,8.025155999348499,30.19713299909199
192,6.510394777000329,1,4.389596999317291,3.979404000347131,27.689399999871966
193,6.541400996999073,1,4.756714000905049,3.9339029990514973,28.27066899953934
194,6.584473146998789,2,5.215824001425062,8.552098999643931,40.23419599980116
195,6.6096494249995885,1,4.707156000222312,3.8006850008969195,22.241200998905697
196,6.649157703999663,2,5.263379000098212,8.944760000304086,35.92653599844198
197,6.682306224000058,2,4.2667080015235115,7.63229299991508,30.40740899996308
198,6.714430402000289,2,4.5688670015806565,7.457231999069336,29.360679000092205
199,6.748881479999909,2,4.890582000371069,9.386130001075799,31.721739000204252
200,6.784242064999489,2,5.345746998500545,8.337133998793433,32.48505400006252
201,6.814916500999971,2,4.656525001337286,8.315715000208002,27.83020199967723
202,6.851490555000055,2,4.861190000156057,8.017504000235931,33.87717200166662
203,6.876819154998884,1,4.3869929995707935,3.6690589986392297,22.544974000993534
204,6.910072501999821,1,4.578685000524274,4.395999001644668,30.261527999755344
205,6.9523481279993575,2,4.818154000531649,8.496919999743113,39.117810998504865
206,6.978651379999064,1,5.097863999253605,4.5781349999742815,23.450663000403438
207,7.01466961999904,1,4.687769998781732,4.061790999912773,33.25433899954078
208,7.052225628998713,2,4.9867140005517285,8.336213000802672,33.14685700024711
209,7.078086400999382,1,4.789481999978307,4.362307998235337,23.076855000908836
210,7.121192530999906,2,4.762213000503834,9.077687998797046,40.16972099998384
211,7.146952541999781,1,5.357306999940192,4.2594650003593415,22.19336499911151
212,7.178597632999299,1,4.899978999674204,4.313612000260036,28.23539600103686
213,7.2146277539995936,1,5.140199000379653,4.301410001062322,33.23523499966541
214,7.251445342999432,2,4.856772000493947,7.820520000677789,34.09154499968281
215,7.282191155998589,1,4.8095479996845825,4.078892001416534,27.746112000386347
216,7.319595473998561,2,4.973281000275165,8.048708999922383,34.5583690013882
217,7.348792269000114,1,5.801802000860334,5.2885549994243775,26.04034199976013
218,7.389303050000308,2,5.02563400004874,8.54104799873312,37.528560000282596
219,7.416340623998622,1,5.490986000950215,5.815516000438947,24.0214930017828
220,7.445883968999624,1,4.282435000277474,4.203193999273935,26.697917999626952
221,7.488174070000241,2,4.581098999551614,8.522845000697998,39.36788799910573
222,7.514020885999344,1,4.357949999757693,4.5073080000292975,21.84143500016944
223,7.5492202320001525,1,4.3489639992913,3.725549999217037,32.307024999681744
224,7.5878656879995106,2,4.89328799994837,8.709929999895394,35.6838110001263
225,7.618964262999725,2,4.279860999304219,7.8625850001117215,28.463814998758608
226,7.65062338899952,1,5.431389001387288,4.227306999382563,28.734658000757918
227,7.6881058660001145,2,4.4781560009141685,9.38241299809306,34.79334000076051
228,7.720020138998734,2,4.475801999433315,9.089680001125089,29.08389299955161
229,7.750465876999442,1,4.7525059999316,4.118933999052388,27.635092999844346
230,7.787183016000199,2,4.764899000292644,8.280933998321416,33.84711800026707
231,7.823257996999018,2,4.519538999375072,7.921761998659349,33.24532200167596
232,7.855350347999774,2,4.531000000497443,8.119496000290383,29.424452000966994
233,7.8869243819990515,2,4.263902999809943,7.772205000946997,28.595660000064527
234,7.9230572169999505,2,4.637140000340878,8.05289699928835,33.393898000213085
235,7.949602040000173,1,4.390277999846148,4.064044998813188,23.425237000992638
236,7.98210882300009,1,5.096680999486125,3.959879000831279,28.30510000057984
237,8.023624749999726,2,5.391397999119363,8.18845899993903,38.7099310009944
238,8.055837586998678,2,4.759989999001846,8.033932001126232,29.510956001104205
239,8.085398291999809,1,4.362108000350418,3.8634270003967686,26.837838000574266
240,8.124225943998681,2,4.98700600110169,9.025475999806076,35.283246001199586
241,8.155175941999914,2,5.294053999023163,7.997706999958609,28.183762999105966
242,8.186723529999654,1,4.4392460004019085,4.372627001430374,27.566799999476643
243,8.217601148999165,1,4.747407001559623,3.8837230003991863,28.125198999987333
244,8.259462934000112,2,4.990771998564014,7.829596999727073,38.658899000438396
245,8.290819198999088,2,4.102393999346532,8.69711699851905,27.895758999875397
246,8.317329010000321,1,4.129782000745763,4.2242910003551515,23.60264399976586
247,8.36452162599926,2,4.670038999393,12.484859000323922,44.37994799991429
248,8.38679518400022,1,4.74466200103052,4.4729359997290885,18.993755000337842
249,8.422815235999224,2,4.416985999341705,8.030214999962482,33.163516000058735
250,8.459001995999643,2,4.299546000765986,8.123682999212178,33.28023399990343
251,8.492036030998861,2,4.9850010000227485,8.070147001490113,29.98626500084356
252,8.527332498999385,2,5.156668999916292,8.037979998334777,32.6128009983222
253,8.558669759999248,2,4.705452000052901,7.469564001439721,28.396203999363934
254,8.585796072999074,1,4.309863999878871,4.724615999293746,24.265067999294843
255,8.62844568699984,2,5.239737000010791,9.060177002538694,39.92675700101245
256,8.65359901299962,1,4.39130000086152,4.1965119999076705,22.4698999991233
257,8.69105660599962,2,4.639734999727807,8.558681000067736,34.52765499969246
258,8.725956164998934,2,4.523015000813757,7.408504001432448,32.06484200018167
259,8.75414789199931,1,5.664547001288156,3.9696170006209286,25.440159000936546
260,8.789420838998922,1,4.430119000971899,4.031548000057228,32.47720899889828
261,8.821375673998773,1,4.930514000079711,3.8390529989555944,28.942569999344414
262,8.853271322999717,1,4.742357999930391,3.9035890004015528,28.53888800018467
263,8.889096556998993,1,4.736636999950861,3.6692390003736364,33.019228001649026
264,8.922374026999023,1,5.170794000150636,3.718076000950532,30.36515299936582
265,8.95332264299941,1,4.734453999844845,3.598332999899867,28.10455200051365
266,8.991238093998618,1,6.23758099936822,4.035023001051741,35.02547400057665
267,9.022069710999858,1,5.248402001598151,4.195779998553917,28.07682200000272
268,9.061620794998817,2,4.4617060011660215,7.5327570011722855,36.60399600084929
269,9.09448985400013,2,4.252792999977828,8.639974999823608,29.947125000035157
270,9.126830237999457,2,4.792416999407578,8.078091001152643,29.55414300049597
271,9.165632303000166,2,6.71948200033512,8.124444000713993,36.01842900025076
272,9.19489221999902,2,4.745934000311536,7.90236699867819,26.360993999333004
273,9.22711868999977,2,4.430070001035347,8.331394001288572,29.52006200030155
274,9.26230416999897,2,3.963956000006874,7.776111000566743,32.425215000330354
275,9.295770586999424,2,4.6952529992267955,8.200268999644322,30.777791000218713
276,9.33087981099925,2,4.38285500058555,8.132960001603351,32.043683000665624
277,9.363878280999415,2,4.880514999968,8.260144999439945,30.22859900011099
278,9.39506978099962,2,4.39261199971952,7.916532000308507,28.341925999484374
279,9.43034317799902,2,4.3871620000572875,7.742550000330084,32.543586999963736
280,9.46339850000004,2,4.68391399954271,7.94090499948652,30.26552499977697
281,9.498378882999532,2,4.998496000553132,7.644687000720296,32.31302499989397
282,9.53048101099921,2,4.79012300093018,7.35714199981885,28.38241900099092
283,9.56296853799904,2,4.860720000579022,7.664591999855475,29.636991001098067
284,9.598234491999392,2,4.350297000200953,7.233039999846369,32.359056998757296
285,9.630591494998953,2,4.100549998838687,8.669999999256106,29.442454000673024
286,9.663933099000133,2,4.85277500047232,8.337715999005013,30.49078699950769
287,9.700393918999907,2,4.511293998803012,9.62760099901061,33.601478000491625
288,9.731146924999848,2,4.569778999211849,7.884906000981573,28.037440999469254
289,9.765743873000247,2,4.398273000333575,7.492344000638695,31.617099999493803
290,9.799677654998959,2,5.115304000355536,8.429059000263806,31.140148999838857
291,9.833193790998848,2,5.668664000040735,8.645244999570423,30.58883199992124
292,9.867729588999282,2,4.787658999703126,8.375563000299735,30.317536999064032
293,9.900454059999902,2,5.086131999632926,8.185804999811808,30.01863400095317
294,9.932456108999759,2,5.745251000917051,8.023593001780682,29.050282000753214
295,9.967713668000215,2,4.565060000459198,8.725699000933673,32.2746259989799
296,9.998256437998862,2,4.1011710000020685,8.104317999823252,27.65488700060814
297,10.037057251000078,2,5.630666000797646,9.790042000531685,36.05710800002271
298,10.065935896000155,2,4.55068500014022,7.376986999588553,25.93084600084694
299,10.099480111999583,2,4.680898000515299,8.6086190003698,29.720219999944675
300,10.135241381000014,2,4.8484779999853345,7.50808200064057,32.92920600142679
301,10.167062815999088,2,4.908925999188796,7.395840999379288,28.013307999572135
302,10.200207386998954,2,5.371833000026527,7.8863779999664985,30.31870000086201
303,10.235756696998578,2,4.0930670002126135,9.592186999725527,32.7300799999648
304,10.26431412799866,1,6.080400000428199,5.189557999983663,25.013655998918694
305,10.297531739999613,1,5.37305600118998,3.8200489998416742,30.33059100016544
306,10.330462858999454,1,5.687386999852606,4.0255969997815555,30.19470800063573
307,10.362224407999747,1,4.143828000451322,4.2649740007618675,29.05146400007652
308,10.396637296000335,1,4.368939999039867,3.74226999883831,31.630884999685804
309,10.429774002999693,1,4.679706000388251,4.467647000637953,30.236511998737114
310,10.462321176999467,1,5.542959001104464,4.481330999624333,29.79079499891668
311,10.514911008998752,1,19.269427000836004,6.169098000100348,49.816824999652454
312,10.536686355999336,1,7.229954000649741,5.9775760000775335,16.85010199980752
313,10.570695051999792,1,8.661263000249164,4.836645999603206,31.127365000429563
314,10.601911886999005,1,5.891312001040205,5.750660000558128,27.81335100007709
315,10.63074809599857,1,5.002062000130536,4.44691899974714,25.93899000021338
316,10.665356493998843,1,4.773552998813102,4.088007999598631,31.70887399937783
317,10.697680377999859,1,5.145357999936095,3.912434000085341,27.933145000133663
318,10.73350389799998,1,4.745594000269193,4.037468001115485,33.05166500103951
319,10.764738103998752,1,4.4135499992989935,3.7199800008238526,28.461588999562082
320,10.797903702999974,1,5.259180999928503,3.914817998520448,30.352269001014065
321,10.832113727999968,1,4.230862999975216,3.4502779999456834,31.38649800166604
322,10.864605892998952,1,4.7334219998447224,3.469381999821053,29.633775000547757
323,10.897097907998614,1,4.50312000066333,3.9980569999897853,29.82495699870924
324,10.933201738998832,1,4.7013139992486686,4.1451310007687425,33.35527799936244
325,10.964220108999143,1,4.293044001315138,3.7394050013972446,28.194321999762906
326,11.000061149999965,1,3.999339000074542,3.5388059986871667,33.02631999940786
327,11.032018428999436,1,4.291232000468881,3.651087001344422,27.98218199859548
328,11.065542327998628,1,4.605813999660313,3.614792000007583,30.65518100083864
329,11.102775056999235,1,6.249893000131124,3.7575369988189777,34.57166199950734
330,11.132301218998691,1,4.600434000167297,3.656627000964363,26.73976100049913
331,11.164410018998751,1,4.100830999959726,4.099087000213331,29.24441899995145
332,11.202165671998955,1,5.29855199965823,3.9749860006850213,35.09908500018355
333,11.232355319998533,1,4.394515000967658,3.576312999939546,26.30353099993954
334,11.269853062998664,1,4.983759001333965,3.9820790007070173,34.750410999549786
335,11.301861031999579,1,5.080431999886059,4.302891999031999,29.09741599978588
336,11.333977844999026,1,5.849586999829626,3.5899279992008815,29.377617000136524
337,11.368094964998818,1,4.2558980003377656,3.791438000916969,31.21313800147618
338,11.400843827999779,1,4.816880998987472,3.6793979998037685,29.95216399904166
339,11.434431030000269,1,4.57332500081975,5.18613100030052,30.664326999612967
340,11.46797258999868,1,4.172900000412483,3.702839001562097,30.79315800096083
341,11.501392873999066,1,4.173740999249276,4.179171000942006,30.660349999379832
342,11.539329109999017,1,6.311042001470923,4.3178989999432815,35.088276001260965
343,11.568798120999418,1,4.519730000538402,3.7633579995599575,26.530347000516485
344,11.60200712599908,1,5.42145100007474,3.957655000704108,30.312258000776637
345,11.637579426998855,1,4.339396999057499,4.311677001169301,32.610765998470015
346,11.66853562599863,1,4.482353000639705,4.012723000414553,27.945236000959994
347,11.701425360999565,1,4.855770001086057,3.9408350003213855,29.867141998693114
348,11.736428222999166,1,4.629226001270581,3.8257989999692654,32.07143200052087
349,11.770419147000212,1,5.489854000188643,4.034472000057576,30.97067400085507
350,11.805069029000151,1,4.983058001016616,3.8530580004589865,30.72559700012789
351,11.842524415998923,2,4.63786099862773,7.84064599974954,34.55685500011896
352,11.86877156599985,1,4.724665999674471,3.9078460013115546,23.3629150006891
353,11.910498749999533,2,4.5386140009213705,8.065637999607134,38.8478059994668
354,11.937610445998871,1,4.540486999758286,4.121908999877633,24.214496999775292
355,11.972811583000293,1,4.751524000312202,3.7614740012941184,32.237499000984826
356,12.005865842000276,1,4.863293001108104,3.6485419987002388,30.06883300076879
357,12.037201418999757,1,4.629545999705442,4.019134999907692,28.37740900031349
358,12.072362244000033,1,4.32009299947822,3.786369001318235,32.05981200153474
359,12.10481373499897,1,4.455705000509624,3.9856549992691725,29.524649000450154
360,12.138396237998677,1,5.113371000334155,4.2392190007376485,30.54088600038085
361,12.181066316999932,2,4.1416240001126425,10.188763999394723,39.52631799984374
362,12.212400860998969,2,4.660632001105114,8.903336000003037,28.49696199882601
363,12.242890445999365,1,5.48700900071708,4.280601999198552,27.754395001466037
364,12.273992184000235,1,5.774392999228439,3.9749959996697726,28.196966000905377
365,12.305204529999173,1,4.676439999457216,3.9543990005768137,27.463735999845085
366,12.34163497499867,1,4.511424998781877,4.109905999939656,33.60416199939209
367,12.373321097998996,1,4.516143000728334,4.673735000324086,28.882962000352563
368,12.405751410999073,1,4.78166799985047,4.275802999472944,29.605904999698396
369,12.44293004300016,1,5.567462001636159,4.927016998408362,33.63202099899354
370,12.471882078998533,1,4.156769999099197,3.781190000154311,26.035071001388133
371,12.51096895199953,1,5.487019001520821,5.315271999279503,36.13720000066678
372,12.543559040999753,1,6.276009000430349,4.613166000126512,29.745162999461172
373,12.574067599000045,1,4.56555199889408,5.0787089985533385,27.65969499887433
374,12.603125824000017,0,4.3942749998677755,0.0,26.241659999868716
375,12.641490435999003,1,5.100406999190454,4.163393001363147,35.33351399892126
376,12.66699212399908,0,4.419189999680384,0.0,22.700860999975703
377,12.708530259000327,1,4.695714000263251,3.761142999792355,38.573345000258996
378,12.740900794999106,1,4.691055999501259,4.0833800012478605,29.534015999161056
379,12.782374213998992,2,4.679034000218962,8.0962729989551,38.47842600043805
380,12.809323168999981,1,4.635757000869489,4.043609000291326,24.184592999517918
381,12.836810285998581,0,5.98811400050181,0.0,24.488476001351955
382,12.871768057999361,0,5.329396999513847,0.0,32.00895999907516
383,12.903995798998949,0,5.280339000819367,0.0,29.478176000338863
384,12.936394074999043,0,5.636425999909989,0.0,29.484938000678085
385,12.976235197000278,1,4.200559000310022,4.021418999400339,37.045914999907836
386,13.004772360998686,0,6.444200000260025,0.0,25.61406899985741
387,13.046366164999199,1,5.3514070004894165,4.560272000162513,38.821819000077085
388,13.077183866000269,1,4.521091999777127,4.030094998597633,27.35480000046664
389,13.109433976998844,1,4.520230999332853,4.965395999533939,29.23177599950577
390,13.145759011998962,1,4.546607000520453,4.722040999695309,33.54159899936349
391,13.177028229998541,1,4.633492999346345,3.7180159997660667,28.355017999274423
392,13.215565339000023,1,5.309632000717102,5.834981000589323,35.42100899903744
393,13.244822781000039,1,4.670989999794983,3.7195789991528727,26.2720740010991
394,13.278530506999232,1,5.191821001062635,4.306177999751526,30.80725200015877
395,13.313925200000085,1,4.409551998833194,4.900910998912877,32.74378300011449
396,13.345549922998543,1,4.954296000505565,4.265124000085052,28.431344999262365
397,13.37581514500016,1,4.234098998495028,3.648071000498021,27.37290199911513
398,13.412954796998747,1,4.620649999196758,4.098567000255571,34.21182800047973
399,13.448495249998814,1,4.963633000443224,7.047568000416504,32.07927499897778
400,13.482589657998687,1,5.189888001041254,4.913534001389053,31.227663999743527
401,13.51498333499876,1,5.679502999555552,4.6961850002844585,29.668045001017163
402,13.545667016000152,1,4.696424999565352,4.372014998807572,27.747842001190293
403,13.581432260998554,1,4.710750999947777,4.390317999423132,33.00766500069585
404,13.613152615000217,1,4.8654080001142574,3.9852340014476795,28.729247000228497
405,13.645465828998567,1,4.82772100076545,4.167169001448201,29.036946998530766
406,13.683212074998664,1,5.363036998460302,4.976926999006537,34.97228699961852
407,13.713798771999791,1,5.1700620006158715,4.442492001544451,27.641824000966153
408,13.750668040000164,1,5.461352999191149,4.289278000214836,34.1136919996643
409,13.781414432998645,1,5.483732000357122,3.790386001128354,26.261085000442108
410,13.813105174000157,1,4.895160000160104,3.9704880000499543,28.980506000152673
411,13.851162405999276,1,6.594229000256746,3.9765490000718273,33.70753600029275
412,13.880888805999348,1,4.165846999967471,4.148605999944266,26.966084999003215
413,13.913619416000074,1,5.082726000182447,4.359843998827273,29.758696999124368
414,13.94987425599902,1,4.81375500021386,4.573805999825709,33.37409000050684
415,13.98146486800033,1,4.901110998616787,4.1185730005963705,28.419874000974232
416,14.020706276000055,1,7.624830001077498,4.744650999782607,36.517178999929456
417,14.050972189999811,1,4.698119000750012,5.480487001477741,22.939746999327326
418,14.08104894600001,1,4.606994998539449,4.133148000619258,22.431379000408924
419,14.117430521999268,1,5.116416001328616,4.0223399992100894,32.11535999980697
420,14.14963951899881,1,4.874353000559495,4.4198809991939925,27.635551999992458
421,14.181699810998907,1,4.241872000420699,5.351606998374336,27.36245300002338
422,14.217882371000087,1,5.428684999060351,4.3636600003083,31.743393999931868
423,14.250252896999882,1,5.136350999237038,4.496808000112651,28.684606000751955
424,14.284319694999795,1,4.662945000745822,3.809189000094193,30.62042700003076
425,14.318206271000236,1,5.534302999876672,4.538041999694542,30.21526299926336
426,14.349775814998793,1,4.715229000794352,4.752185001052567,27.747773001465248
427,14.384680610999567,1,4.53389500034973,3.922722000424983,31.26271499968425
428,14.418221428999459,1,4.6820190000289585,4.6174440012691775,30.06098799960455
429,14.45422818499901,1,5.34954300019308,4.372637000415125,32.169808000617195
430,14.483969119999529,1,4.506825998760178,3.774327000428457,26.454961000126787
431,14.519698000000062,1,5.387811999753467,5.273016000501229,32.422648999272496
432,14.553575518999423,1,4.685074998633354,4.729104000944062,30.54368099947169
433,14.58472282799994,1,4.186633999779588,4.280021001250134,27.769631999035482
434,14.622123215998727,1,5.994304998239386,4.223079000439611,33.634605000770534
435,14.659221182999318,1,8.353482000529766,5.642326001179754,27.969789000053424
436,14.68570734899913,1,5.056748999777483,4.281013001673273,22.61003800049366
437,14.723157845999594,1,5.7545969993952895,4.489426000873209,33.95869400083029
438,14.754661793000196,1,5.396425998696941,4.35086799916462,27.81154599870206
439,14.786203937999744,1,5.047533000833937,4.1718069987837225,27.761897999880603
440,14.82141617399975,1,4.822389999389998,4.12875000074564,31.368865000331425
441,14.853222410998569,1,5.126453999764635,4.235271000652574,26.771977998578222
442,14.879446098999324,0,4.778282000188483,0.0,22.41555000000517
443,14.915461680999215,0,5.238214000200969,0.0,32.648903001245344
444,14.95297168399884,1,4.776058000061312,4.46682500114548,33.976706999965245
445,14.989831955999762,1,5.06847100041341,4.916948999380111,31.885418999081594
446,15.020550277999064,1,4.360765000456013,4.118663000554079,27.306113001031918
447,15.047882667999147,0,5.086933999336907,0.0,23.179085001174826
448,15.08874140700027,1,4.840271998546086,3.9986079991649603,37.52879699823097
449,15.121588633999636,1,5.0992550004593795,4.119684001125279,29.46912900006282
450,15.147879661999468,0,5.665636999765411,0.0,22.9344380004477
451,15.188235972998882,1,4.412377000335255,3.8958639997872524,37.02888199950394
452,15.221191925000312,1,4.533824001555331,4.2577709991746815,29.515762000301038
453,15.258223201999499,1,4.6926979994168505,4.621431000487064,33.346780999636394
454,15.289503799000158,1,5.454751000797842,4.046603999086074,27.733856999475393
455,15.3285852909994,2,5.259330999251688,9.539412001686287,35.59843599941814
456,15.363305367000066,2,5.434425000203191,8.221426998716197,30.5857349994767
457,15.394782755998676,2,5.108221001137281,7.901404000222101,28.494165999291
458,15.42793003999941,2,4.572324000037042,8.731197000088287,29.89661299943691
459,15.46253096199871,2,4.67699100045138,8.160799001416308,31.296144999942044
460,15.493329156999607,2,4.257471000528312,7.228372000099625,27.563040999666555
461,15.530637799998658,2,4.597138000463019,8.065358000749256,32.61541399842827
462,15.563855239999612,2,4.87740900098288,8.384898999793222,29.504352000003564
463,15.605150839999624,2,11.144001000502612,11.15974999993341,37.58693999952811
464,15.632128774999728,2,5.8290800006943755,7.548702998974477,23.388850000628736
465,15.663297962999422,2,4.74628399933863,8.950391000325908,27.69791299942881
466,15.701557615999263,2,5.486546999236452,10.015722999014542,34.92397000081837
467,15.730823911999323,2,4.685435000283178,8.334809999723802,25.740253000549274
468,15.764257408000049,2,4.844729999604169,8.99548999950639,30.225472000893205
469,15.802918838999176,2,6.107228000473697,11.022353000953444,35.33960300046601
470,15.835186581000016,2,7.049982999888016,9.300485000494518,28.83076800026174
471,15.864547907000087,2,5.430438000985305,8.751203000429086,25.06395399905159
472,15.901130181999179,2,5.850667999766301,9.514358000160428,33.46561300168105
473,15.930336030000035,2,4.8612199989293,7.591610999952536,25.915927000824013
474,15.966378969998914,2,5.123899998579873,7.403124000120442,32.444486998429056
475,15.999036187999081,2,4.027851000500959,8.407881001403439,29.282936000527116
476,16.03266699699998,2,5.596413999228389,8.560682997995173,30.273868000222137
477,16.06679592599903,2,4.279619999579154,8.386161000089487,30.533922001268365
478,16.099697188999926,2,5.463376999614411,8.363720999113866,29.67356399858545
479,16.130811539000206,2,4.460574000404449,8.53179200021259,27.809482000520802
480,16.165931648998594,2,4.506706000029226,8.11628900191863,31.4931360007904
481,16.19913931100018,2,4.447269999218406,8.445807001407957,29.791605000355048
482,16.23395021899887,2,4.233427000144729,7.816221999746631,31.365048000225215
483,16.268362172999332,2,5.006208999475348,8.750423001401941,29.295067999555613
484,16.298104299999977,2,4.792947998794261,7.4746320005942835,24.69738900072116
485,16.328574326998933,1,4.388504999951692,3.9349139988189563,26.54561300005298
486,16.360641549999855,1,4.097725000974606,3.9932079998834524,27.798512999652303
487,16.398531611999715,2,4.265194000254269,8.688350999364047,34.57208100007847
488,16.437620426999274,2,5.149185000846046,9.455612000238034,35.590150000643916
489,16.468661024999165,2,5.98408699988795,8.483055000397144,27.371870000933995
490,16.502138047999324,2,4.597719000230427,7.669919999898411,29.806851998728234
491,16.534461469000235,2,4.573144999085343,7.743330999801401,29.035183000814868
492,16.56626871699882,2,4.267979000360356,8.072440998148522,28.45012699981453
493,16.603527880999536,2,4.365494000012404,9.355473999676178,34.10749100112298
494,16.636481147999802,2,5.600491998848156,8.80654200045683,29.519667999920784
495,16.665112048000083,1,4.620208999767783,4.548640999928466,25.393433001227095
496,16.69703270900027,1,4.47958800032211,4.114765999474912,28.488135001680348
497,16.727025342999696,1,4.116087999136653,3.578046000257018,26.78956899944751
498,16.76526816600017,1,4.386552000141819,3.918184000212932,35.001038000700646
499,16.797432702998776,1,4.900379999526194,4.103985998881399,28.78842199970677
500,16.828614091999043,1,4.580478000207222,3.852136000205064,27.519082999788225
501,16.86339747999955,1,4.075084998476086,3.570402001059847,30.8280070003093
502,16.896173620998525,1,4.36133599941968,3.940945000067586,29.675017000045045
503,16.932229583999288,1,4.760078998515382,3.7519569996220525,32.901824999498785
504,16.96302364099938,1,4.246612001225003,3.26602799941611,27.399859000070137
505,16.99694389599972,1,4.730446000394295,4.102513999896473,31.211072999212774
506,17.038506632999997,2,4.80440799947246,8.281234000605764,38.06731899931037
507,17.069705504000012,2,4.912050999337225,7.503122000343865,27.92497900009039
508,17.10273428599976,2,4.114284000024782,9.070264000911266,29.84803599974839
509,17.138648644999193,2,4.2046359994856175,8.50162799906684,32.57709400168096
510,17.164901864998683,1,4.6934399997553555,3.8535580006282544,22.778918999392772
511,17.20659241999965,2,5.134287999680964,8.899749000192969,37.1546970000054
512,17.239147824999236,2,5.460971999127651,7.8217119989858475,27.305681000143522
513,17.26527271499981,1,5.01125799928559,4.36515299952589,22.661689999949886
514,17.309271025998896,2,5.671177999829524,9.702274001028854,40.80409000016516
515,17.341757508000228,2,4.633012000340386,10.508785999263637,28.709831000014674
516,17.36911862799934,2,4.213131000142312,7.009030001427163,24.074114000541158
517,17.40705781699944,2,4.793517999132746,8.050320999245741,34.53349200026423
518,17.439015013000244,2,4.544422999970266,8.292484000776312,28.698901000097976
519,17.468290073999015,1,4.230471999107976,3.8029879997338867,25.710228999741958
520,17.501620484999876,1,4.462657998374198,4.5950339990668,30.06334999918181
521,17.54037860799872,2,4.5101319992681965,9.674695002104272,35.43685600016033
522,17.574123499998677,2,4.5171849997132085,7.890475000749575,30.453597999439808
523,17.607175412000288,2,4.721060000520083,8.781847998761805,29.7449419995246
524,17.640323196999816,2,4.726128001493635,9.125463000600575,29.613014999995357
525,17.6737172510002,2,4.8751650010672165,7.227308999063098,30.069521999394055
526,17.70898367299924,2,5.4057430006650975,8.993756999188918,31.827633998545934
527,17.743805759999304,2,5.560309000429697,8.843007999530528,31.553103000987903
528,17.775793700999202,2,6.354478999128332,8.131736001814716,27.357113000107347
529,17.7999802359991,1,4.30964400038647,3.87512700035586,19.39439899979334
530,17.83912692299964,1,6.664032000117004,3.852085001199157,35.84129900082189
531,17.873732232999828,2,4.497558998991735,7.531553997978335,30.85164899857773
532,17.910856645999957,2,4.477132999454625,9.034470002006856,33.73686699887912
533,17.941509219999716,2,4.41311900067376,7.94179699914821,27.20610299911641
534,17.972144792998733,2,4.220094000629615,6.838283999968553,27.123084999402636
535,18.00437007799883,1,4.1387979999854,4.138157000852516,26.608545000271988
536,18.042123294999328,2,4.968883000401547,7.344669000303838,35.06144499988295
537,18.069664075999754,1,4.89904700043553,4.597950000970741,22.961605000091367
538,18.110118771999623,2,4.313841000112006,8.382774998608511,37.60874799991143
539,18.13670261199877,1,4.578513999149436,4.195530000288272,23.652810999919893
540,18.176701102000152,2,4.018984000140335,7.506096997531131,36.71203499834519
541,18.211588135000056,2,5.062410000391537,7.847397999285022,31.89831000054255
542,18.23719589999928,1,4.631619000065257,4.637228999854415,22.384963998774765
543,18.272619261999353,1,4.574307000439148,3.8873879984748783,31.680902000516653
544,18.305904390999785,1,4.73924200014153,4.607896999004879,28.273490999708883
545,18.33658816999923,1,5.363246998967952,3.8510939994012006,27.328070000294247
546,18.377811379999912,2,5.03509999907692,7.308264001039788,37.86075899915886
547,18.410457476999,2,4.775044999405509,7.4135319991910364,27.636041999357985
548,18.445995071999278,2,4.78711700088752,7.648392000191961,31.80498300025647
549,18.477179657000306,2,4.250238000167883,7.332948000112083,27.5910609998391
550,18.504024423999,1,4.548611001155223,3.726201000972651,23.319134999837843
551,18.540163444999052,1,4.36497200098529,3.9700269990134984,33.09536000051594
552,18.572982069999853,1,5.19268200150691,3.6983009995310567,29.737798000496696
553,18.610286264000024,2,4.464761001145234,7.768315999783226,33.63693899882492
554,18.646561849000136,2,4.858203999901889,7.908137000413262,33.034090000001015
555,18.671414704998824,1,4.352169999037869,3.7881320004089503,21.97520199842984
556,18.71436706500026,2,4.693750001024455,8.355365000170423,40.153578000172274
557,18.746413820999805,2,4.556584999590996,8.5772430011275,29.250157000205945
558,18.77311933799865,1,4.592049001075793,4.301248998672236,23.936708001201623
559,18.810809401998995,1,4.915216999506811,4.425971001182916,34.947350999573246
560,18.840795283998887,1,4.822179998882348,4.176365999228437,25.71037900088413
561,18.872412851998888,1,4.7122029991442105,3.992797999671893,27.978022999377572
562,18.90990212699944,1,4.865117000008468,4.499583001233987,33.911268999872846
563,18.94119778899949,1,4.57682199885312,4.064124999786145,28.01442700001644
564,18.982334954998805,2,4.517825998846092,7.914486999652581,37.50706599930709
565,19.01347708299909,2,4.994697999791242,7.393605999823194,28.35591799885151
566,19.040429331998894,1,4.645914999855449,3.7382120008260245,23.551379001219175
567,19.07563186799962,1,4.222969000693411,3.7959359997330466,31.364125999971293
568,19.1090193,1,4.428956999618094,4.23319799847377,30.338141001266195
569,19.14511347000007,1,4.325662001065211,4.982575999747496,32.69687800093379
570,19.1836813230002,2,5.415991001427756,7.62745500105666,34.81396100141865
571,19.208685218000028,1,4.079612999703386,4.605071999321808,22.228324000025168
572,19.245331184998577,1,5.196768999667256,4.32143400030327,33.841012000266346
573,19.276580464998915,1,4.4896759991388535,4.31076499990013,28.168142000140506
574,19.31958008899892,1,9.661690999564598,9.02527300058864,39.45194200059632
575,19.34753960799935,1,5.60880600096425,4.265253999619745,22.843905000627274
576,19.377345136999793,1,5.7881470002030255,3.951794000386144,23.701186999460333
577,19.412791879998622,1,4.900128998997388,4.0267980002681725,32.74882000005164
578,19.444781292999323,1,4.473435999898356,4.810127999007818,29.030544001216185
579,19.483597197999188,2,5.470268000863143,9.356534999824362,35.3740230002586
580,19.51510177399905,1,6.218185000761878,4.988747001334559,28.097165000872337
581,19.549391849999665,2,4.425009999977192,7.311849998586695,29.80813300018781
582,19.576896765998754,1,4.349634999016416,3.9882499986561015,24.479548001181684
583,19.61334402799912,1,4.696616000728682,4.3014090006181505,33.43082999890612
584,19.651166016999923,2,4.710019000413013,8.866230000421638,34.943833999932394
585,19.68533292199936,2,4.141182000239496,7.464352000170038,31.302624998716055
586,19.71932005599956,2,4.6748169988859445,9.367724998810445,31.20351799952914
587,19.74450250100017,1,4.5615539984282805,3.9117529995564837,22.304329999315087
588,19.779681464999157,1,4.541828999208519,3.6147209993941942,32.34890600106155
589,19.812163598999177,1,4.308231000322849,3.945233000195003,29.79938800126547
590,19.847160637998968,1,6.562331000168342,4.8664189998817164,32.204848001128994
591,19.879537462998996,1,4.195428999082651,4.014315998574602,29.552556999988155
592,19.911756395998964,1,4.867700999966473,3.9020849999360507,28.842506999353645
593,19.94881076299862,1,5.170091999389115,3.7160629999561934,34.28712999993877
594,19.980162915999244,1,4.509420001340914,3.9006730003166012,28.49628900003154
595,20.012336017000052,1,4.511454000748927,4.146822999246069,29.47820400004275
596,20.048611741998684,1,4.923201000565314,3.926428998966003,32.919665000008536
597,20.08742670599895,2,4.476472000533249,9.375558998726774,35.99517300062871
598,20.112897175999024,1,4.524538000623579,3.7741870000900235,22.266090998527943
599,20.154742214999715,2,5.076254001323832,8.333857000252465,38.09628899944073
600,20.18069295299938,1,4.0886089991545305,4.181854999842471,23.202615999252885
601,20.22174258099949,2,4.720217000794946,7.5826339998457115,37.718743000368704
602,20.250232497999605,1,4.389236000861274,5.372143001295626,24.80329699938011
603,20.27984549299981,1,4.494615001021884,3.710953998961486,26.799065000886912
604,20.322678257998632,2,4.675457999837818,8.103225000013481,40.206290999776684
605,20.348093738999523,1,4.213651998725254,4.326774000219302,22.128955999505706
606,20.384196694998536,1,4.550003999611363,3.6725049994856818,33.2538629991177
607,20.41723359000025,1,4.719597000075737,3.8805560016044183,29.912260000855895
608,20.448783215999356,1,4.6671319996676175,4.638882999643101,28.35611799855542
609,20.483893176999118,1,4.429667998920195,3.6968779986636946,31.658290999985184
610,20.516799197999717,1,4.926626999804284,3.9642960000492167,30.16916799970204
611,20.547687341999335,1,4.287644000214641,3.885095000441652,27.867835000506602
612,20.583596750999277,1,4.339958000855404,3.852206000374281,33.17515200069465
613,20.61626853300004,1,4.9600469992583385,4.12411199977214,29.904535000241594
614,20.657095873999424,2,4.506064999077353,7.8377600002568215,37.60224600046058
615,20.682896673999494,1,4.143756999837933,3.4788889988703886,22.996547999355244
616,20.716724071999124,1,4.596697001034045,3.7668429995392216,30.647443998532253
617,20.753402555999855,1,4.670147998695029,4.590194999764208,33.87087599912775
618,20.78326510700026,1,4.088689000127488,3.659762000097544,26.414637000925723
619,20.815676033000273,1,4.428547001225525,3.9749560000927886,28.94663400002173
620,20.8520566649986,1,4.359061998911784,4.037957998662023,32.89328800019575
621,20.883725333998882,1,4.5484500005841255,3.714198999659857,29.013892999500968
622,20.91960770500009,1,4.415974000949063,3.775829000005615,33.07730699998501
623,20.951843787999678,1,4.5104920009180205,4.082166999069159,29.34818100038683
624,20.982996736000132,1,3.84375100111356,4.249255000104313,28.322498001216445
625,21.019896595998944,1,4.306287999497727,3.99600300079328,33.97680499983835
626,21.058858791999228,2,4.459872998268111,9.538371001326595,35.79213000011805
627,21.089157442000214,2,4.622943999493145,7.471605998944142,26.824619999388233
628,21.12096024099992,1,4.9735000011423836,4.187746000752668,28.469529999711085
629,21.15214683799968,1,3.93294999958016,3.7850059998163488,28.069776000847924
630,21.18763104699974,1,4.241421998813166,3.688071999931708,32.57208300055936
631,21.219804227999703,1,4.578223999487818,3.754109999135835,29.165013998863287
632,21.253151165999952,1,5.134428000019398,4.409361999933026,29.37170299992431
633,21.289052079999237,1,4.886435001026257,4.315173000577488,33.12745599941991
634,21.31990177499938,1,4.956600001605693,3.9714190006634453,27.942177999648266
635,21.351748361999853,1,4.520260001299903,4.016049000711064,28.785705000700545
636,21.388290591999976,1,4.364080999948783,3.977199001383269,33.63126700060093
637,21.421521022999514,1,4.984209001122508,4.831195999940974,29.734661999100354
638,21.457216849999895,1,5.480806999912602,4.345417999502388,32.306518998666434
639,21.487703715998578,1,4.920846000459278,3.6629680016631028,25.956217999919318
640,21.520217425999363,1,4.320121999626281,3.887810000378522,28.90409700012242
641,21.55544715999895,1,4.659349000576185,3.5951959998783423,31.891247001112788
642,21.59254301999863,2,4.63355300053081,7.651236999663524,33.66238200032967
643,21.623562017999575,1,4.435429000295699,3.9104000006773276,27.357902999938233
644,21.655704392998814,1,4.279569999198429,4.003044999990379,28.900661000079708
645,21.6877717440002,1,5.02263800080982,3.744031999303843,28.8375480013201
646,21.724911362998682,1,5.094767000628053,4.095551001228159,32.477083999765455
647,21.756093911999415,1,4.75776399980532,3.839082999547827,27.899982000235468
648,21.788603814999078,1,4.572112000460038,3.9435190010408405,28.406457000528462
649,21.818222189000153,0,4.1479539995634696,0.0,26.169499000388896
650,21.856338392999533,1,5.6093170005624415,3.9488180009357166,34.72951999901852
651,21.89234194999881,1,4.406736999953864,4.073111000252538,32.260666999718524
652,21.923908056000073,1,4.677181001170538,3.844302000288735,27.65101700060768
653,21.95637290800005,1,4.708517000835855,4.175673999270657,29.24528699986695
654,21.991128894998837,1,4.031035001389682,3.6465679986577015,31.450198001039098
655,22.025242343999707,1,4.895591000604327,4.735534999781521,30.778226999245817
656,22.056345400998907,1,4.576410001391196,4.138968999541248,27.825719000247773
657,22.092258205999315,1,4.867760999331949,3.811504000623245,31.028324001454166
658,22.1231169269995,1,4.1957299999921815,3.6553139998432016,26.649907000319217
659,22.155293993999294,0,5.344854000213672,0.0,28.918141000758624
660,22.191931665000084,1,4.53017800100497,3.8823800005047815,33.195698000781704
661,22.22359818899895,1,4.653378000512021,4.005840000900207,28.139791000285186
662,22.261650818998532,1,5.392199000198161,4.217599000185146,34.723529000984854
663,22.291346730999066,1,5.039677998865955,3.515483998853597,26.463414000318153
664,22.31993451299968,0,5.103964000227279,0.0,25.130721000095946
665,22.35428613699878,0,4.463429000679753,0.0,30.56941300019389
666,22.38661964399944,0,4.5970669998496305,0.0,28.43548899909365
667,22.42271867099953,0,4.3340470001567155,0.0,32.76462800022273
668,22.454340645999764,0,4.459200999917812,0.0,28.32367900009558
669,22.48615147899909,0,4.177536999122822,0.0,28.542469999592868
670,22.522855948998767,0,4.561533000014606,0.0,33.29701900111104
671,22.554886834999706,0,4.802695000762469,0.0,28.819474999181693
672,22.588414706999174,0,6.529381000291323,0.0,30.014120999112492
673,22.622545766000258,0,4.569677999825217,0.0,30.861695000567124
674,22.654772522999338,0,4.726688999653561,0.0,29.050990000541788
675,22.691520200000014,0,5.499049000718514,0.0,33.432922000429244
676,22.72296043999995,0,4.9966909991780994,0.0,27.95823599990399
677,22.761991528999715,1,4.959364001479116,4.443291998541099,35.75087599892868
678,22.796220202999393,1,4.544784000245272,4.226515000482323,30.610497000452597
679,22.827072251999198,1,4.468658000405412,3.613980999944033,27.223191998928087
680,22.864066078998803,1,4.46803700106102,3.8616430010733893,33.69325699895853
681,22.890218837999782,0,4.755922000185819,0.0,23.12264199827041
682,22.928614520998963,1,4.78016499982914,4.613967999830493,34.47749900078634
683,22.96007593899958,0,5.288161999487784,0.0,28.149116998974932
684,22.991032133999397,0,5.124019999129814,0.0,27.467760000945418
685,23.026993505000064,1,4.809206999198068,3.6900969989801524,32.760891001089476
686,23.058995509998567,0,5.061608000687556,0.0,28.797756998756086
687,23.096924948999003,1,5.479796000145143,4.401757998493849,34.90359099851048
688,23.13126116499916,1,4.081545999724767,3.75635499949567,30.892561000655405
689,23.164570595999976,1,4.500995000853436,4.835153000385617,29.963799999677576
690,23.195884249998926,1,4.946171999108628,3.4084020007867366,28.0511419987306
691,23.232735380999657,1,5.39571500121383,3.886086000420619,31.569149999995716
692,23.264281630999903,1,4.907722999632824,3.955690999646322,28.194968999741832
693,23.29562108999926,1,4.470761999982642,3.784003998589469,28.010588999677566
694,23.363427263999256,1,4.504942999119521,3.8976569994702004,64.44738000027428
695,23.432349433000127,1,4.927979000058258,3.877811999700498,65.89619000078528
696,23.495894740999574,1,4.7229720003088005,3.794332998950267,60.19270500109997
697,23.564684052998928,1,4.9035949996323325,4.060377999849152,65.25791900094191
698,23.62918768399868,1,4.427714000485139,3.978131000621943,61.354853000011644
699,23.695514494000236,1,4.684583998823655,3.6778550002054544,63.08821000129683
700,23.764867161999064,1,4.708246000518557,4.589624000800541,64.5198199999868
701,23.828620521999255,1,4.585266000503907,4.3181689998164074,60.08065400055784
702,23.896982829999615,1,5.680403999576811,3.7835439998161746,65.08230599865783
703,23.960342176000268,1,5.127285001435666,4.027167999083758,59.82134199985012
704,24.027007830998627,1,4.479927998545463,3.7391540008684387,62.871051999536576
705,24.08735969099871,0,5.387479999626521,0.0,57.21865899977274
706,24.159959532998982,1,4.6407450008700835,4.345187000581063,69.00460600081715
707,24.221964215999833,0,4.480638999666553,0.0,58.51989399889135
708,24.286552927998855,0,4.998545000489685,0.0,61.514687000453705
709,24.354109805999542,0,4.755329999170499,0.0,64.32627299909655
710,24.418737707999753,0,4.5184069986135,0.0,60.81521699888981
711,24.485301250999328,0,4.059115999552887,0.0,63.06679199951759
712,24.5618748959987,1,5.769964000137406,4.619055998773547,73.12770499993348
713,24.618403200000103,0,4.987955999240512,0.0,53.30327000046964
714,24.685756513999877,0,4.190932000710745,0.0,64.19608099895413
715,24.752451962000123,0,6.703643000946613,0.0,63.04840899974806
716,24.8182703629991,0,4.480228000829811,0.0,61.869851999290404
717,24.882882385998528,0,4.6324499999172986,0.0,61.517792999438825
718,24.950725376000264,0,4.877478000707924,0.0,64.60394900022948
719,25.01905653799986,0,5.217085999902338,0.0,65.07455999962986
720,25.08214727199993,0,4.771660000187694,0.0,59.826168999279616
721,25.15055115299947,0,5.201296999075566,0.0,65.17184399854159
722,25.220817823999823,1,4.7335510007542325,4.470129999390338,66.9308889991953
723,25.2888008230002,1,5.060935998699279,4.373556999780703,64.61258399940562
724,25.351507249999486,0,5.610428999716532,0.0,59.59801100107143
725,25.421125912000207,1,5.569315000684583,4.820686999664758,66.39216500116163
726,25.487934912998753,1,4.659810001612641,4.333356000643107,63.50354200003494
727,25.554156983998837,1,5.307086001266725,5.269659000987303,62.72332700063998
728,25.619647086999976,1,4.709408000053372,4.131685000174912,62.0530289997987
729,25.688864541998555,2,5.026806000387296,7.795143999828724,65.72193699867057
730,25.757889642998634,2,4.4853679992229445,8.837226998366532,65.83215399950859
731,25.825981686999512,2,5.580143999395659,8.473657000649837,64.98342699887871
732,25.883726604999538,1,4.878180001469445,3.8571839995711343,54.506178999872645
733,25.9530647470001,1,4.903615001239814,4.556183999739005,65.8806410010584
734,26.016817013000036,1,4.688279999754741,4.981223999493523,59.93047499941895
735,26.089296709000337,2,4.909364999548416,8.013294000193127,69.00832099927356
736,26.158534090000103,2,5.042251999839209,8.66578000204754,64.18064100034826
737,26.221666356999776,2,4.8450310005137,8.171576999302488,59.548351000557886
738,26.28466402399863,1,4.671930999393226,4.38676199883048,59.71934699846315
739,26.348509215999,1,4.8664880014257506,4.137255000387086,60.604137999689556
740,26.41642060599952,1,4.804186999535887,4.262087999450159,64.13596099991992
741,26.480435851999573,1,5.087935000119614,4.353110998636112,59.60811799923249
742,26.548138618998564,1,5.070073000752018,3.901795000274433,64.81229099881602
743,26.621770063999065,2,4.7819579995120876,9.211055001287605,70.07783300105075
744,26.68518039799892,2,4.795862998435041,8.54993199936871,60.01771000046574
745,26.74745941999936,1,4.689552000854746,4.304754998884164,58.81867700009025
746,26.82098924299862,2,4.79908799934492,11.274181999397115,68.80287300009513
747,26.88637906599979,2,4.008845000498695,9.853853001914104,62.2648169992317
748,26.956035144999987,2,5.572500998823671,9.308889000749332,66.14994200026558
749,27.01886048399865,2,4.66674200106354,9.044356998856529,59.16287200125225
750,27.088617673000044,2,4.991421999875456,10.398215999884997,66.5570690016466
751,27.15092344199911,2,5.852341000718297,8.860597999955644,58.05547300042235
752,27.21797154900014,2,5.193544000576367,8.243726000728202,63.69827900016389
753,27.287106243999006,2,5.543489000046975,8.708415998626151,65.58251699971152
754,27.350914729999204,2,5.247609999059932,8.861701002388145,60.61955599943758
755,27.41323916299916,1,5.541566000829334,4.9780580011429265,58.802558000024874
756,27.477061182999023,1,5.222034000325948,4.413278998981696,60.38848199932545
757,27.54811241399875,1,7.278819999555708,5.55751399951987,67.67343399951642
758,27.610547745000076,1,5.472532000567298,5.09030899956997,58.30983699888748
759,27.678853789999266,1,6.9136879992584,4.8298129986505955,64.1146319994732
760,27.746349095999904,1,5.7821649988909485,5.527048999283579,64.16360100047314
761,27.81486938299895,2,5.3049119997012895,9.551983999699587,65.33375199978764
762,27.878200515999197,1,6.3276509990828345,5.325590000211378,59.86625900004583
763,27.950430605000292,2,6.256643000597251,11.539495999386418,67.51523099956103
764,28.016266022999844,2,4.904746998363407,9.66012699973362,61.92194299910625
765,28.083580304999487,2,5.303829999320442,9.43816099788819,63.68876200031082
766,28.145989347998693,2,5.067367999799899,8.546996999939438,58.651838000514545
767,28.21347591799895,2,4.586958999425406,8.886353001798852,63.86973500048043
768,28.27831681799944,2,4.829141000300297,8.763964999161544,61.43041399991489
769,28.345877048999682,2,4.497649000768433,9.023107999382773,63.451336000071024
770,28.41201564899893,2,5.5625530003453605,9.181581999655464,61.30621299962513
771,28.478726641998946,2,5.651391998981126,8.258673000455019,63.871798000036506
772,28.546827147998556,2,4.9539849987922935,8.771227998295217,64.94985499921313
773,28.615681182000117,2,7.561045000329614,11.009979998561903,65.3906730003655
774,28.67725092499859,2,4.86767100119323,7.786838999891188,57.86725500001921
775,28.741274824998982,2,4.658126001231722,7.8370769988396205,61.23349200061057
776,28.81066272299904,2,6.025120001140749,7.2479549980926095,66.14024300142773
777,28.87782508300006,2,4.764356999658048,7.348846000240883,64.05983399963588
778,28.94181100499918,2,5.289384000207065,7.615452001118683,60.62881099933293
779,29.009396720999575,2,4.638370999600738,8.06251099857036,64.22687300073449
780,29.06657836100021,1,4.464459998416714,3.9706980005576042,52.79189300017606
781,29.14095600699875,2,4.551976999209728,8.163803000570624,71.16361100088398
782,29.19950549100031,1,4.517233999649761,3.830747999018058,55.193154999869876
783,29.2676756009987,1,5.304873000568477,4.124461998799234,64.19074699988414
784,29.335734652999236,1,5.296997998812003,3.788521999013028,64.68168399987917
785,29.399940506998973,1,4.666009999709786,4.411354999319883,60.66724899937981
786,29.469039487999908,1,5.685412999810069,4.683490999013884,65.02443799945468
787,29.532978053999614,1,4.958662999342778,5.435475999547634,60.73375800042413
788,29.60221397999885,1,6.265338999583037,4.9789000004238915,65.79342300028657
789,29.66958491100013,1,5.6032949996733805,5.145076000189874,62.37268800032325
790,29.731388281999898,1,4.80479899852071,3.916951000064728,56.91931100045622
791,29.800107944000047,1,5.350223000277765,4.288696000003256,64.99436400008562
792,29.86902216499948,1,6.587705000129063,6.945013999938965,65.64545800029009
793,29.93159353699957,1,5.2224150003894465,4.204445000141277,59.31082500137563
794,29.995935344999452,1,5.229026999586495,4.093806999662775,61.35371600066719
795,30.063559569998688,1,4.777469999680761,3.953626999646076,63.71999600014533
796,30.131406010999854,1,4.2933439999615075,4.126235999137862,64.58190599914815
797,30.19743097599894,1,5.578972000876092,4.953824998665368,61.65940199934994
798,30.258265393998954,0,5.130920999363298,0.0,57.10196600011841
799,30.322958868999194,0,5.708443000912666,0.0,61.64335300127277
800,30.39068933299859,0,5.3577369999402435,0.0,64.20067500039295
801,30.45860700099911,0,4.926175999571569,0.0,64.63607300065632
802,30.521075179000036,0,4.434966998815071,0.0,59.26684499900148
803,30.589927066999735,0,5.037224000261631,0.0,65.88504499995906
804,30.654292104998603,0,5.333854000127758,0.0,60.16621300113911
805,30.722839067999303,0,5.461902999741142,0.0,65.3218180013937
806,30.785674923999977,0,4.937174999213312,0.0,59.720637000282295
