label,gloss
0,3g
1,4g
2,5g
3,a line skirt
4,a lot
5,aam aadmi party
6,abacus
7,abbreviation
8,abdicate
9,abeyance
10,able
11,about
12,above
13,abrasive
14,abrogate
15,abscond
16,absent
17,absolve
18,absorb
19,absorption
20,absorption of water
21,abstention
22,abstract
23,abstract of account
24,abusive language
25,abuttal
26,acacia fernesiana
27,acacia modesta
28,acceleration
29,accept
30,acceptance
31,acceptance clean
32,acceptance letter
33,access
34,accessories
35,accident
36,accommodation
37,accompany
38,accordion
39,accordion pleats
40,account
41,account blocked
42,account book
43,account charges
44,account closed
45,account closing
46,account commission
47,account currency
48,account current
49,account day
50,account discount
51,account govemment
52,account head
53,account holder
54,account inoperative
55,account joint
56,account margin
57,account minor
58,account payee only
59,account profit and loss
60,account rupee
61,account suit filed
62,account suspence
63,accounts
64,accumulated
65,accurate
66,accured
67,accuse
68,acknowledgement
69,across
70,acting
71,action
72,active
73,actor
74,actress
75,actual
76,actuary
77,ad infinitum
78,add
79,addendum
80,additional
81,address
82,adhesive
83,adjudge
84,adjustable screw
85,adjustment
86,admissible
87,adobe acrobat reader
88,adopt
89,adoptive child
90,adoptive parent
91,adult
92,advance
93,advantage
94,advantages of drainage
95,advertisement
96,advise
97,advocate
98,advocate general
99,aeroplane
100,aeroplane sprayer
101,affidavit
102,affirm
103,afghanistan
104,africa
105,after
106,afternoon
107,again
108,agave fillifera
109,age
110,agenda
111,agra
112,agree
113,agreement
114,agricultural robot
115,agriculture
116,ahemedabad
117,ahmedabad
118,air
119,air conditioner
120,air deccan
121,air india
122,air matress
123,air pollution
124,air vistara
125,aircel
126,airjet
127,airmail
128,airport
129,airtel
130,ajmer sharif dargah
131,akshay kumar
132,alarm
133,alarm system
134,albania
135,alcohol
136,algeria
137,alive
138,alkali soil
139,all
140,all india federation of the deaf
141,all india foundation of deaf women
142,all india trinamool congress
143,allah
144,allahabad bank
145,allen key
146,allergy
147,allotment
148,allow
149,allowance
150,alloy wheel
151,ally
152,alone
153,alphabet
154,already
155,alternate current
156,alternative
157,altitude
158,aluminium
159,always
160,amalgamation
161,amazed
162,amazon
163,ambulance
164,amendments
165,ammeter
166,among
167,amount
168,amplitude
169,amritsar
170,andhra pradesh
171,angel
172,angle
173,angle of refraction
174,angry
175,angular velocity
176,animals
177,anklets
178,anniversary
179,announce
180,annual
181,annual for foliage beauty
182,annual plants
183,annual report
184,anonymous
185,anonymous complaint
186,anorak
187,another
188,answer
189,ant
190,antartica
191,anti corruption law
192,anti virus
193,anticlockwise
194,anxious
195,any
196,apartment
197,apex court
198,apiculture bee keeping
199,apiculturist
200,app
201,apparatus
202,appear
203,appearance
204,applause
205,apple
206,appliances control
207,applicant
208,application
209,applique
210,appointment
211,appreciation
212,approach
213,approval
214,approve
215,approximate
216,april
217,aquatic plants of various colour
218,arc welding
219,archaeologist
220,archery
221,architect
222,area
223,argentina
224,argue
225,arm
226,arm hole
227,armenia
228,arms and amunitions
229,army
230,around
231,arrears
232,arrest
233,arrogate
234,art
235,artesian well
236,artificial
237,arunachal pradesh
238,asbestos
239,asia
240,ask
241,asphalt concrete
242,asphyxia
243,aspiration
244,assailant
245,assam
246,assam tea gardens
247,assassination
248,assault
249,assembly
250,assets
251,assistant
252,assistant professor
253,associate professor
254,association
255,association of sign language interpreters
256,assume
257,asthma
258,astigmatism
259,astronaut
260,astronomy
261,asymmetrical design
262,asystole
263,at
264,athlete's foot
265,atm
266,atmosphere
267,atom
268,attachment of property
269,attendance record
270,attendant
271,attitude
272,attorney
273,attorney general
274,attraction
275,attractive force
276,audi
277,audience
278,audio frequency
279,audiologist
280,audit
281,auditorium
282,auger
283,august
284,aunt
285,australia
286,austria
287,authorisation
288,authorised signature
289,autocracy
290,automatic
291,automation
292,automobiles
293,autumn
294,available
295,avalanche
296,average
297,avoid
298,away
299,axe
300,baby
301,back
302,back date
303,backache
304,backdate
305,backdoor
306,background
307,backup
308,backyard system of poultry
309,bacteria
310,bacterial diseases animals
311,bad
312,bad conductor
313,bad debts
314,bad language
315,badminton
316,bag
317,bail
318,bajaj bike
319,bake
320,balance
321,balance closing
322,balance opening
323,balance outstanding
324,balance sheet
325,balcony
326,balcony garden
327,baldness
328,ball
329,ball bearing
330,ball cricket
331,ball pein hammer
332,ball point needle
333,ball room
334,ballast device
335,ballon pump
336,balloon
337,balmacaan
338,baluster
339,bamboo
340,ban
341,banana
342,banana tree
343,banaras
344,band collar
345,band-aid
346,bandage
347,bandh
348,bandit munger
349,bandra to worli sea link
350,bangalore
351,bangladesh
352,bangles
353,banian
354,bank
355,bank account number
356,bank branch address
357,bank branch code
358,bank branch name
359,bank nationalised
360,bank of baroda
361,bank of maharashtra
362,banker
363,banner
364,bar
365,bar megnet
366,barber
367,bark
368,barleria cristata
369,barricade
370,baseball
371,baseball jacket
372,basic
373,basic pay
374,basics
375,basil
376,basket of currencies
377,basketball
378,bat
379,bath
380,bath tub
381,bathroom
382,batman
383,baton
384,battered child syndrome
385,battery
386,bauhinia accuminata
387,beading needles
388,beak
389,beaker
390,beam
391,beans
392,bear
393,bearer
394,beat
395,beautiful
396,become
397,bed
398,bedroom
399,bedsheet
400,beer
401,beetroot
402,before
403,begin
404,behind
405,belgium
406,belief
407,believe
408,bell
409,bell sleeve
410,bellboy jacket
411,below
412,belt
413,belt loops
414,bench
415,bench mark
416,bend
417,benefit
418,bengali
419,benign
420,berth
421,bertha
422,besom pocket
423,best
424,bestiality
425,better
426,between
427,beverages
428,bhangada
429,bharatiya janata party
430,bhopal
431,bhubaneswar
432,bias cowl dress
433,biased
434,bib
435,bible
436,biconcave lens
437,biconvex lens
438,bicycle shorts
439,big
440,bigamy
441,bihar
442,bike oil filter
443,bike silencer pipe
444,bike suspension
445,bile duct cancer
446,bilingual
447,bill
448,bill of exchange
449,bills purchased
450,bimetallic
451,binary
452,bindi
453,bio energy
454,biomass
455,bipedal robot
456,bird
457,birds
458,birth
459,birth defect
460,birthday
461,biscuit
462,bishop sleeve
463,bite
464,bitter
465,bitter gourd
466,bjp
467,black
468,black board
469,black market
470,blackberry
471,blackboard duster
472,bladder cancer
473,blame
474,bleeding disorders
475,bless
476,blight
477,blind
478,blind stitch
479,blindness and low vision
480,blocks
481,blood
482,blood pressure
483,blouse
484,blow
485,blue
486,blue flowered plants
487,bluetooth
488,blurring
489,bmw
490,boat
491,bobbinet
492,bodice
493,body
494,body pain
495,body parts
496,body piercing
497,bogie
498,boil
499,bold
500,bolero jacket
501,bolling point
502,bolt
503,bonafide
504,bond
505,bone
506,bone cancer osteosarcoma and malignant fibrous histiocytoma
507,bonus
508,book
509,bookshelf
510,boolean
511,bored
512,boring
513,boring machine
514,born
515,borrow
516,borrower
517,bosnia-herzegovina
518,boss
519,bottle
520,bow tie
521,bowl
522,bowled out
523,bowler
524,box
525,box pleats
526,boxing
527,boy
528,boyfriend
529,brahma
530,brain
531,brain injury
532,brain stem glioma
533,brain tumor  inside
534,branch
535,brandishing of a weapon
536,brass
537,brave
538,brazil
539,bread
540,bread board
541,break
542,breakfast
543,breast cancer
544,breathalyzer test
545,breathe
546,breeds of poultry
547,brick
548,brick masonry
549,bride
550,bridegroom
551,bridge
552,briefcase
553,bright
554,bring
555,brinjal
556,brittle
557,brochure
558,brokerage
559,bronchial tumors
560,broom
561,brothel
562,brother
563,brown
564,brown sport of rice
565,browse
566,brush
567,bsnl
568,bsp
569,bucket
570,buckle
571,bud
572,buddah
573,buddha purnima
574,buddhism
575,buddhist
576,budget
577,buffalo
578,buffet
579,bug
580,bugle
581,build
582,builder
583,building structure
584,bulb
585,bull
586,bullet train
587,bullock cart
588,bully calf
589,bump cutter
590,burden
591,burger
592,burglar
593,burn
594,burundi
595,bury
596,bus
597,bus conductor
598,bus stand
599,bushes
600,business
601,busy
602,butter
603,butterfly
604,button down
605,button hole
606,button loop
607,button placket
608,buy
609,buyer
610,cabbage
611,caftan
612,cage
613,cajanus inducus
614,cake
615,calculation
616,calculator
617,calcutta
618,calendar
619,calendar year
620,call
621,call deposit
622,call money
623,calm
624,calorie
625,calorimeter
626,cam
627,cambodia
628,camel
629,camera
630,camouflage
631,can
632,canada
633,canara bank
634,cancel
635,cancer
636,candle
637,canteen
638,cap
639,capable
640,capacitor
641,capacity
642,capillary tube
643,capital
644,capital punishment
645,capsicum
646,car
647,carburetor
648,carcinoid tumor
649,card
650,careful
651,cargo  pocket
652,carnivorus fishes
653,carpenter
654,carpet
655,carrom
656,carrot
657,carry
658,carry on
659,cartidge
660,cartoon
661,cash
662,cash book
663,cash certificates
664,cash credit
665,cash credit key
666,cash receipt
667,cash remmitance
668,cashier
669,casio
670,cassette
671,cat
672,catalogue
673,cataract
674,catch
675,catch  stitch
676,category
677,cauliflower
678,cause of action
679,cave
680,cd
681,ceiling
682,celebrate
683,cell
684,celsius
685,cement
686,cement mortar
687,center
688,center  back
689,centigram
690,centimeter
691,centimetre
692,central processing unit
693,centre  front
694,centre of curvature
695,centrifugal
696,centripetal
697,century
698,cereal disease
699,cerebral palsy
700,certificate
701,cervical cancer
702,chain drive
703,chain reaction
704,chain surveying
705,chair
706,chalk
707,chamber
708,chamfering
709,chandigarh
710,change
711,change in state
712,change in temperature
713,change of venue
714,chapathi
715,chappels
716,chapter
717,charge
718,charge sheet
719,chart
720,chat
721,cheap
722,cheat
723,chef
724,chemical energy
725,chemistry
726,chennai
727,cheque
728,cheque crossed
729,cheque drop box
730,cheque endorsement
731,cheque gift
732,cheque mutilated
733,cheque postdated
734,cheque stale
735,cheque travellers
736,cherry
737,chess
738,chest
739,chesterfield  coat
740,chew
741,chhattisgarh
742,chicken mesh
743,chickenpox
744,chickoo
745,chickpea
746,chicks
747,chief
748,chief justice
749,chief minister
750,chikoo
751,child
752,child abuse
753,child prostitution
754,children
755,chile
756,chilli
757,chimney
758,china
759,chipping
760,chocolate
761,choking
762,cholera
763,christian
764,christianity
765,christmas
766,chronic illness
767,church
768,cif number
769,cinema
770,circle
771,circuit
772,circuit breaker
773,circular motion
774,circus
775,citrus vulgaris
776,city
777,civil engineering
778,cl
779,claim
780,clap
781,class room
782,classification
783,classification according to parts used for crop
784,classification based on season
785,classification based on the transplanting capacity
786,classification of fungus
787,classification of hedges
788,classification of poultry diseases
789,classification of poultry feeds
790,classification of shrubs
791,classification of vegetables
792,clauses
793,claw hammer
794,clean
795,clean bill
796,clear
797,clearing house
798,clerk
799,clever
800,client
801,climb
802,climb down
803,climb up
804,clinical thermometer
805,clock
806,clockwise
807,close
808,close friend
809,close relation
810,close up
811,cloth
812,clouds
813,cloudy
814,clown
815,club
816,clumsy
817,clutch lever
818,cng stone carving machine
819,co accused
820,coach
821,coal
822,coarse aggregate
823,coat
824,coat  dress
825,cobbler
826,coccidiosis
827,cochin
828,cock
829,cock erels
830,cockroach
831,coconut
832,coffee
833,coffee rust
834,coherent
835,cohesive
836,coimbatore
837,coin
838,cold
839,cold drink
840,college
841,colllsion
842,colombia
843,colour
844,colour filter
845,colour palette
846,coloured follage shrubs
847,column
848,comb
849,come
850,comfortable
851,commerce
852,commercial building
853,commercial vegetable gardening
854,committee
855,common
856,common cold
857,communicate
858,communication
859,community
860,compact disc
861,compaction
862,company
863,company joint stock
864,company partnership
865,company secretary
866,compare
867,compass
868,compass surveying
869,compate
870,competition
871,complain
872,complainant and complaint
873,complaint
874,complete
875,compositing
876,composition of milk
877,compound interest
878,compound microscope
879,compression
880,compromise
881,compulsory
882,computer
883,computerisation
884,computing
885,concave
886,concave lens
887,concave mirror
888,concealment of identity
889,concentrate
890,concept
891,concession
892,conciliation
893,conclude
894,concrete
895,concrete mixture
896,concurrent
897,condition
898,condom
899,conductor
900,cone
901,conference
902,confess
903,confession
904,confidence
905,confident
906,confidential report
907,confirm
908,confirmed member
909,confused
910,congratulations
911,connect
912,consent
913,conservation
914,constitutional rights
915,construction
916,construction contract
917,consultant
918,contest
919,continent
920,continue
921,contraction
922,contractual
923,control
924,conversion
925,convertible  collar
926,convex
927,convex lens
928,convex mirror
929,conveyance allowance
930,cook
931,cooker
932,coolie
933,cooling sheet
934,cooperate
935,coordinate
936,cop
937,copper
938,copper wire
939,copy
940,copy and paste
941,corel draw
942,corn
943,corporation bank
944,corresponding branch
945,corruption
946,cosmetics
947,costa rica
948,cotter ring
949,cough
950,counsel
951,count
952,counter
953,counter sinking
954,country
955,courier
956,court
957,court hall
958,cover
959,cow
960,cowl  sleeve
961,cpi
962,crawler loader
963,crayons
964,cream
965,crease
966,created
967,credit
968,credit purchase
969,credit sale
970,credit voucher
971,creeper
972,cremate
973,cricket
974,crime
975,crime scene
976,criminal court
977,criticize
978,croatia
979,crocodile
980,cropping tool
981,crops
982,cross
983,cross belt drive
984,crossing
985,crow
986,crow bar
987,crown
988,cry
989,cucumber
990,cuffs
991,culottes
992,cultivators
993,cummerband
994,cunning
995,cup
996,cupboard
997,curd
998,curds
999,cure
1000,curing
1001,currency chest
1002,current
1003,curry
1004,curtain
1005,curvature
1006,curved
1007,custard apple
1008,custody
1009,customer service
1010,cut
1011,cut  line
1012,cute
1013,cutlery
1014,cutout
1015,cycle
1016,cycling
1017,cylinder
1018,cyprus
1019,czech republic
1020,daily list
1021,dairy farm record
1022,dairy science
1023,daisychaining
1024,dam
1025,damp proofing material
1026,dangerous
1027,darts munger
1028,dasara
1029,dash
1030,date
1031,date of retirement
1032,daughter
1033,day
1034,day after
1035,day before
1036,day book
1037,days after tomorrow
1038,days before
1039,deadline
1040,deadly weapon
1041,deaf
1042,deafness
1043,deal
1044,death certificate
1045,death in service
1046,death row
1047,debate
1048,debit advice
1049,debit card
1050,debt
1051,debt doubtful
1052,debug
1053,decade
1054,deceased
1055,deceive
1056,december
1057,decide
1058,decimal
1059,declaration
1060,decline
1061,decrease
1062,deed of sale
1063,deep rooted
1064,deepika padukone
1065,deer
1066,default
1067,defend
1068,defraud
1069,degree
1070,dehradun
1071,delegate
1072,delegate west bengal
1073,delegation
1074,delete
1075,delhi
1076,delicious
1077,delivery
1078,demand
1079,demand draft
1080,demarcation west bengal
1081,demolishing
1082,dengue
1083,denmark
1084,denomination
1085,density
1086,department
1087,deploy
1088,deposit
1089,deposit safe custody
1090,deposit short
1091,deposit slip
1092,depreciation
1093,depth
1094,deputation
1095,deputy director
1096,dermatits
1097,descendant
1098,desert
1099,designer
1100,designing
1101,desktop cleanup wizard
1102,despatch
1103,destroy
1104,detective
1105,determined
1106,develop
1107,development
1108,developmental delay
1109,device setting
1110,devil
1111,dhobi
1112,dhothi
1113,diabeletes
1114,diabetes
1115,diabetic
1116,diaeases
1117,diagonal
1118,diarrhea
1119,dice
1120,dicoty ledoneae
1121,dictionary
1122,die
1123,diesel
1124,diet
1125,difference
1126,different
1127,differential rate of interest
1128,difficult
1129,diffraction
1130,dig
1131,digging bar
1132,digital electronics
1133,dim
1134,dinner
1135,diode
1136,direct
1137,direct appointment
1138,direct current
1139,direction
1140,director
1141,dirndl  skirt
1142,dirty
1143,disability
1144,disabled
1145,disappear
1146,disapproval
1147,disbursement
1148,disc brake master cylinder
1149,discharge
1150,discipline
1151,disconnect
1152,discount
1153,discover
1154,discretionary limit
1155,discuss
1156,disease
1157,disease control of plant
1158,diseases
1159,diseases and enemies of fish
1160,diseases of animals
1161,disguise
1162,dish
1163,dish antenna
1164,dishonoured bill
1165,dislike
1166,dismissal
1167,disobey
1168,disolution
1169,dispersion
1170,displacement
1171,disrespect
1172,dissent
1173,distance
1174,distance learning
1175,distribute
1176,distribution
1177,district
1178,district court
1179,district jail
1180,dithering
1181,divide
1182,dividend
1183,diving
1184,division
1185,divorce
1186,divorce petition
1187,divorcee
1188,diwali
1189,dizzy
1190,do
1191,doctor
1192,document
1193,documents
1194,documents of title
1195,doe
1196,dog
1197,doli in capax
1198,doll
1199,dollar
1200,dolly
1201,donald duck
1202,donkey
1203,door
1204,dosa
1205,double
1206,double click
1207,double entry
1208,doubt
1209,down
1210,download
1211,draft
1212,draftsmen
1213,drainage
1214,drama
1215,draughtsman
1216,draw
1217,drawer
1218,drawing
1219,dream
1220,dress
1221,drill bit
1222,drilling machine pedestal
1223,drink
1224,drip irrigation
1225,drive
1226,driver
1227,drizzle
1228,drop
1229,drop cap
1230,dropbox
1231,droplet
1232,dropped  armhole sleeve
1233,drown
1234,drug
1235,drug abuse and addiction
1236,drug addiction
1237,drug overdose
1238,drum
1239,drumstick
1240,drunk driving
1241,drunk driving law
1242,dry
1243,dry cell
1244,dubai
1245,duck
1246,duffle
1247,duplicate
1248,duranta spinosa
1249,duration
1250,durga
1251,during
1252,duronto express
1253,dussehra
1254,dust
1255,dustbin
1256,duster
1257,dvd
1258,dwarf
1259,dwarf ornamental hedges
1260,dysuria
1261,e office portal
1262,e-book
1263,e-mail
1264,each
1265,eagle
1266,ear
1267,earn
1268,earth
1269,earth rammer
1270,earthquake
1271,east
1272,easter
1273,easy
1274,eat
1275,echo
1276,eclipse
1277,economic
1278,economic importance of fish in india
1279,economics
1280,eczema
1281,edge
1282,edit
1283,education
1284,egg
1285,eggplant
1286,egypt
1287,eight
1288,eighteen
1289,el salvador
1290,elastic
1291,elbow
1292,elder brother
1293,election
1294,electric appliances
1295,electric bike
1296,electric bus
1297,electric car
1298,electric charge
1299,electric tester
1300,electrical burns
1301,electrical energy
1302,electrical engineering
1303,electrical leakage
1304,electrical service
1305,electrical tester
1306,electrician
1307,electricity
1308,electrode
1309,electrolyte
1310,electromagnet
1311,electromagnetic wave
1312,electron
1313,electronics
1314,elephant
1315,eletronegative force
1316,elevated plot
1317,elevation
1318,elevator
1319,eleven
1320,eliminate
1321,ellipse tool
1322,email
1323,embarrass
1324,embroidery
1325,embryonic development
1326,emergency
1327,emergency medical technician
1328,emoluments
1329,emphasize
1330,employment
1331,empowerment
1332,empty
1333,encashment
1334,enclosure
1335,encourage
1336,end use
1337,endorsement
1338,endure
1339,enemy
1340,energetic
1341,energy
1342,energy meter
1343,energymeter
1344,engagement
1345,engine
1346,engineer
1347,engineering compass
1348,engineering scale
1349,england
1350,english
1351,enjoy
1352,enough
1353,enquiry
1354,entertainment
1355,envelope
1356,environment
1357,environmental pollution
1358,epaulet
1359,epistaxis
1360,equal
1361,equation
1362,equator
1363,eraser
1364,erect
1365,ernission
1366,error of omission
1367,escape
1368,essay
1369,essel world
1370,establish
1371,establishment
1372,estimate
1373,ethics
1374,europe
1375,evening
1376,event
1377,every time
1378,everyday
1379,evil
1380,ewe
1381,exam
1382,examination
1383,examine
1384,example
1385,excavation
1386,exchange
1387,exchange foreign
1388,exchange positions
1389,excited
1390,exclude
1391,excuse
1392,excuse me
1393,exemption
1394,exercise
1395,exhaust pump
1396,exotic sheep
1397,expansion
1398,expenditure
1399,expensive
1400,experience
1401,experiment
1402,expert
1403,expertise
1404,expiry
1405,explain
1406,exporting graphics
1407,express
1408,express train
1409,extend
1410,extension counter
1411,extermal combustion engine
1412,external
1413,external parasite
1414,extinct
1415,extra
1416,extrahepatic
1417,eye
1418,eyebrow
1419,face
1420,face value
1421,facsimile signature
1422,factorisation
1423,factory
1424,fail
1425,faith
1426,fake
1427,fall
1428,false
1429,false flooring
1430,family
1431,family court
1432,family tree
1433,famous
1434,fan
1435,far
1436,fare
1437,farm
1438,farmer
1439,fast
1440,fast growing temporary hedges
1441,fast track court
1442,fat
1443,fat test of milk
1444,father
1445,father-in-law
1446,faucet aerator
1447,fax
1448,fear
1449,feather
1450,february
1451,feed
1452,feel
1453,festivals
1454,fever
1455,few
1456,field
1457,fight
1458,figure
1459,filament
1460,file
1461,fill
1462,film
1463,filter pump
1464,final
1465,final accounts
1466,finance
1467,financial year
1468,fine
1469,fingerprints
1470,fingers
1471,fingerspell
1472,finish
1473,fir
1474,fire
1475,first charge
1476,first coat
1477,first floor
1478,fish
1479,fish as a food of cattle
1480,fish as a human food
1481,fish food
1482,fisher man
1483,fishing for games
1484,fishing net
1485,fitted
1486,five
1487,five hundred
1488,fixed asset
1489,fixed deposit
1490,fixed rate
1491,flag
1492,flat
1493,flat belt
1494,flat gardens
1495,flatfoot
1496,flatulence
1497,flexible
1498,float
1499,floating plants
1500,flood
1501,floor
1502,flooring
1503,floppy
1504,floppy disk
1505,floppy drive
1506,floriculture
1507,flounce  hem
1508,flouresence
1509,flower
1510,flower for beautification
1511,flower for controlling soil erosion
1512,flower for exhibition
1513,flower for medical importance
1514,flower for recreation
1515,flowering hedges
1516,flowers for pot
1517,fluctuation
1518,fluid pressure
1519,flush door
1520,flute
1521,fluted  pleats
1522,fly
1523,focal length
1524,fog
1525,folder
1526,folio
1527,follow
1528,font weight
1529,food
1530,fool
1531,foolish
1532,foot
1533,foot body part
1534,footage
1535,football
1536,footpath
1537,force
1538,forehead
1539,foreign
1540,forest
1541,forever
1542,forged
1543,forget
1544,forgive
1545,fork
1546,form
1547,format
1548,former
1549,formula
1550,fornication
1551,fossll fueis
1552,foundation
1553,foundation organization
1554,four
1555,four cricket
1556,fourteen
1557,fox
1558,france
1559,frank
1560,fraud
1561,fray  edges
1562,free
1563,freexing
1564,freeze
1565,freezing
1566,frequency
1567,fresh
1568,frictional force
1569,friday
1570,friend
1571,frisbee
1572,froage crops
1573,frock
1574,frog
1575,from
1576,fruit disease
1577,fruits
1578,frustrate
1579,fry
1580,fryers
1581,full
1582,full frame
1583,full moon day
1584,full stomach
1585,fumiture
1586,fund
1587,funding
1588,funds
1589,funeral
1590,funeral cremation
1591,funeral pyre
1592,funnel  neck
1593,funny
1594,fuse
1595,future
1596,galaxy
1597,galvanometer
1598,games
1599,gamma ray
1600,ganapathi
1601,gandhinagar
1602,gang box
1603,gangtok
1604,garage
1605,garage door opener
1606,garden
1607,gardener
1608,garib rath express
1609,garlic
1610,gas
1611,gas equation
1612,gas lighter
1613,gas pipe
1614,gas stove
1615,gas tractor
1616,gate
1617,gazette
1618,general
1619,general ladger
1620,general secretary
1621,generator
1622,genius
1623,genuine
1624,geodetic survey
1625,geodetic surveying
1626,geography
1627,geometry
1628,georgia
1629,geothermal energy
1630,german measles rubella
1631,germany
1632,germination
1633,get
1634,get up
1635,geyser
1636,ghana
1637,ghee
1638,ghost
1639,gift
1640,giga byte
1641,ginger
1642,gionee
1643,giraffe
1644,girl
1645,girlfriend
1646,give
1647,glass
1648,glass block
1649,glass bod
1650,glass cutter
1651,glass stab
1652,globe
1653,gloves
1654,glue
1655,glue gun
1656,go
1657,go air
1658,goa
1659,goal
1660,goat
1661,god
1662,godet
1663,gold
1664,golden temple
1665,goldfish
1666,golf
1667,good
1668,good afternoon
1669,good morning
1670,good night
1671,goodbye
1672,goods
1673,goods retumed
1674,google chat
1675,google map
1676,google pay
1677,gossip
1678,government
1679,gprs
1680,graders
1681,graft
1682,grain
1683,gram
1684,grammar
1685,granddaughter
1686,grandfather
1687,grandmother
1688,grandson
1689,grapes
1690,graphics
1691,grass
1692,gravity
1693,greedy
1694,green
1695,green bean
1696,green hand
1697,grenade
1698,grey
1699,grill
1700,grind
1701,grommets
1702,ground water
1703,groundnut
1704,group
1705,grow
1706,growth
1707,grudge
1708,guard
1709,guava
1710,guess
1711,guide
1712,guilt
1713,guilty
1714,guinea
1715,guitar
1716,gujarat
1717,gujarati
1718,gulab jamun
1719,gun
1720,guru nanak
1721,gurudwara
1722,gurunanak jayanthi
1723,gutka
1724,guwahati
1725,habit
1726,hack saw blade
1727,hack saw frame
1728,hacksaw
1729,hail
1730,hair
1731,hair clip
1732,hair dryer
1733,hairdresser
1734,haji ali dargah
1735,half
1736,halter top
1737,halting allowance
1738,hammer
1739,hand
1740,hand rail
1741,hand sanitizer
1742,handcuffs
1743,handicapped
1744,handkerchief
1745,handle
1746,handpump water
1747,hands
1748,hang
1749,hanuman
1750,happen
1751,happy
1752,harass
1753,hard
1754,hard drive
1755,hard of hearing
1756,hardware
1757,hardworking
1758,hariyana
1759,harmonium
1760,harvest
1761,haryana
1762,hashtag
1763,hat
1764,hatchet
1765,hate
1766,have
1767,hawker
1768,hdfc  bank
1769,he
1770,head
1771,head of income
1772,head office
1773,head pan
1774,headache
1775,health
1776,hear
1777,hearing
1778,hearing aid
1779,hearsay
1780,heart
1781,heat
1782,heat engine
1783,heavier
1784,heavy
1785,heifer calf
1786,heir
1787,helicopter
1788,help
1789,hemophilia
1790,hen
1791,her
1792,here
1793,herniated intervertebral
1794,herpes
1795,herps virus
1796,hers
1797,herself
1798,hexadecimal
1799,hidden file
1800,hide
1801,high
1802,high court
1803,high resistance
1804,hill
1805,hill garden
1806,him
1807,himachal pradesh
1808,himself
1809,hindi
1810,hindu
1811,hindu undivided family
1812,hip
1813,hip hugger
1814,hippo
1815,hire charges
1816,hire purchase
1817,his
1818,history
1819,hoarding
1820,hockey
1821,hoe
1822,hold
1823,holder
1824,hole
1825,holi
1826,holiday
1827,hollow
1828,hollow blocks
1829,holy
1830,home
1831,home gardens
1832,homicide
1833,honey
1834,honorarium
1835,hook and eye
1836,hook worm disease
1837,hop
1838,hope
1839,horizontal
1840,horizontal line
1841,horizontal surface
1842,horns
1843,horse
1844,horse cart
1845,hospital
1846,hosticide
1847,hot
1848,hot air balloon
1849,hot to feel
1850,hotel
1851,hour
1852,hours
1853,house
1854,housefly
1855,housing
1856,housing loan
1857,how
1858,how big
1859,how many
1860,how much
1861,hsbc bank
1862,htc mobile
1863,html
1864,html tag
1865,huawei mobile
1866,hug
1867,huge
1868,humble
1869,humid
1870,humidity
1871,humped
1872,hundred
1873,hungary
1874,hungry
1875,hurdle race
1876,hurt
1877,husband
1878,hut
1879,hydathodes
1880,hyderabad
1881,hydraulic sprayer
1882,hydrautic brake
1883,hydrautic lift
1884,hydrautic press
1885,hydro electricity
1886,hydro energy
1887,hydrology
1888,hydropneumatic sprayer
1889,hygiene
1890,hypotension
1891,hypothecated
1892,hypoxia
1893,i
1894,i don't know
1895,i understand
1896,iball mobile
1897,ice cream
1898,ice hockey
1899,iceland
1900,icici bank
1901,idbi bank
1902,idd
1903,idea
1904,identical
1905,identification
1906,identity
1907,identity card
1908,idfc bank
1909,idle talk
1910,ifsc
1911,illegal
1912,illiterate
1913,immediate
1914,immiscibility
1915,immovable property
1916,implementation
1917,import
1918,important
1919,improve
1920,improvement
1921,impure
1922,in
1923,in advance
1924,in front of
1925,in lieu of
1926,in multiples of
1927,in the middle
1928,inactive
1929,inauguaration
1930,inauguration
1931,incentive
1932,inch
1933,incharge
1934,include
1935,income
1936,income tax
1937,incompetence
1938,increase
1939,indent
1940,independence day
1941,independent
1942,index
1943,india
1944,india gate
1945,indian national congress
1946,indian sign language interpreters association
1947,indian sign language research and training centre
1948,indian sign language teachers  association
1949,indicator
1950,indigo
1951,indira gandhi
1952,individual
1953,indonesia
1954,indoor gardening
1955,inductor
1956,industrial building
1957,industry
1958,inefficient
1959,inelastic
1960,infanticide
1961,infection
1962,infinity
1963,inflammatory bowel disease
1964,influence
1965,influenza flu
1966,informal
1967,information
1968,infrared ray
1969,infrasonic
1970,ingadulicis
1971,inheritance
1972,initial
1973,initials
1974,initiative
1975,injection
1976,injury
1977,inner shell membrane
1978,innovate
1979,input
1980,insect
1981,insects
1982,inspection
1983,inspire
1984,instagram
1985,installation
1986,instalment
1987,instigate
1988,institute
1989,institution
1990,instruction
1991,instrument
1992,instument
1993,insult
1994,insurance
1995,integrated chip
1996,intensity
1997,intensive
1998,inter branch transaction
1999,interest
2000,interest on savings account
2001,interfere
2002,interference
2003,interim
2004,intermal combustion engine
2005,intermediate
2006,internal
2007,international
2008,internet
2009,internet disconnection
2010,interpret
2011,interpreter
2012,interrogation
2013,interruption
2014,interval
2015,interview
2016,intestate
2017,introduce
2018,introduction
2019,invalid
2020,invent
2021,inverse
2022,inverter
2023,invite
2024,iphone
2025,iran
2026,iraq
2027,ireland
2028,iron
2029,irregular
2030,irregular vibration
2031,irreversible
2032,irrevocable
2033,isl
2034,island
2035,israel
2036,isreal
2037,it
2038,it's raining cats and dogs
2039,italy
2040,item
2041,its
2042,itself
2043,j k bank
2044,jabot
2045,jack plane
2046,jacket
2047,jackfrui
2048,jackfruit
2049,jagannath ratha yatra
2050,jail
2051,jailor
2052,jain
2053,jainism
2054,jaipur
2055,jal mahal
2056,jalebi
2057,jalpur
2058,jam
2059,jama masjid
2060,jamaica
2061,jammu & kashmir
2062,jams
2063,jamun
2064,janitor
2065,janmashtami
2066,jantar mantar
2067,january
2068,jasmine
2069,jasminum sambac
2070,jaundice
2071,javelin throw
2072,jawaharlal nehru
2073,jd u
2074,jealous
2075,jeep
2076,jellyfish
2077,jesus
2078,jet airways
2079,jew
2080,jewel neckline`
2081,jewelery
2082,jeweller
2083,jharkhand
2084,job
2085,job consciousness
2086,jodhpur pants
2087,join
2088,jointing
2089,joke
2090,jordan
2091,joule
2092,joumal
2093,joumal entry
2094,judaism
2095,judge
2096,judgement
2097,judicial
2098,juhu beach
2099,juice
2100,juliet sleeve
2101,july
2102,jump
2103,june
2104,junior
2105,jupiter
2106,justice
2107,kajal
2108,kaleidoscope
2109,kali mata
2110,kamataka
2111,kangaroo
2112,kangaroo pocket
2113,kannada
2114,kanpur
2115,kaposi sarcoma
2116,karate
2117,karnataka
2118,karnataka bank
2119,kathakali
2120,kazakhstan
2121,keep
2122,keeper
2123,kelvin
2124,kenya
2125,kerala
2126,kerning
2127,key
2128,keyboard
2129,keyhole
2130,keying
2131,kick
2132,kick out
2133,kidnap
2134,kidnapping & abducting
2135,kidney beans
2136,kidney cancer renal cell
2137,kidney disease
2138,kill
2139,kilogram
2140,kilometer
2141,kilometre
2142,kind
2143,kindhearted
2144,kinds of germination
2145,kinds of honey bee found in india
2146,kinetic energy
2147,king
2148,kiss
2149,kitchen
2150,kite
2151,knee
2152,knife
2153,knit
2154,knock
2155,know
2156,know your customer kyc form
2157,knowledge
2158,knowledge working
2159,knowledgeable
2160,known loss
2161,knurling
2162,kochi
2163,kohima
2164,kolkata calcutta
2165,konark sun temple
2166,korea
2167,kotak mahindra bank
2168,krishna
2169,kumbh mela
2170,kurta
2171,kuwait
2172,l square
2173,l.e.d
2174,label
2175,laboratary
2176,labour
2177,labourer
2178,lace edge binding
2179,lacing
2180,ladder
2181,laddu
2182,lady
2183,ladyfinger
2184,lake
2185,lame
2186,lamp
2187,land
2188,land acquisition
2189,land cess
2190,land holding
2191,land improvement reform
2192,land revenue
2193,landlord
2194,language
2195,lantana camera
2196,laos
2197,lapel
2198,lapse
2199,laptop
2200,large
2201,lassi
2202,last
2203,last month
2204,last pay certificate
2205,last week
2206,last year
2207,late
2208,lathe
2209,latitude
2210,laugh
2211,lauki
2212,law
2213,lawn
2214,lawyer
2215,lay off
2216,lay out
2217,layered skirt
2218,laying
2219,lazy
2220,lc
2221,ldli
2222,lead
2223,leader
2224,leaders
2225,leaf
2226,leaf spring
2227,leafy vegetables
2228,leak
2229,learn
2230,least count
2231,leather
2232,leave
2233,leave compensatory
2234,leave duty
2235,leave earned
2236,leave extraordinary
2237,leave medical
2238,leave preparatory to retirement
2239,leave study
2240,lebanon
2241,lecture
2242,lecturer
2243,ledger
2244,ledger balance
2245,left
2246,left demrocatic front
2247,left indent
2248,leg
2249,leg mutton sleeve
2250,legal
2251,legal advisor
2252,legal claim
2253,legalese
2254,legally protected
2255,legged robots
2256,lemon
2257,lend
2258,lenovo
2259,lens
2260,leprosy
2261,less
2262,letter
2263,letter of authority
2264,level
2265,level rate
2266,lfc
2267,lg mobile
2268,lgnore
2269,liberia
2270,librarian
2271,library
2272,libya
2273,lic
2274,licence
2275,license
2276,lick
2277,lie
2278,life
2279,life jacket
2280,lift
2281,light
2282,light fixture
2283,light year
2284,lighthouse
2285,lightning
2286,like
2287,like social media
2288,lime paste
2289,limit
2290,limitless
2291,line
2292,lines and pins
2293,link
2294,lion
2295,lips
2296,lipstick
2297,liquid
2298,liquid fuels
2299,liquidation
2300,liquor
2301,list
2302,listen
2303,litre
2304,little
2305,live
2306,livelihood
2307,lizard
2308,lnaugurate
2309,loan
2310,loan terminable
2311,local
2312,local train
2313,lock
2314,locker
2315,log off
2316,login
2317,lok janshakti party
2318,lollipop
2319,lonely
2320,long day plant
2321,long jump
2322,long term
2323,longitude
2324,longitudinal wave
2325,loose
2326,loose leaf binder
2327,lorry
2328,lose
2329,losses due to exessive water
2330,lotus
2331,loud speaker
2332,love
2333,love marriage
2334,low
2335,low lying area
2336,lower court
2337,lower division clerk
2338,lubrication oil
2339,luck
2340,lucknow
2341,lucky
2342,lumberjack
2343,lumpsum
2344,lunacy
2345,lunar eclipse
2346,lunch
2347,luster
2348,macau
2349,machine
2350,machine water pump
2351,machines
2352,madagascar
2353,madhya pradesh
2354,magic
2355,magician
2356,magnet
2357,magnetic ink character recognition
2358,magnetism
2359,magnification
2360,maha shivaratri
2361,maharashtra
2362,maharastra
2363,mahatma gandhi
2364,mahavir
2365,mahavir jayanthi
2366,mahavir jayanti
2367,mail
2368,mail transfer
2369,main
2370,main scale
2371,mainsworn
2372,maintenance allowance
2373,major
2374,majority
2375,make
2376,make a long story short
2377,malawi
2378,malayalam
2379,malaysia
2380,mali
2381,mall
2382,mallet
2383,man
2384,manage
2385,management
2386,manager
2387,mandatory
2388,mango
2389,manipur
2390,manjira
2391,manner
2392,manual of instruction
2393,manufacture
2394,manure
2395,map
2396,marathi
2397,march
2398,margin
2399,marigold
2400,mark
2401,market
2402,marketing of vegetables
2403,marking table
2404,marry
2405,marth
2406,maruti car
2407,mary
2408,masculine
2409,mason
2410,mason square
2411,masonry bit
2412,masquito
2413,mass
2414,mat
2415,match
2416,matchbox
2417,material
2418,maternal aunt
2419,mathematical
2420,mathematics
2421,maths
2422,mating method of poultry
2423,matrimonial home
2424,mature
2425,maturity
2426,mauritius
2427,maximum
2428,may
2429,maybe
2430,mazdoor
2431,me
2432,meager
2433,mean
2434,measles
2435,measure
2436,measurement
2437,measuring tape
2438,meat
2439,mechanic
2440,mechanics
2441,medal
2442,medicine
2443,mediocre
2444,meditate
2445,medium shrubs
2446,meet
2447,meeting
2448,meghalaya
2449,melt
2450,melting point
2451,memo
2452,memorize
2453,memory card
2454,memory unit
2455,menu
2456,merchant
2457,mercury
2458,merge
2459,merger
2460,merit and demerits
2461,message
2462,message video
2463,messages videos
2464,messenger
2465,metal
2466,meter
2467,method
2468,method of accounting
2469,methods of drainage
2470,metre
2471,metro
2472,mexico
2473,mho
2474,mi xiaomi
2475,micromax mobile
2476,microphone
2477,microwave
2478,middle
2479,might
2480,milad un nabi
2481,mild steel rod
2482,mile
2483,milk
2484,milk adultration
2485,milk bottle
2486,milk powder
2487,milkman
2488,milli litre
2489,milligram
2490,millilitre
2491,millimetre
2492,milling cutter angle
2493,milling cutter concave
2494,milling cutter convex
2495,millionaire
2496,milter hat
2497,milter stripes
2498,mime
2499,mineral matter
2500,minimize
2501,minimum
2502,minister
2503,ministry of social justice and empowerment
2504,minor
2505,minority
2506,minute
2507,minutes
2508,mirror
2509,misappropriation
2510,misbehaviour
2511,miss
2512,missing
2513,mistake
2514,misunderstand
2515,mitsubishi motors
2516,mix
2517,mixer
2518,mizoram
2519,mobile
2520,mobilisation deposit
2521,model
2522,modern
2523,modern roof
2524,modification
2525,mogra
2526,molecuiar motion
2527,molecule
2528,monday
2529,monetary
2530,money
2531,money order
2532,moneylender
2533,mongolia
2534,monitoring
2535,monkey
2536,monocotyledonae
2537,monsoon
2538,monster truck
2539,month
2540,monthly return
2541,monthly statement
2542,moon
2543,moral
2544,more
2545,morning
2546,mortgage
2547,mosque
2548,mosquito
2549,mother
2550,mother in law
2551,mother tongue
2552,motherboard
2553,motion
2554,motivate
2555,motor
2556,motorcycle
2557,motorcycle air filter
2558,motorola
2559,mountain
2560,mouse
2561,mouse click
2562,mouse pad
2563,mouth
2564,mouth organ
2565,mouth parts
2566,mouth spray
2567,mouthwash
2568,movable property
2569,move
2570,movement
2571,movie
2572,ms excel
2573,ms powerpoint
2574,ms windows
2575,ms word
2576,mtl
2577,mtnl
2578,mucosal disease
2579,mud
2580,muffler
2581,mug
2582,mugshot
2583,muharram
2584,muitimeter
2585,multi storey building
2586,multiple
2587,multiply
2588,mumbai
2589,mumps
2590,murder
2591,murraya exotica
2592,museum
2593,mushroom
2594,mushroom harvesting
2595,mushroom pleating
2596,mushroom production
2597,mushroom storage
2598,music
2599,musician
2600,muslim
2601,mute
2602,mutual agreement
2603,my
2604,my name is
2605,myanmar
2606,myself
2607,mysore
2608,mysuru
2609,nagaland
2610,nagpur
2611,nail
2612,nail cutter
2613,nail polish
2614,namaste
2615,name
2616,namibia
2617,nap fabrick
2618,nappy
2619,narrow
2620,national
2621,national anthem
2622,national association of the deaf
2623,national capital region
2624,nationalisation
2625,nationalist congress party
2626,natural
2627,natural gas
2628,natural gaurdian
2629,natural numbers
2630,nature
2631,ncp
2632,near
2633,nearby
2634,nearly
2635,neat
2636,necessary
2637,neck
2638,neck band
2639,necklace
2640,nect tie
2641,need
2642,needle
2643,negative
2644,negative error
2645,negligence
2646,negligent
2647,negligible
2648,negogiable instrumemts
2649,nehru collar
2650,neighbour
2651,nematode control
2652,nematology
2653,nepal
2654,nephew
2655,neptune
2656,nervous
2657,nest
2658,net profit
2659,netaji subhas chandra bose
2660,netflix
2661,netherlands
2662,network
2663,neutral
2664,neutron
2665,never
2666,new
2667,new delhi
2668,new moon day
2669,new zealand
2670,newly married
2671,newly weds
2672,news
2673,newspaper
2674,newsreader
2675,newton
2676,next
2677,next month
2678,next week
2679,next year
2680,nice
2681,nice to meet you
2682,niece
2683,niger
2684,nigeria
2685,night
2686,nine
2687,nineteen
2688,ninth
2689,no
2690,no due certificate
2691,noc
2692,noise
2693,noise pollution
2694,nokia mobile
2695,nominal value
2696,nominate
2697,nominee
2698,nomographer
2699,non
2700,non access
2701,non infectious disease
2702,non legal
2703,non payment
2704,non vegetarian
2705,none
2706,noon
2707,norfolk jacket
2708,north
2709,north america
2710,north korea
2711,north pole
2712,north-east
2713,norway
2714,nose
2715,nose stud
2716,not
2717,not negotiable
2718,notary public
2719,notch collar
2720,note
2721,note book
2722,notesheet
2723,nothing
2724,notice
2725,notice board
2726,notification
2727,notify
2728,noun
2729,november
2730,now
2731,nri
2732,nuclear energy
2733,nuclear reactor
2734,nucleus
2735,number system
2736,numerical control
2737,numerous
2738,numpad
2739,nuncupative will
2740,nurse
2741,nut
2742,nutrition
2743,oath
2744,obedience
2745,obey
2746,object
2747,objection
2748,obligate saprophyte
2749,observation
2750,occupation
2751,octal
2752,october
2753,octopus
2754,of
2755,off season
2756,off shore banking
2757,offence
2758,office
2759,office bearer
2760,office branch
2761,office hours
2762,officer
2763,officer in charge of jail
2764,official
2765,officiating
2766,offline editing
2767,often
2768,ogle from head to toe
2769,ohm
2770,oil
2771,okay
2772,old
2773,older sister
2774,olericulture
2775,olympics
2776,omission
2777,omit
2778,on
2779,on cloud nine
2780,on demand
2781,on probation
2782,on the basis of life cycle
2783,on the basis of major causal agents
2784,on the basis of propagation
2785,on the basis of use of pond
2786,once
2787,one
2788,one and a half hours
2789,one crore
2790,one lakh
2791,oneplus mobile
2792,onion
2793,online
2794,online banking
2795,online editing
2796,online shopping
2797,only
2798,ooty
2799,opaque
2800,open
2801,open belt drive
2802,open circuit
2803,open dated
2804,opening balance
2805,operate an account
2806,operation
2807,opinion
2808,oppo mobile
2809,opportunity
2810,opposite
2811,opposition
2812,optical character recognition
2813,optical fiber cable
2814,option
2815,opuntia
2816,orange
2817,orbit
2818,order
2819,order standing
2820,organization
2821,oriental bank of commerce
2822,original
2823,orissa
2824,oriya
2825,ornaments
2826,ornithology
2827,oscillation
2828,oscillator
2829,osclllatory motion
2830,osmosis
2831,ostrich
2832,our
2833,ourselves
2834,out
2835,out of print
2836,out of work
2837,outdated
2838,outdo
2839,outer shell
2840,output
2841,outside
2842,outstanding
2843,outstanding cheque
2844,outstanding report
2845,over
2846,over and over again
2847,over head projector
2848,over valuation
2849,over writing
2850,overall
2851,overcharge
2852,overdraft
2853,overdue
2854,overleaf
2855,overseas
2856,overtime allowance
2857,ovi viviparous
2858,oviparous
2859,owe
2860,owl
2861,own
2862,owner
2863,owner cultivated
2864,ox
2865,paan
2866,pacing
2867,packing credit
2868,page
2869,page layout
2870,paid up capital
2871,pain
2872,paint
2873,pair
2874,paise
2875,pakistan
2876,palazo pants
2877,palm tree
2878,pamphlet
2879,pan
2880,panaji
2881,panama
2882,panasonic mobile
2883,paneer
2884,panel door
2885,pani puri
2886,panic
2887,pant
2888,papaya
2889,paper
2890,paper clip
2891,pappad
2892,par - above
2893,par - at
2894,par - below
2895,parachute
2896,parade
2897,paragraph
2898,paraguay
2899,parallel
2900,parallel circuit
2901,paramedic
2902,parameter
2903,parapet
2904,paratha
2905,parcel
2906,parent
2907,parent branch
2908,parental
2909,parents
2910,parking
2911,parkinsonia aculeata
2912,parliament
2913,parricide
2914,parrot
2915,parsi
2916,part
2917,part time
2918,participation
2919,particular
2920,particulars
2921,partly paid
2922,partnership
2923,partnership deed
2924,parts
2925,party
2926,pass
2927,pass book
2928,pass to
2929,passbook bank
2930,passbook printing machine
2931,passing official
2932,passion
2933,passive debt
2934,password
2935,past
2936,paste
2937,pastry
2938,patience
2939,patna
2940,patriotic
2941,pause
2942,paw
2943,paws
2944,pay
2945,pay in installment
2946,payee
2947,paying slip
2948,paytm
2949,paytm payments bank
2950,pdp
2951,peacock
2952,peak
2953,peanut
2954,pear
2955,peas
2956,peep
2957,pen
2958,pen drive
2959,penal interest
2960,penality
2961,pencil
2962,pencil box
2963,pencil leg
2964,pendulum
2965,penguin
2966,pentode
2967,peon
2968,people
2969,pepper
2970,per pro
2971,percentage
2972,perfect
2973,perform
2974,peril
2975,period
2976,period time
2977,periods
2978,periscope
2979,permanent
2980,permission
2981,permit
2982,perpendicular
2983,person
2984,personal
2985,personality
2986,peru
2987,peter pan collar
2988,peteti
2989,petrol
2990,pf
2991,pharmacist
2992,phone
2993,photo
2994,photocopy
2995,photograph
2996,photographer
2997,photographic camera
2998,photographic plate
2999,photoperiodism
3000,photosynthesis
3001,photosynthesis process
3002,physical balance
3003,physical training
3004,physics
3005,piano
3006,pick
3007,pick axe
3008,pick stitch
3009,pickle
3010,pickpocket
3011,picture
3012,piece
3013,pig
3014,pigments
3015,pillow
3016,pilot
3017,pin
3018,pineapple
3019,pink
3020,pinking shears
3021,piping
3022,pisciculture
3023,pista
3024,piston
3025,pizza
3026,place
3027,plain cement concrete
3028,plan
3029,plane
3030,plane concave lens
3031,plane convex lens
3032,plane mirror
3033,planet
3034,plant
3035,plant physiology
3036,plant water relation
3037,plastering
3038,plastic
3039,plate
3040,play
3041,please
3042,pledge
3043,plenty
3044,plough
3045,plug
3046,plug point
3047,plum
3048,plumb bob and line
3049,plumber
3050,plumbing
3051,plunger
3052,pluto
3053,podium
3054,point
3055,points
3056,poision
3057,poison
3058,poland
3059,pole
3060,pole vault
3061,police
3062,police car
3063,police station
3064,policeman
3065,policy
3066,polish
3067,polisher
3068,polite
3069,politician
3070,politics
3071,pollution
3072,polo shrit
3073,polygon tool
3074,polygraph
3075,pomegranate
3076,pond
3077,pond on the basis of situation
3078,pongal
3079,poor
3080,popcorn
3081,ports tab
3082,portugal
3083,positive
3084,positive error
3085,possess
3086,possible
3087,post
3088,post card
3089,post dated
3090,post office
3091,posting
3092,postman
3093,postpone
3094,potato
3095,potential
3096,potential energy
3097,potentiality
3098,potentiometer
3099,potty
3100,poultry feeds
3101,poultry mash
3102,poultry production
3103,poultry science
3104,pour
3105,powder
3106,power
3107,power duster
3108,power hacksaw
3109,power sockets
3110,powerlines
3111,practice
3112,practise
3113,praise
3114,pram
3115,pray
3116,pre paid
3117,precaution
3118,predecessor
3119,predict
3120,prefer
3121,prejudice
3122,preliminary
3123,premature
3124,premises
3125,premium
3126,preposition
3127,prescribe
3128,prescription
3129,present
3130,president
3131,press
3132,pressure
3133,pressure cooker
3134,pressure foot
3135,pretend
3136,prevent
3137,preventive measures
3138,previous
3139,price
3140,priest
3141,primary
3142,prime location
3143,prime minister
3144,principal
3145,print
3146,printed circuit board
3147,printer
3148,priority
3149,prism
3150,private
3151,private gardens
3152,private secretaryps
3153,prize
3154,pro circle
3155,probing
3156,problem
3157,procedure
3158,proceeding
3159,process
3160,produce
3161,product
3162,profession
3163,professional
3164,professor
3165,profile levelling
3166,profit
3167,proforma
3168,program
3169,programme
3170,progress
3171,prohibit
3172,project
3173,projectile motion
3174,projector
3175,promise
3176,promisory note
3177,promote
3178,promotion
3179,prompt action
3180,pronoun
3181,proof
3182,propeller pump
3183,property
3184,property landed
3185,property public
3186,property tax
3187,proprietory
3188,prosecution
3189,prospectus
3190,protect
3191,protest
3192,proton
3193,proud
3194,prove
3195,provision
3196,psychology
3197,public
3198,public gardens
3199,publication
3200,publicity material
3201,publish
3202,puducherry
3203,puja
3204,pull
3205,pull someone's leg
3206,pullet
3207,pulley
3208,pump
3209,pumpkin
3210,punctual
3211,pune
3212,punish
3213,punishment
3214,punjab
3215,punjab national bank
3216,punjabi
3217,puppet
3218,puppet show
3219,purchase
3220,purchase retum
3221,pure
3222,puri
3223,purple flowered plants
3224,purpose
3225,push
3226,put
3227,put up
3228,puzzle
3229,pyjama
3230,pyramid
3231,python
3232,quadrupedal robot
3233,qualification
3234,qualification essential
3235,qualified
3236,quality
3237,quantity
3238,quarrel
3239,quarter
3240,queen
3241,query
3242,question
3243,questionnaire
3244,questions
3245,queue
3246,quick
3247,quickly
3248,quiet
3249,quit
3250,quota
3251,quotation
3252,quote
3253,quran
3254,rabbit
3255,rabindranath tagore
3256,race
3257,racism
3258,raddish
3259,radiation
3260,radio
3261,radio wave
3262,radish
3263,rafter
3264,raid
3265,rail road switch
3266,rail section
3267,railway hedges
3268,railway station
3269,railway track
3270,rain
3271,rainbow
3272,rainy season vegetables
3273,raipur
3274,raise
3275,rajasthan
3276,rajdhani train
3277,rally
3278,ram
3279,ram navami
3280,rama
3281,ramzan
3282,ranchi
3283,random
3284,random motion
3285,range
3286,rani of jhansi
3287,rank
3288,ranveer singh
3289,rapidly
3290,rare
3291,rarely
3292,rasgulla
3293,raster graphics
3294,rat
3295,rate
3296,rate concessional
3297,rate differential
3298,ratification
3299,ratio
3300,rationale
3301,re acceptable
3302,re employment
3303,re endorsed
3304,re examine
3305,re issue
3306,re pledge
3307,re sale
3308,reach
3309,reaction
3310,read
3311,ready
3312,real
3313,real estate agent
3314,real image
3315,reaper bainder
3316,reason
3317,reasonable notice
3318,rebate
3319,receipt
3320,receive
3321,receiver
3322,recent
3323,recently
3324,reception
3325,recharge
3326,recognise
3327,recognised
3328,recognize
3329,recommendation
3330,reconciliation
3331,reconsider
3332,record
3333,record video
3334,recover
3335,recruitment
3336,rectangle
3337,rectification
3338,rectifier
3339,recurring
3340,recurring deposit
3341,red
3342,red flowered plants
3343,red rot of sugarcane
3344,reduce
3345,refer to drawer
3346,refinance
3347,reflection
3348,reform
3349,refraction
3350,refractive index
3351,refresher course
3352,refrigerater
3353,refrigerator
3354,refund
3355,refusal
3356,region
3357,register
3358,registered
3359,registered letter
3360,registrar
3361,regret
3362,regular
3363,regular vibration
3364,regularisation
3365,regulation
3366,regulator
3367,rehabilitation
3368,reinforced cement concrete
3369,reject
3370,rejoinder
3371,relative
3372,relay race
3373,release
3374,reliance mobile
3375,relief
3376,religion
3377,remember
3378,remind
3379,reminder
3380,remittance
3381,remove
3382,renewal
3383,renovation
3384,rent
3385,repair
3386,repairer
3387,repay
3388,repeat
3389,reply
3390,report
3391,reporter
3392,reproduction
3393,republic day
3394,repulsive force
3395,repurchase
3396,request
3397,requirement
3398,requisite
3399,res
3400,research
3401,research farm
3402,researcher
3403,reservation
3404,reserve fund
3405,residence
3406,residential building
3407,resign
3408,resignation
3409,resistor
3410,resolution
3411,resolve
3412,resonance
3413,resources
3414,respect
3415,responsibility
3416,responsible
3417,rest
3418,restart
3419,restaurant
3420,restore
3421,restrained
3422,restricted
3423,result
3424,resume
3425,retail
3426,retain
3427,retention of moisture
3428,retire
3429,retum inward
3430,retum outward
3431,return
3432,revalidation
3433,revenue
3434,reverse
3435,reversible
3436,review
3437,revise
3438,revised
3439,revolution
3440,revolve
3441,revolving chair
3442,reward
3443,rf osciilator
3444,rhino
3445,rhinoceros
3446,rhinocerous
3447,rhythmic
3448,rice
3449,rich
3450,ride
3451,ridge board
3452,ridicule
3453,right
3454,right indent
3455,right now
3456,rigid
3457,rinderpest
3458,ring
3459,ring spanner
3460,riots
3461,rip out
3462,ripe
3463,risk
3464,river
3465,riverine
3466,rjd
3467,road
3468,road separator
3469,roam
3470,roar
3471,roasters
3472,rock
3473,rock climbing gujarat
3474,rock drill machine
3475,rock gardening
3476,rockery plants
3477,rocket
3478,rocking chair
3479,role
3480,roll
3481,rollerpaint
3482,rolls royce
3483,roof
3484,roof garden
3485,roof griders
3486,roofing tiles
3487,room
3488,rose
3489,rotate
3490,rotating tool
3491,rotational
3492,rotational motion
3493,roti
3494,rotten
3495,rough
3496,rough cut
3497,roughages
3498,round
3499,route
3500,routine
3501,row house
3502,rowdy
3503,royal enfield
3504,rubber
3505,rubber boots
3506,rubber stamp
3507,rude
3508,rule
3509,ruler
3510,rum
3511,run
3512,runner
3513,running account
3514,runs
3515,rupee
3516,rural development
3517,russia
3518,ruthless
3519,rwanda
3520,s.i unit
3521,sacrifice
3522,sad
3523,safe
3524,safe guard
3525,safety goggle
3526,safety helmet
3527,sai baba
3528,sailboat
3529,sailor
3530,sailor collar
3531,sailor pants
3532,saina nehwal
3533,salary
3534,sales retum
3535,salesman
3536,salman khan
3537,saloon
3538,salt
3539,salwar kameez
3540,salyx tetra sperma
3541,same
3542,samosa
3543,sample
3544,samsung
3545,samsung mobile
3546,san serif
3547,sanction
3548,sand
3549,sand paper
3550,sandwich
3551,sandwitch
3552,sanitary pad
3553,sanjay dutt
3554,saprophyte of plants
3555,saraswati
3556,sari
3557,sarong skirt
3558,sarvepalli radhakrishnan
3559,satellites
3560,satisfactory
3561,satisfied
3562,saturday
3563,sauce
3564,saudi arabia
3565,save
3566,saw
3567,sc
3568,scales of pay
3569,scalpel
3570,scan
3571,scared
3572,scent
3573,schedule
3574,schematic
3575,school
3576,school bag
3577,school bus
3578,school uniform
3579,science
3580,scientist
3581,scissors
3582,scold
3583,scooter
3584,scope
3585,score
3586,scorpion
3587,scotland
3588,scraping
3589,scratch
3590,scream
3591,screen
3592,screw driver
3593,screw guage
3594,scribe
3595,script
3596,sculptor
3597,sculpture
3598,sea
3599,seal
3600,seam allowance
3601,seam ripper
3602,seamline pocket
3603,search
3604,season
3605,seat
3606,second
3607,secondary
3608,secondary tillage
3609,seconds
3610,secret
3611,secretary
3612,section
3613,section  admin
3614,sector
3615,security
3616,security continuing
3617,security convertible
3618,security deposit
3619,security guard
3620,see
3621,see you tomorrow
3622,seed
3623,seizure
3624,select
3625,selection grade
3626,selective
3627,self
3628,self balancing
3629,self employed
3630,self explanatory
3631,self-reflect
3632,selfish
3633,sell
3634,semi aniline skin
3635,semi solid
3636,semi urban
3637,semicircle
3638,seminar
3639,send
3640,seniority
3641,sentence
3642,separate
3643,september
3644,sequential
3645,serial killer
3646,serial tv
3647,servant
3648,serve
3649,service
3650,sesbenia aegyptiaca
3651,set
3652,setting of cement
3653,settle
3654,seven
3655,seventeen
3656,seventh
3657,seventy
3658,sever
3659,severally
3660,sewing machine
3661,sex
3662,sexual reproduction
3663,seychelles
3664,shade
3665,shaft
3666,shake
3667,shallow
3668,shank button
3669,shape
3670,sharbat
3671,share
3672,share capital
3673,share equity
3674,share holder
3675,share market
3676,share preference
3677,shares redeemable
3678,shark
3679,sharp
3680,sharpener
3681,sharpening stone
3682,shatabdi express
3683,shave
3684,shaving blade
3685,shaving brush
3686,shaving razor
3687,shaving trimmer
3688,shawl
3689,she
3690,shearling
3691,shears
3692,sheep
3693,sheet charge
3694,shell top
3695,shield
3696,shift
3697,shillong
3698,shimla
3699,shine
3700,ship
3701,shipment
3702,shipping freight
3703,shipping order
3704,shirt
3705,shiv sena
3706,shiva
3707,shock
3708,shocked
3709,shoe
3710,shoes
3711,shoot
3712,shooting
3713,shop
3714,shopkeeper
3715,short
3716,short term
3717,shortage
3718,should
3719,shoulder
3720,shoulder pads
3721,show
3722,show cause
3723,shower
3724,shrubs
3725,shutdown
3726,shy
3727,si
3728,sibling
3729,sick
3730,sick unit
3731,side
3732,side mirror
3733,sight bill
3734,sightseeing
3735,sign
3736,sign language
3737,signal
3738,signatory
3739,signature
3740,sikh
3741,sikhism
3742,sikkim
3743,silk
3744,silver
3745,sim card
3746,similar
3747,simple  microscope
3748,simultaneous
3749,since
3750,sing
3751,singapore
3752,singer
3753,single entry
3754,single owner
3755,sink
3756,sister
3757,sit
3758,sitar
3759,site
3760,situation
3761,six
3762,six monthly
3763,sixteen
3764,sixty
3765,size
3766,size of seed
3767,skating
3768,skiing
3769,skilled labour
3770,skin
3771,skip
3772,skirt
3773,sky
3774,slap
3775,sleep
3776,sleepwalker
3777,sleeve band
3778,sleeve board
3779,slim
3780,sling bag
3781,slip
3782,slippers
3783,slope
3784,sloped roof
3785,slovakia
3786,slow
3787,slow passenger train
3788,slower
3789,sly
3790,small
3791,small coin depot
3792,small enterprise
3793,small farmer
3794,small pox
3795,small savings scheme
3796,smallpox
3797,smart
3798,smell
3799,smile
3800,smog
3801,smoke
3802,smooth
3803,sms notification
3804,snail
3805,snake
3806,snakes
3807,snip
3808,snow
3809,soap
3810,sob
3811,social
3812,social society
3813,society
3814,society co
3815,society marketing
3816,socket
3817,socks
3818,sofa
3819,soft
3820,software developer
3821,soil
3822,soil borne disease
3823,soil physics
3824,soil survey
3825,soiled note
3826,solar eclipse
3827,solar energy
3828,solar system
3829,soldering flux
3830,soldering iron
3831,soldering lead
3832,soldier
3833,solicitor
3834,solid
3835,solld fueis
3836,solo
3837,solve
3838,some
3839,something
3840,sometimes
3841,son
3842,sony mobile
3843,soon
3844,sorry
3845,sotar
3846,soul
3847,sound
3848,soup
3849,source
3850,south
3851,south africa
3852,south america
3853,south indian bank
3854,south korea
3855,south poie
3856,south pole
3857,southern hemisphere
3858,sow
3859,sp
3860,space
3861,spain
3862,spanner
3863,sparrow
3864,spastic
3865,speak
3866,special
3867,specialist
3868,specific
3869,specimen
3870,specimen signature
3871,speclfic heat
3872,spectacles
3873,spectrometer
3874,spectrum
3875,speech
3876,speech therapist
3877,speed
3878,spend
3879,spendthrift
3880,sperm
3881,sphere
3882,spherical mirror
3883,spherical structure
3884,spice jet
3885,spider
3886,spill
3887,spilt
3888,spiral
3889,split
3890,split pulley
3891,spoil
3892,spoken
3893,spoon
3894,sports
3895,spot
3896,spot and forward
3897,spot exchange
3898,spot price
3899,spring
3900,spring washer
3901,spur
3902,square
3903,squeeze
3904,squirrel
3905,squrriel
3906,sri lanka
3907,st
3908,stabilisation
3909,staff
3910,stage
3911,stags
3912,stair tread
3913,stairs
3914,stamp
3915,stand
3916,standard
3917,standardization
3918,stapler
3919,stapoo
3920,star
3921,stare
3922,starfish
3923,stars
3924,start
3925,startle
3926,starve
3927,state
3928,state bank of india
3929,statement
3930,statement of account
3931,statement of liquidation
3932,states
3933,static electricity
3934,stationary work
3935,stationery
3936,statistics
3937,statlonary wave
3938,stay
3939,std
3940,steady current
3941,steam tractor
3942,stearn engine
3943,steel
3944,steel rack
3945,steering wheel
3946,stepdown transformer
3947,stepup transformer
3948,stick
3949,still
3950,stingy
3951,stink
3952,stir
3953,stir up
3954,stitch
3955,stock
3956,stock book
3957,stock chart
3958,stock closing
3959,stock in hand
3960,stock opening
3961,stomach
3962,stone
3963,stone masonry
3964,stop
3965,stop gap
3966,storage
3967,store
3968,storey skyscraper
3969,storm
3970,story
3971,stove
3972,straight
3973,straight forward
3974,strain
3975,strange
3976,streaming
3977,strength
3978,stress
3979,stressed
3980,stretch
3981,strict
3982,strike
3983,strong
3984,strong room
3985,stubborn
3986,stuck
3987,student
3988,study
3989,stumps
3990,stupid
3991,style
3992,sub directory
3993,sub division
3994,sub head
3995,sub lease
3996,subdivision
3997,subhas chandra bose
3998,subject matter
3999,submerged weeds
4000,submersible pump
4001,submission
4002,subordinate
4003,subscription
4004,subsidy
4005,subtract
4006,subway
4007,success
4008,succession
4009,sudan
4010,sudden
4011,sue
4012,suffer
4013,sufficient
4014,sugar
4015,sugarcane
4016,suggest
4017,sum
4018,summary
4019,summer
4020,summon
4021,summons
4022,sun
4023,sunday
4024,sundry
4025,sundry creditors
4026,sundry debtors
4027,sunflower
4028,sunlight
4029,sunny
4030,sunrise
4031,sunset
4032,super
4033,super computer
4034,superfast express
4035,superficial
4036,superman
4037,superposltion
4038,supersession
4039,superstition
4040,supervise
4041,supervision
4042,supervisor
4043,supplementary
4044,supply
4045,support
4046,suppress
4047,supreme court
4048,surat
4049,surcharge
4050,surface erosion
4051,surface runoff
4052,surface water
4053,surgeon
4054,surname
4055,surprise
4056,surprised
4057,surrender
4058,surrounding
4059,survey
4060,survivorship
4061,suspect
4062,suspend
4063,suspend payment
4064,suzuki car
4065,swallow
4066,swap
4067,swaziland
4068,swear
4069,sweat
4070,sweater
4071,sweden
4072,sweep
4073,sweet
4074,sweet lime
4075,sweetlime
4076,sweets
4077,swift
4078,swim
4079,swimming
4080,swine farming
4081,swing
4082,switch
4083,switch box
4084,switzerland
4085,symbol
4086,sympathy
4087,symptoms of nematode diseases of plants
4088,syndication
4089,syria
4090,system
4091,system of feeding poultry
4092,systemic disease
4093,tabala
4094,tabernaemontana coronaria
4095,table
4096,table tennis
4097,tablet
4098,tagetus
4099,tail
4100,tailer
4101,tailor
4102,taiwan
4103,taj hotel
4104,taj mahal
4105,take
4106,take a bath
4107,take a photo
4108,take home pay
4109,take hours at something
4110,take over
4111,talk
4112,tall
4113,tall ornamental hedges
4114,tall protective hedges
4115,tall shrubs
4116,tally
4117,taluk
4118,tamarix gallica
4119,tamil
4120,tamil nadu
4121,tanzania
4122,tap
4123,tape
4124,target
4125,tariff
4126,task force
4127,task wage
4128,taste
4129,tata car
4130,tata mobile
4131,tattoo
4132,tax
4133,tax exemption
4134,tax profession
4135,tax property
4136,taxable
4137,taxi
4138,tea
4139,teach
4140,teacher
4141,team
4142,tear sheet
4143,tease
4144,teaser bull
4145,technician
4146,technoiogy
4147,technology
4148,tecoma stans
4149,teeth
4150,telangana
4151,telegram
4152,telephone
4153,telescope
4154,television
4155,tell
4156,teller
4157,telugu
4158,temperate fruits
4159,temperature
4160,temple
4161,temporary
4162,ten
4163,ten thousand
4164,tenancy
4165,tender
4166,tennis
4167,tension
4168,term of office
4169,term technical
4170,terminate
4171,terms of service
4172,terrace
4173,territorial
4174,terrorist
4175,test
4176,testament
4177,testify
4178,thailand
4179,thank you
4180,that
4181,thatched roof
4182,theatre
4183,their
4184,theirs
4185,them
4186,themselves
4187,then
4188,therapist
4189,there
4190,thermal
4191,thermal energy
4192,thermometer
4193,thermostat
4194,these
4195,thevetia neriefolia
4196,they
4197,thick
4198,thief
4199,thigh
4200,thin
4201,things
4202,think
4203,third
4204,third party
4205,thirsty
4206,thirteen
4207,thirty
4208,thiruvananthapuram
4209,this
4210,thorn
4211,those
4212,thousand
4213,thread
4214,thread gauge
4215,threading
4216,three
4217,three days after
4218,three days before
4219,thrice
4220,thriff
4221,throat
4222,throat plate
4223,through
4224,throw
4225,thumb impression
4226,thumb lunula
4227,thunder
4228,thursday
4229,ticket
4230,ticket checker
4231,tie
4232,tiffin
4233,tiffin box
4234,tiger
4235,tight
4236,tight money  market
4237,tight tracking
4238,tiles cutter
4239,tiller
4240,tilts
4241,time
4242,time bound
4243,time limit
4244,time table
4245,timid
4246,tinda
4247,tipped tool
4248,tired
4249,title
4250,title bar
4251,tldal energy
4252,to
4253,to consumers
4254,to retailers
4255,toast
4256,toaster
4257,today
4258,toenail
4259,toes
4260,toffee
4261,together
4262,toggle button
4263,toilet
4264,tolerate
4265,tom and jerry
4266,tomato
4267,tomorrow
4268,tongs
4269,tongue
4270,tonic
4271,tonight
4272,tool
4273,tool belt
4274,tool box
4275,tooth
4276,toothbrush
4277,toothpaste
4278,toothpick
4279,top
4280,top management
4281,topic
4282,torch
4283,tornado
4284,tortoise
4285,total
4286,total energy
4287,touch
4288,touchscreen
4289,tour
4290,towards
4291,towel
4292,town
4293,toy
4294,toyota
4295,track
4296,track ball
4297,tractive work
4298,tractor
4299,trade
4300,trade discount
4301,trader
4302,traditional
4303,traffic
4304,traffic lights
4305,train
4306,training
4307,transaction
4308,transcription
4309,transfer
4310,transfer fee
4311,transformation of energy
4312,transformer
4313,transgender
4314,transistor
4315,translate
4316,translation of motion
4317,translator
4318,transparent
4319,transport
4320,transverse wave
4321,travel
4322,treasury
4323,tree
4324,tri square
4325,triangle
4326,tribal
4327,tribunal
4328,triode
4329,trip
4330,triple
4331,tripura
4332,trivendrum
4333,trophy
4334,trouble
4335,troughs
4336,truck
4337,true
4338,true copy
4339,trunk
4340,trust
4341,trust deed
4342,trustee
4343,trustworthiness
4344,try
4345,tube well
4346,tubelight
4347,tuberculosis
4348,tuesday
4349,tug of war haryana
4350,tulip sleeve
4351,tum over
4352,tunic
4353,tuning fork
4354,tunisia
4355,turkey
4356,turn
4357,turnout
4358,tusks
4359,tvs bike
4360,twelve
4361,twenty
4362,twenty one
4363,twin
4364,twins
4365,twitter
4366,two
4367,two days after
4368,two days before
4369,two thousand
4370,types of farm planning
4371,types of vegetable gardening
4372,types of water garden
4373,typist
4374,typographical error
4375,tyre
4376,u neck
4377,uco bank
4378,uganda
4379,ugly
4380,uitrasonic
4381,uitraviolet ray
4382,ukraine
4383,ultraviolet ray glass
4384,umaid bhawan palace
4385,umbrella
4386,umpire
4387,unanimous
4388,unauthorised
4389,unavoidable
4390,unbalance
4391,uncalled
4392,uncertainity
4393,unclaimed
4394,uncle
4395,uncomfortable
4396,unconditional
4397,uncovered
4398,under
4399,under consideration
4400,under developed
4401,under mentioned
4402,under review
4403,under stitch
4404,under subscribed
4405,under the weather
4406,under valuation
4407,underground symptoms
4408,underhand
4409,understand
4410,undertaking
4411,underwriter
4412,unearned
4413,unemployed
4414,unemployment
4415,unencumbered
4416,unfair dismissal
4417,unfit
4418,uniform
4419,uniform motion
4420,union
4421,union bank of india
4422,unit
4423,unite
4424,united arab emirates
4425,united kingdom
4426,united nations
4427,united nations convention on the rights of persons with disabilities uncrpd
4428,united states of america
4429,universe
4430,university
4431,unix
4432,unlawful
4433,unlimited
4434,unlucky
4435,unofficial
4436,unpaid
4437,unregistered
4438,until
4439,up
4440,upper age limit
4441,upper division clerk
4442,upset
4443,upward
4444,uranus
4445,urdu
4446,urgent
4447,uruguay
4448,us
4449,utility of mushroom
4450,uttar pradesh
4451,uttarakhand
4452,uzbekistan
4453,v neck
4454,vacancy
4455,vacation
4456,vaccum
4457,vada
4458,vadodara
4459,vaishno devi
4460,valid
4461,valley
4462,valuable consideration
4463,value
4464,value scale
4465,van
4466,vapour
4467,varanasi
4468,variable
4469,varieties of mushroom
4470,variety
4471,vault
4472,vault safe deposit
4473,vector graphics
4474,vegetable preservation
4475,vegetables
4476,vegetarian
4477,vehicle
4478,vehicles
4479,velcro
4480,velocity
4481,vendee
4482,vendor
4483,venezuela
4484,vent
4485,venus
4486,verb
4487,verdict
4488,verification
4489,vernier caliper
4490,versus
4491,vertical
4492,vertical scroll bar
4493,very
4494,very hot
4495,very wealthy person
4496,vessel
4497,veteran
4498,veterinarian
4499,vibrant image
4500,vibration
4501,vice president
4502,victory
4503,vide
4504,video
4505,video call
4506,video camera
4507,video card
4508,video cassette recorder
4509,video relay service
4510,videographer
4511,vietnam
4512,view
4513,vigilance
4514,vijaya bank
4515,village
4516,violet
4517,violin
4518,viral diseases animals
4519,virat kohli
4520,virtual image
4521,virus
4522,visa
4523,vishnu
4524,visible ray
4525,vision
4526,visit
4527,visitor
4528,visual
4529,visual aid
4530,vital
4531,vivekananda rock memorial
4532,vocabulary
4533,vocation
4534,vodafone
4535,vodka
4536,voice
4537,voit
4538,volcano
4539,volkswagen
4540,volley ball
4541,volleyball
4542,voltmeter
4543,volume
4544,voluntarily
4545,vomit
4546,vote
4547,voucher
4548,wage
4549,waist
4550,wait
4551,waiting list
4552,waiting room
4553,waive
4554,wake
4555,wales
4556,walk
4557,wall
4558,wall garden
4559,wallet
4560,want
4561,war
4562,warehouse
4563,warm
4564,warn
4565,warning
4566,wash
4567,washbasin
4568,washerman
4569,washing machine
4570,washroom
4571,wastage
4572,waste
4573,watch
4574,water
4575,water bottle
4576,water erosion
4577,water filter
4578,water lifting equipments
4579,water logged hedges
4580,water motor
4581,water pipe
4582,water pollution
4583,water pump
4584,waterfall
4585,watermelon
4586,watt
4587,wattmeter
4588,wave
4589,wave length
4590,waveform
4591,wavegraph
4592,wavemotion
4593,waves
4594,wavy hair
4595,wax
4596,waxing
4597,way
4598,ways
4599,we
4600,weak
4601,wealth
4602,wealthy
4603,weapon
4604,wear
4605,weather
4606,weave
4607,weaver
4608,web camera
4609,website
4610,wedding
4611,wedding reception
4612,wedge
4613,wednesday
4614,weeds near to pond margin
4615,week
4616,weekly
4617,weekly return
4618,weigh
4619,weight
4620,weightlifting
4621,weird
4622,welcome
4623,welder
4624,welding hand screen
4625,well
4626,west
4627,west bengal
4628,west indies
4629,wet
4630,whale
4631,what
4632,what happened
4633,what is your name
4634,what time
4635,whatever
4636,whatsapp
4637,wheat
4638,wheat rust
4639,wheeled robots
4640,when
4641,where
4642,which
4643,while
4644,whistle
4645,white
4646,white collar job
4647,whiteboard
4648,who
4649,wholesale
4650,wholesale merchants
4651,whose
4652,why
4653,wicket
4654,wicketkeeper
4655,wide
4656,wife
4657,wifi
4658,wikipedia
4659,wild swine
4660,will
4661,win
4662,wind
4663,wind borne disease
4664,wind energy
4665,wind erosion
4666,winding up
4667,window
4668,window dressing
4669,window garden
4670,wine
4671,winner
4672,winter
4673,wipe
4674,wire man
4675,wire stripper
4676,wiring
4677,wise
4678,wish
4679,with
4680,withdraw money from bank
4681,withdrawal slip
4682,withhold
4683,without
4684,without prejudice
4685,witness
4686,wolf
4687,woman
4688,women jail
4689,wood
4690,wood plane
4691,woodpecker
4692,wool
4693,word
4694,word pad
4695,words and figures
4696,work
4697,working capital
4698,working hours
4699,workshop
4700,world
4701,world association of sign language interpreters
4702,world federation of the deaf
4703,world federation of the deaf youth section
4704,worry
4705,worth
4706,wound
4707,woven
4708,wrench
4709,wrestling
4710,writ
4711,write
4712,writer
4713,written down value
4714,wrong
4715,x ray
4716,x-ray
4717,xbox
4718,xylophone
4719,yahoo
4720,yak
4721,yamaha bike
4722,yardstick
4723,year
4724,year book
4725,year calender
4726,year financial
4727,year of harvest
4728,year to year
4729,year under report
4730,yearly
4731,yellow
4732,yellow flowered plants
4733,yes
4734,yesterday
4735,yoga
4736,yoke
4737,yolk
4738,you
4739,young
4740,younger
4741,younger brother
4742,younger sister
4743,your
4744,yourself
4745,youth
4746,youth association of the deaf india
4747,youtube
4748,zambia
4749,zebra
4750,zebra crossing
4751,zero
4752,zero correction
4753,zero error
4754,zigzag
4755,zimbabwe
4756,zinc sheet
4757,zip
4758,zipper
4759,zipper foot
4760,zonal
4761,zone
4762,zoo
4763,zoom
